product_name,start_range,end_range
Oris Aquis Date,20750,29590
Rare Ziegler Mahal Carpet Edwardian Era,6130,16180
Original Theodolite Surveying Instrument,2280,3430
Period Hot Wheels Redline Collection 19th Century,2860,4590
Tavern Sign Iron Bracket 18th Century,6900,15030
Larry Bird Game Worn Sneakers c.1970,14770,42480
Monumental 17th Century World Map Edwardian Era,3720,11110
Provenance Japanese Samurai Sword Katana,8510,18010
Oversized Hydrographic Chart Coastal Federal Period From Private Collection,2970,6960
Grand Norman Rockwell Saturday Evening Post,3340,7400
Grand Kutani Porcelain Plate Museum Deaccessioned,2440,4490
Fine Pave Diamond Bangle c.1920,21920,56970
Certified Blenko Hand Blown Decanter c.1780,8090,18680
Pristine Chronometer Marine Deck Mid-Century,5610,12490
Exhibited Lewis & Clark Expedition Map c.1880 Museum Deaccessioned,1480,3590
Period Biedermeier Secretaire,640,1180
Unique Bakhtiari Garden Design Rug Good Condition,7000,13700
Hank Aaron Home Run Ball,14450,21960
Provenance Wurlitzer Electric Piano,15080,51130
Federal Period Console,11150,25000
Delicate Louis Vuitton Trunk Antique c.1860,7470,10460
Haida Argillite Carving c.1900 With Certificate,830,1400
Exhibited Gouache Street Scene Regency Period,44100,104780
Unmatched Limoges Enamel Box Collection c.1930,160,330
Estate Chinese Scholar's Rock 18th Century Excellent Condition,21520,33570
Unique Henri Cartier-Bresson Gelatin Print Early 20th Century As Found,870,2300
Early WWII Aviator Leather Jacket 18th Century,4520,9480
Delicate Castrol Oil Can Collection Edwardian Era,1880,5000
Museum Quality Tempera on Panel Edwardian Era,73380,150000
Certified Whale Oil Lamp Antique c.1920 Museum Deaccessioned,4470,13380
Magnificent LEGO Castle Set Vintage Art Deco Period Recently Conserved,4680,13170
Museum Quality Filigree Silver Brooch,20940,70810
Rare Brass Samovar Russian With Certificate,2710,4500
Quilt Log Cabin Pattern Late Victorian,4030,5320
Bentley Flying B Mascot,950,2850
Certified Serena Williams Match Racket Modernist Period,9730,21700
Premier Spanish Doubloon Georgian Period,41440,88320
McIntosh MC275 Amplifier Arts & Crafts Era Good Condition,5950,15880
Krug Collection 1988 Good Condition,4460,12440
Superb Hair Art Memorial Wreath Late Victorian,6430,17230
Original Geological Survey Map Victorian Recently Conserved,2550,6220
Ludwig Vistalite Drum Kit Federal Period,9970,27960
Vintage Penny Black 1840 c.1860 Excellent Condition,17690,37660
Original Marble Bust c.1800,14170,43590
Aviation Chart WWII Pacific c.1800,3520,8270
Restored Sardonyx Intaglio Ring With Provenance,11510,27310
Signed Fraktur Pennsylvania German c.1780 Museum Deaccessioned,550,1020
Napoleonic Era Cavalry Saber c.1780,9600,19290
Historic Brass Telescope Victorian 18th Century Recently Conserved,5780,15000
Stumpwork Embroidery Panel,790,2130
Estate Polo Mallet Collection,930,2330
Restored Topaz Chandelier Earrings Late Victorian As Found,15750,37260
Authentic Donegal Arts Crafts Carpet c.1920,8240,26620
Choice Night Clock Oil Lamp Italian,3320,6450
Grand Sextant Ebony Frame,120,270
Important Gilt Bronze Candelabra Pair Post-War As Found,11300,25000
Spain Classic Period Collection Post-War,11990,22740
Fine Mercury Dime Full Bands Mid-Century,30920,74350
Vintage Val Saint Lambert Vase 19th Century As Found,5150,17000
Hank Aaron Home Run Ball Arts & Crafts Era,13300,29770
Notable Hamilton Khaki Field,56120,120000
Outstanding Regency Silver Sauce Boat Late Victorian,4050,5720
Unique Georgian Silver Tea Set Modernist Period With Certificate,2450,8280
Antique Geological Survey Map Victorian c.1970,5990,12000
Estate Whittled Walking Cane,2700,3600
Select Indian Head Gold Eagle Good Condition,21050,49620
Game Bird Print Set Framed c.1910,5080,12000
Premier Chronometer Deck Watch Naval c.1860,13960,46480
Bracket Clock Georgian Ebony Mid-Century,3570,10640
Matched Shakespeare First Folio Page c.1940,12650,28100
Exquisite Kinetic Metal Sculpture Early 20th Century,3830,6060
Scarce Vintage Pucci Silk Dress c.1910,2620,9130
Provenance Jade Bangle Bracelet,34140,75000
Early Dalmore 50 Year Single Malt,8790,25000
Carved Oak Church Pew,870,1140
Colonial City Plan Paris 1750,2600,8150
Carriage Clock Brass Repeating c.1820,6550,18000
Ship Figurehead Carved Art Nouveau Period Recently Conserved,8240,18000
Early Navajo Chief's Blanket c.1880,810,1140
Signed Civil War Officer's Sword,6120,17290
Remarkable Waterford Crystal Decanter Set,620,1590
Georgian Tallboy Chest,9370,25000
Ornate Louis Vuitton Trunk Antique Belle Epoque,5370,7330
Game Bird Print Set Framed Art Deco Period,5560,7540
Matched Shooting Stick Silver Collar c.1880,1870,3660
Delicate Reclaimed Church Doors Oak,3120,9030
Attributed Auto Racing Trophy 1960s Late Victorian,2090,4750
Remarkable Realist Portrait Post-War,14340,19240
Distinguished Ancient Map Folio,20050,50000
Documented Byzantine Gold Solidus,17000,36410
Grand Abstract Expressionist Work c.1930 Good Condition,17920,50170
Rare Longcase Grandfather Clock Georgian Period,5730,10520
Miniature 1990 Screaming Eagle Cabernet,1420,4180
Notable Theorem Painting on Velvet c.1860,8640,18000
Unmatched Standing Liberty Quarter Excellent Condition,15400,46460
Mobil Pegasus Neon Sign,2290,4450
Choice Silver Trophy Cup Engraved c.1960,1580,2380
Original AA Badge Chrome Collection Unrestored,840,2060
Notable UN First Issues Collection c.1840 With Provenance,20110,50000
Moonstone Cocktail Ring Art Nouveau Period,21510,60250
Comtoise Clock French Provincial Late Victorian,6450,14270
Victorian Silver Candelabra,8900,20000
Published Chinese Scholar's Rock Art Nouveau Period,24440,48630
Derek Jeter Game Bat Art Deco Period,24120,48190
Bottega Veneta Clutch Early 20th Century,12750,35000
Magnificent Louis XIII Cognac Baccarat Decanter c.1910 Excellent Condition,380,1120
Choice Woodstock Festival Poster c.1900,1780,6070
Estate Perfin Stamp Collection,18490,50000
Unmatched Babe Ruth Signed Baseball,21850,48760
Monumental Handel Reverse Painted Lamp Good Condition,1740,2620
Delicate Emily Dickinson Manuscript c.1780 With Provenance,11410,34480
Monumental Hamada Shoji Tea Bowl Empire Period,14870,19360
Soapstone Animal Carving c.1910 With Certificate,16760,34360
Ornate Terracotta Statuette,34770,80000
Unique Antique Brass Car Horn Excellent Condition,1270,3060
Antique Balloon Clock Edwardian Georgian Period,5440,9710
Monumental Theremin RCA Original,13180,24280
Authentic Retro Ruby Bracelet,320,470
Queen Anne Highboy,8720,17400
Fine Civil War Letters Collection,14180,19760
Historic Edwardian Silver Card Case,8130,20000
Authentic William Eggleston Color Print c.1820 From Private Collection,3090,6840
Fine Tiffany Wisteria Table Lamp,6130,18940
Boer War Medal Group Post-War Unrestored,9470,20000
Exceptional Edwardian Silver Card Case Edwardian Era From Private Collection,4790,15110
Matched Regulator Dial Wristwatch,26130,54780
Glass Blown Sculpture Estate Fresh,7880,17250
Fijian War Club Carved With Provenance,5350,9380
Museum Quality Post-Impressionist Cityscape c.1930,22240,43430
Matched Antique Fishing Reel Collection Federal Period Excellent Condition,260,380
Provincial Labradorite Pendant Empire Period,7690,14510
Exhibited Emilio Pucci Palazzo Pants,8540,28150
Provenance Chinese Jade Bi Disc Federal Period Unrestored,12120,26730
Outstanding Chartreuse VEP Green Federal Period,10800,25000
Ming Dynasty Blue White Vase c.1910,7300,18990
Shaker Rocking Chair,10060,17740
Pristine Chinese Snuff Bottle Jade Modernist Period Recently Conserved,12490,22920
Error Stamp Collection,530,890
Matched Rickenbacker 360 Electric Guitar c.1840 Museum Deaccessioned,8250,23970
Rare WWI Trench Art Vase c.1920 From Private Collection,5790,10700
Notable Cabbage Patch Kids Original c.1840,6410,15000
Restored Surveyor's Transit Brass,6630,15000
Attributed Tudor Black Bay,52200,72190
Remarkable Desert Storm Challenge Coin Set,8570,20000
Choice Rickenbacker 360 Electric Guitar c.1970,4280,7650
Antique Audemars Piguet Royal Oak Belle Epoque,480,1260
Signed Reclaimed Church Doors Oak Regency Period Recently Conserved,1690,4250
Period Super Bowl I Program Art Deco Period,5700,18610
Early Vintage Dashboard Clock Jaeger Georgian Period From Private Collection,1480,4880
Published Art Deco Figurative Painting Late Victorian,45620,92790
Antique AA Badge Chrome Collection,270,350
Jumping Hour Watch Art Deco Belle Epoque,53400,120000
Miniature Zuni Fetish Carving Collection c.1920 As Found,10850,24170
Premier Louis Vuitton Trunk Antique,1690,3130
Select Chinese Cash Coin Collection c.1820,20980,48650
Reclaimed Stained Glass Window Federal Period Excellent Condition,7230,11550
Sanborn Fire Insurance Map c.1940 Unrestored,4420,12000
Early Wheel Barometer Rosewood Arts & Crafts Era,3700,12840
Certified Ansel Adams Yosemite Print Art Nouveau Period Museum Deaccessioned,2630,5870
Restored Aston Martin Wings Badge,2400,5000
Attributed Babe Ruth Signed Baseball Estate Fresh,2570,5910
Exceptional Lalique Crystal Bacchantes Vase,3150,4700
Delicate Kneehole Desk Georgian c.1940 Good Condition,3750,10740
Oversized Mdina Glass Paperweight c.1880,530,790
Civil War Officer's Sword,6090,16920
Authentic Faberge Style Egg Edwardian Era,690,1270
Oscar Wilde Signed Letter Art Nouveau Period As Found,7280,20640
Early Vintage Tube Amplifier Empire Period,1740,2990
Documented Regency Silver Sauce Boat,2200,7250
Exceptional Lafite Rothschild 1959 Empire Period Estate Fresh,11980,25000
Miniature Nintendo Entertainment System Boxed c.1900 Museum Deaccessioned,1610,2780
Grand Carved Oak Church Pew Recently Conserved,8120,18720
Faberge Style Egg c.1960,1890,2930
Sony Walkman TPS-L2 Original Art Nouveau Period With Certificate,2200,6550
Premier Zulu War Assegai Spear,2980,8190
Newcomb College Vase c.1940,10430,25840
Baccarat Crystal Wine Glasses Empire Period With Certificate,12310,25000
Edward Weston Pepper Print,3560,6700
Playmobil First Series Set Belle Epoque Good Condition,6130,15000
Unmatched Cuckoo Clock Black Forest c.1940 Recently Conserved,6900,18000
Nurses Watch Enamel Dial Modernist Period,43340,120000
Klipschorn Speaker Pair With Provenance,6420,21810
Fresco Fragment,13440,28710
Important Game Bird Print Set Framed c.1900,3760,8680
Hawaiian Missionaries Stamp Regency Period Excellent Condition,18050,50000
Provincial Playmobil First Series Set,590,1580
Distinguished Depression Glass Collection,1280,3650
Choice Haida Argillite Carving c.1860,13050,40000
Thai Bronze Buddha Seated c.1800,5790,13930
WWII German Binoculars Federal Period,9220,20000
Early Level Spirit Brass Surveyor,1860,3190
Monumental Gilded Rococo Console Table,11390,23150
Provincial Meissen Porcelain Figurine,4960,14560
Stone Lion Garden Statue Pair Early 20th Century,5900,12740
Auto Racing Trophy 1960s c.1940 From Private Collection,1840,3200
Period Victorian Gas Wall Sconce Pair c.1940,1330,3390
Faberge Style Egg c.1900,6220,10980
Notable Shooting Stick Silver Collar c.1840,1260,3730
Delicate Cassandre Normandie Poster,3770,8040
Delicate Paul Revere Silver Bowl Federal Period,9140,13120
Choice Pan Am Airlines Poster 1960s,3700,11140
Babe Ruth Signed Baseball,16660,31450
Exquisite Lead Garden Cistern Georgian Post-War,6330,15000
Remarkable Codex Fragment Medieval Late Victorian As Found,11210,27290
Published Fijian War Club Carved,3450,7330
Yoruba Ibeji Twin Figure c.1960,1560,4450
Distinguished Edwardian Silver Card Case,3950,10480
Provenance Mercedes Benz Star Emblem Vintage,510,970
Attributed Sundial Bronze Armillary,5680,15000
Miniature Taxidermy Pheasant Display c.1820,4560,12000
Distinguished Sterling Silver Cigar Box,4550,7530
Wheel Barometer Rosewood,7610,18000
Exhibited Helmut Newton Fashion Print,6050,20770
Berenice Abbott Manhattan Print c.1940,460,910
Lee Friedlander Street Print Edwardian Era,2840,6880
Authentic Bing Clockwork Boat c.1960,4340,13010
Historic Spanish American War Poster 19th Century,5830,8700
Colonial Vintage Port Taylor's 1963,6320,18150
Vintage Purdey Side by Side Shotgun c.1780 Museum Deaccessioned,500,1160
Exhibited Chinese Cash Coin Collection c.1950,39390,52170
Victorian Chaise Lounge Excellent Condition,4950,10980
Cast Iron Garden Sculpture,37090,80000
Estate Wimbledon Championship Trophy Replica Edwardian Era Excellent Condition,7100,16720
Fine Imogen Cunningham Magnolia Print Museum Deaccessioned,5890,11960
Exhibited Trade Dollar Proof Good Condition,10670,14570
Unique Cold War Era Spy Camera,3210,7130
Kosta Boda Art Glass Bowl Georgian Period,1780,5260
Aston Martin Wings Badge Early 20th Century Recently Conserved,620,2040
Superb Copper Patina Sculpture c.1900,28720,77620
Period Depression Glass Collection,11290,21340
Superb Vintage Dashboard Clock Jaeger c.1880,1640,3010
Delicate Russian Niello Silver Box,250,580
Tibetan Thangka Painting,9900,26790
Moonstone Cocktail Ring As Found,11710,20410
Grand Muhammad Ali Fight Poster c.1880,11930,31130
Colonial Rushlight Holder Iron c.1820,8330,13280
Beatrix Potter First Edition,240,820
Original Antique Wrought Iron Chandelier With Certificate,4790,13420
Late Thai Bronze Buddha Seated,8720,27280
Ornate Quilt Log Cabin Pattern Recently Conserved,2910,7510
Antique Zither Concert Model Antique,7780,11490
Notable Victorian Cast Iron Gate c.1930,2960,5340
Unique Japanese Meiji Bronze Vase Estate Fresh,19000,45030
Fine Oscar Wilde Signed Letter c.1780,14990,31800
Exquisite Greek Tetradrachm Georgian Period Museum Deaccessioned,13540,39790
Provenance Teddy Ruxpin Working c.1970,890,2840
Boucheron Gold Cuff Art Nouveau Period Museum Deaccessioned,22130,52600
Venini Glass Pendant Light,9300,20000
Important Art Deco Figurative Painting,15100,20920
Scarce Sepik River Ancestor Figure,14260,30950
Schiaparelli Shocking Pink Hat Late Victorian,2930,6290
Select Bidjar Iron Rug c.1910,510,1640
Choice Herend Figurine Hand Painted,10990,14850
Magnificent Chateau Margaux 1990,2530,6960
Papua New Guinea Spirit Mask Art Deco Period From Private Collection,3950,13090
Colonial Sterling Silver Cigar Box Edwardian Era,5500,13670
Early Wax Fruit Under Glass Dome,5440,16350
Premier Hawaiian Missionaries Stamp c.1950,7980,24860
Period Concertina Wheatstone English,18990,49600
Published Transformers G1 Optimus Prime c.1860 Unrestored,7330,15000
Signed Sea Chart Dutch Golden Age Estate Fresh,2970,5720
Cheval Blanc 1947 Late Victorian,180,270
Choice Aboriginal Dot Painting Canvas c.1970,14790,25140
Exhibited Vintage Croquet Set Complete Unrestored,390,990
Provincial Regency Silver Sauce Boat,7390,14590
Moonstone Cocktail Ring,34680,75000
Gibson Les Paul Standard 1959 c.1880,29120,60000
Rare Jade Bangle Bracelet,5400,18320
African Bronze Benin Head,13820,40000
Estate Double Eagle $20 Gold Coin Mid-Century Recently Conserved,29260,72910
Restored Silhouette Portrait Collection 19th Century Unrestored,5870,17800
Original Porsche Enamel Dealer Sign Arts & Crafts Era From Private Collection,310,730
Unique Vintage Croquet Set Complete 19th Century,1020,2700
Original Agatha Christie Signed First Edition Edwardian Era,1970,4530
Exhibited Georgian Silver Candlestick Pair Federal Period,620,1160
Inverted Jenny Stamp,14910,22390
Historic Shaker Rocking Chair Federal Period,4650,7990
Pristine Buffalo Nickel Proof Arts & Crafts Era,20500,45330
Early Marantz 2270 Receiver Arts & Crafts Era Estate Fresh,4830,15090
Signed Haida Argillite Carving c.1960,15620,24610
Citizen Chronomaster c.1930,54470,117190
Select Ziegler Mahal Carpet c.1820,6890,10100
Miniature Haida Argillite Carving Late Victorian,6420,21710
Remarkable Glass Blown Sculpture,25250,80000
Attributed Castrol Oil Can Collection Modernist Period,2240,5000
Whirligig Carved Sailor Modernist Period As Found,1830,4000
Scarce Antique Celestial Globe,5960,12000
Select Georgian Silver Tea Set c.1900 With Certificate,5590,13780
Remarkable Shakespeare First Folio Page From Private Collection,14230,27400
Original Finial Cast Iron Roof Arts & Crafts Era,5700,9160
Museum Quality 1990 Screaming Eagle Cabernet,5560,15230
Published Resin Cast Figure,23540,44600
Premier Sheffield Plate Epergne,7110,20000
Jesse Owens Olympic Photo Signed,16260,50000
Authentic Girandole Mirror Candelabra 19th Century Museum Deaccessioned,8380,20000
Treasure Map Replica Framed c.1880,80,150
Betty Lamp Iron Colonial,9740,13860
Exhibited Tiger Woods Tournament Putter c.1930,1720,3920
Exceptional Apothecary Scale Marble Base c.1840 With Certificate,1790,5530
Unmatched Armillary Sphere Desktop,3280,10970
Late Slide Rule Collection From Private Collection,9040,17760
Magnificent Royal Doulton Character Jug Excellent Condition,2590,3980
Choice Cape of Good Hope Triangular 19th Century Excellent Condition,24690,50000
Reclaimed Barn Door Mid-Century,1170,2570
Original Ferrari Owners Manual Georgian Period,530,1210
Unique UN First Issues Collection Empire Period,5220,8470
Grand Zither Concert Model Antique c.1880,23970,41930
Museum Quality Cuckoo Clock Black Forest Excellent Condition,2850,5970
Social Realist Mural Study Modernist Period Good Condition,5770,13770
Premier Vernis Martin Vitrine Display Case Edwardian Era,11260,25000
Nepalese Bronze Deity Figure,26280,47460
Klipschorn Speaker Pair,10750,29370
Exquisite Vintage Neon Beer Sign c.1860,7870,21610
Authentic Aboriginal Boomerang Carved c.1970 From Private Collection,6970,15780
Certified Indian Mughal Miniature Painting,6900,11500
Irving Penn Still Life Print c.1800,11700,20100
Continental Soviet Constructivist Propaganda Poster c.1950,1290,2140
Premier Revolutionary War Musket,7240,12980
Authentic Annie Leibovitz Portrait Arts & Crafts Era Recently Conserved,12590,30000
Vintage Penny Bank Mechanical c.1950 From Private Collection,6100,17440
Choice WPA Federal Art Project Poster Arts & Crafts Era From Private Collection,3750,12000
Scarce Klipschorn Speaker Pair,6180,19600
Monumental Stone Abstract Form Early 20th Century Museum Deaccessioned,21210,67630
Continental Bing Clockwork Boat Early 20th Century,5970,11260
Museum Quality Steiff Teddy Bear 1905,3960,6100
Atari Jaguar Console Sealed,600,1140
Antique Brass Door Hardware Set Good Condition,2410,5170
Art Deco Beaded Flapper Dress,10360,19210
Provincial Cast Iron Garden Sculpture Regency Period,22750,63780
Late Kinetic Metal Sculpture Art Deco Period,24610,69560
Chinoiserie Lacquer Screen Good Condition,10610,15590
Wheel Barometer Rosewood c.1970 Good Condition,1480,3050
Pristine Yves Saint Laurent Le Smoking Jacket Federal Period With Certificate,2300,6360
Treasure Map Replica Framed c.1920,4570,12000
Late Hofner 500/1 Bass Guitar,26200,60000
Outstanding Antique Darts Board,4600,12000
Antique Regency Silver Sauce Boat Edwardian Era Recently Conserved,8580,20000
Provenance Herend Figurine Hand Painted Unrestored,19740,40000
Compass Surveyor's Brass Arts & Crafts Era Unrestored,1510,2660
Antique Norman Rockwell Saturday Evening Post,750,1300
Remarkable Derek Jeter Game Bat Museum Deaccessioned,6930,16010
Original Purdey Side by Side Shotgun With Certificate,5790,12000
Rhodes Mark I Stage Piano Mid-Century,2870,7480
Ornate Sundial Pocket Brass c.1970,7070,9550
Peridot Stud Earrings,24570,55630
Notable British Redcoat Uniform Button Collection,4980,8110
Early Maxfield Parrish Print Framed Georgian Period Estate Fresh,4400,9500
Estate Psychedelic Rock Concert Poster,1010,2610
Fine Vintage Ray-Ban Aviators Excellent Condition,4640,9680
Persian Miniature Manuscript Page From Private Collection,20090,50000
Estate Jade Carving Unrestored,36810,67370
Authentic Oris Aquis Date c.1940,50780,120000
Published Sterling Silver Cigar Box c.1780,190,530
James Joyce Ulysses 1st Ed c.1910 As Found,15680,50000
Scarce Art Deco Wristwatch c.1950,28350,85440
Authentic Industrial Factory Pendant Recently Conserved,6740,8960
Butler's Tray Table,11470,25000
Monumental Buccellati Silver Bowl,8280,17870
Super Bowl I Program c.1970,11450,39070
Provincial Regency Dining Table c.1930 Estate Fresh,7940,13160
Tiffany Diamond Solitaire,7430,24850
Monumental Resin Cast Figure,5510,10520
Unique Trestle Refectory Table c.1930,6760,19060
Carved Ivory Netsuke,30370,49030
Original Social Realist Mural Study c.1960,49040,128610
Original Treasure Map Replica Framed Belle Epoque,3760,7580
Original Watercolor Mountain View Georgian Period,37380,116270
Reclaimed Church Doors Oak c.1860,1260,3120
Ornate Astrolabe Reproduction Mid-Century,2120,4780
Dorothea Lange Migrant Mother Print c.1820 Good Condition,2720,4100
Exceptional Limoges Enamel Box Collection c.1910,2530,4190
Certified Auto Racing Trophy 1960s c.1910 With Certificate,1000,1310
Late Steinway Model B Grand Piano,28060,49310
Original Dom Perignon 1996,11350,25000
Provincial Sweden Treskilling Yellow Art Nouveau Period,7440,21910
Exceptional Loetz Iridescent Art Glass Vase c.1800,3550,6380
Premier Pediment Fragment Stone c.1940,2910,6250
Select Lucie Rie Stoneware Bowl c.1910,3890,7280
Qashqai Tribal Bag With Provenance,1810,5660
Ornate Proof Silver Eagle Set,31070,42080
Silk Route Trade Map Reproduction 18th Century,4350,6560
Fine Grain Painted Blanket Chest,8070,12170
Exceptional Circus Poster Barnum Bailey c.1970,3130,4940
Continental Nurses Watch Enamel Dial c.1970 Excellent Condition,43870,120000
Exceptional Banjo Clock American Federal With Provenance,990,2270
Premier Post-Impressionist Cityscape c.1880,10390,34180
Tlingit Chilkat Blanket Post-War,4740,11260
Published China Red Revenue Stamp,14770,45540
Raku Tea Ceremony Bowl Unrestored,15640,40000
China Red Revenue Stamp Early 20th Century Estate Fresh,16200,43620
Ornate Krug Collection 1988,2580,7290
Surrealist Dreamscape c.1880,61250,150000
Dunhill Leather Briefcase 19th Century,16340,35000
Historic Indian Head Gold Eagle Estate Fresh,45280,100000
Choice Moog Minimoog Synthesizer,27270,60000
Certified Hewlett Packard HP-35 Calculator c.1930,14510,30000
Period Civil War Letters Collection Late Victorian,22210,50000
Distinguished Ship's Bell Clock Chelsea Modernist Period,2050,4680
Early Jaguar Leaper Hood Ornament,2290,5000
Civil War Officer's Sword With Provenance,1840,4610
Banjo 5-String Prewar Gibson From Private Collection,13020,21810
Miniature Hair Art Memorial Wreath,1290,4270
Choice Silver Trophy Cup Engraved Arts & Crafts Era,4170,7960
Outstanding Carved Stone Gargoyle c.1860,5020,11510
Sarouk Fereghan Rug,14000,21940
Certified Globe Celestial Miniature,7000,15000
Scarce Original Ferrari Owners Manual,1360,4700
Pristine Japanese Samurai Sword Katana,19280,27550
First Day Cover Collection Late Victorian Unrestored,18760,30630
Ornate Alfred Stieglitz Equivalent Print c.1960,11900,21280
Cold War Era Spy Camera Excellent Condition,8540,15220
Diego Maradona Signed Shirt c.1930,1740,5940
Estate Campaign Officer's Chest Arts & Crafts Era,6940,16240
Published A. Lange & Sohne Saxonia Unrestored,32590,103420
Period Bach Stradivarius Trumpet Federal Period Recently Conserved,14770,51660
Campaign Officer's Chest c.1930,10980,19410
Antique Moorcroft Pomegranate Vase Unrestored,6170,19400
Signed Aboriginal Boomerang Carved Georgian Period,15950,40000
Armillary Sphere Desktop Art Deco Period,3290,9730
Late Butter Mold Carved Eagle Museum Deaccessioned,3650,6000
Period Thorens TD-124 Turntable c.1840,14110,30000
Outstanding Hank Aaron Home Run Ball c.1970,4670,12410
Exceptional Mercury Barometer Stick Type Early 20th Century,1760,4020
Important Steuben Crystal Eagle Excellent Condition,5980,10830
Sea Chart Dutch Golden Age c.1820 As Found,1820,2620
Inuit Soapstone Carving c.1900,11170,21120
Original Native American Kachina Doll,13650,22910
Saint Louis Crystal Goblet Set With Provenance,12220,25000
Select Irish Silver Sugar Bowl Federal Period,6120,17690
Early Ortelius Theatrum Orbis Page,860,2720
Estate Falconry Hood Leather Antique Good Condition,5350,12000
Restored Whirligig Carved Sailor With Certificate,220,510
Provenance Cassandre Normandie Poster Mid-Century,5760,12000
Provincial Antique Fishing Reel Collection c.1800 Museum Deaccessioned,2060,3860
Museum Quality Rickenbacker 360 Electric Guitar Late Victorian,11810,25280
Attributed Porsche Enamel Dealer Sign,170,390
Signed Mercury Dime Full Bands Regency Period,44770,73330
Colonial Scrimshaw Whale Tooth,6620,8640
Admiralty Chart British Navy Art Deco Period,3190,5800
Scarce Hawaiian Missionaries Stamp,7240,20530
Continental Weller Sicard Vase c.1950,14250,40000
Premier Alabaster Torso Late Victorian,19380,36220
Quezal Art Glass Shade,6040,14920
Scarce Buccellati Silver Bowl c.1970,6690,13220
Celtic Harp Hand Carved,8980,17720
Attributed Alabaster Torso c.1910,22120,71160
Outstanding Shell Art Valentine Box Federal Period,180,400
Historic Falklands War Memorabilia Group,9200,20000
Estate Cigar Store Indian Figure Empire Period Good Condition,8380,18000
Pristine Pillar Clock Biedermeier c.1820 Excellent Condition,4500,8180
Exceptional Candelabrum Bronze Empire Unrestored,8860,18630
Murano Glass Chandelier 12 Arm c.1880,5310,12480
Scarce Jackie Robinson Dodgers Cap Belle Epoque,20120,45070
Dinky Toys Collection Boxed Unrestored,3150,7110
Notable Postal History Cover Collection Post-War Excellent Condition,2700,7510
Monumental Planimeter Measuring Instrument c.1800 With Provenance,2180,2920
Kafka Metamorphosis 1st Ed,13780,34230
Exceptional Decoy Shorebird Carved Art Nouveau Period,4810,14510
Exceptional Bronze Figurine,20200,56850
Superb Sega Genesis Console Boxed Belle Epoque Good Condition,6090,15000
Estate Penfolds Grange 1971 Art Deco Period Museum Deaccessioned,5460,17730
Ornate Geological Survey Map Victorian Art Deco Period With Certificate,3610,10820
Miniature Admiralty Chart British Navy Estate Fresh,4010,11420
Hermes Kelly Bag c.1940,3720,6370
Delicate Painted Fireboard Scene c.1860 Excellent Condition,2990,5990
Exhibited Pan Am Airlines Poster 1960s Empire Period,2140,6790
Aubusson Tapestry Panel,6390,15260
Webb Cameo Glass Vase Georgian Period,3780,6040
Exquisite Ceramic Raku Sculpture c.1780,25900,66980
Exhibited Japanese Ukiyo-e Woodblock Print Art Deco Period Excellent Condition,90,170
Sporting Gun Cabinet Oak,5600,12000
Pristine Chinese Chippendale Mirror Post-War,7420,14920
Remarkable Babe Ruth Signed Baseball With Certificate,17420,40220
Miniature Realist Portrait Post-War,55510,119460
Oversized Purdey Side by Side Shotgun Belle Epoque Estate Fresh,830,1290
Superb WPA Federal Art Project Poster Regency Period,2160,7100
Restored Bidjar Iron Rug Art Nouveau Period Museum Deaccessioned,11190,25590
Attributed Gilt Bronze Candelabra Pair,1530,4880
Restored McIntosh MC275 Amplifier,5800,19820
Fairy Lamp Clarke's Patent Belle Epoque,7680,20000
Exceptional Found Object Assemblage,7430,12600
Indian Head Gold Eagle c.1860 Museum Deaccessioned,42920,100000
Grand Art Deco Travel Poster Paris Art Nouveau Period,4820,12000
Rare Art Nouveau Bronze Table Lamp Arts & Crafts Era Recently Conserved,9530,14420
Pristine Auto Racing Trophy 1960s Late Victorian,1680,2780
Donegal Arts Crafts Carpet c.1900,1760,3020
Rare Bobby Orr Signed Stick Late Victorian From Private Collection,15440,28910
Premier Carousel Horse Carved Wood Estate Fresh,5900,10300
Tin Robot Battery Operated Empire Period,3740,10320
Bessarabian Floral Kilim Museum Deaccessioned,5420,14580
Authentic Derek Jeter Game Bat c.1930,13650,29110
Exceptional Surveyor's Transit Brass c.1780 Unrestored,4200,11240
Confederate States Collection,11750,35690
Cabochon Emerald Brooch Belle Epoque,33200,67300
Delicate Planimeter Measuring Instrument c.1950,3570,11140
Miniature Macintosh 128K Original Art Nouveau Period,12790,20820
Abstract Expressionist Work,18490,53990
Continental Fairy Lamp Clarke's Patent,5120,11320
Givenchy Audrey Hepburn Dress c.1860,3400,10670
Sheraton Card Table c.1970,5510,10830
Korean War Dog Tags c.1880,2040,6780
Unique Decoy Shorebird Carved,7790,18000
Jaeger-LeCoultre Reverso,29240,89990
Bouillotte Lamp Brass French,8360,12240
Premier Mercury Dime Full Bands Art Deco Period Museum Deaccessioned,60,100
Vintage Candelabrum Bronze Empire c.1780 With Provenance,8510,20000
Matched Irish Silver Sugar Bowl,5360,16450
Ornate Partner's Desk Leather Top c.1960,7500,13960
India Scinde Dawk Mid-Century Museum Deaccessioned,6310,15250
Ship Figurehead Carved,2880,3990
Meissen Porcelain Figurine c.1950,6760,13190
Colonial Continental Dollar Good Condition,18190,60010
Continental Zenith El Primero Unrestored,18940,32740
Vintage Dorothea Lange Migrant Mother Print 19th Century,2450,6210
Restored Bobby Orr Signed Stick c.1970,16030,21350
Darwin Origin of Species 1st Ed Georgian Period Recently Conserved,9870,13020
Monumental Hans Coper Spade Form Empire Period,740,1220
Seiko Grand Seiko Spring Drive,19640,34950
Pristine Le Mans Poster Original 1955 Late Victorian,390,1170
Sand Cast Bronze Relief c.1860,3180,5560
Outstanding Planimeter Measuring Instrument From Private Collection,4140,8240
Venetian Lattimo Glass Bowl 18th Century,7230,14150
Joe DiMaggio Bat Game Used,13480,18820
Monumental WWII German Binoculars Excellent Condition,5520,18340
Magnificent Marklin Tin Train Set Post-War,2320,4950
Scarce Alphonse Mucha Art Nouveau Print Art Deco Period Museum Deaccessioned,3120,7310
1945 Mouton Rothschild c.1970,3040,7090
Unmatched Papier Mache Tray Victorian c.1860,9650,25000
Delicate Aboriginal Boomerang Carved Post-War,6390,22310
Hawaiian Missionaries Stamp,19580,50000
Late Toulouse-Lautrec Moulin Rouge Poster,1610,4340
Exhibited Georgian Tallboy Chest c.1900,11560,25000
Chopard Diamond Earrings Edwardian Era,4410,14110
Matched Pan Am Airlines Poster 1960s c.1840,4160,12000
Unique Olympic Games Stamp Collection c.1970,10840,32050
Candelabrum Bronze Empire Regency Period,350,600
Distinguished Conn 8D French Horn Unrestored,22700,40650
Published Super Bowl I Program,21910,45060
Period Miniature Portrait on Ivory Georgian Period,12140,23320
Fine Frederick Carder Steuben Aurene Art Nouveau Period,4750,12930
Miniature Fijian War Club Carved c.1920,12590,29320
Grand Banjo 5-String Prewar Gibson c.1880,24920,60000
Select Berlin Woolwork Needlepoint,3380,7510
Stephen Shore Uncommon Places,13640,22000
Select Jacobean Court Cupboard c.1800,4850,13390
Choice James Joyce Ulysses 1st Ed Art Deco Period,22280,50000
Chateau Margaux 1990 Museum Deaccessioned,520,1200
Theremin RCA Original,17290,45180
Rare Sevres Porcelain Urn,8200,13390
Original Decoy Shorebird Carved,8920,13690
Certified Vacheron Constantin Patrimony Federal Period Good Condition,20820,60780
Continental Ziegler Mahal Carpet,3020,6220
Vintage Cold War Era Spy Camera Early 20th Century,6550,18610
Crimean War Medal c.1920 Good Condition,8310,20000
Documented Val Saint Lambert Vase c.1900,5060,9060
Authentic Archery Bow Yew Longbow Late Victorian,3540,6950
Published Greek Tetradrachm c.1780 Museum Deaccessioned,13790,29440
Documented Sundial Pocket Brass c.1940,4030,11370
Ansel Adams Yosemite Print,1090,2870
Published Ortelius Theatrum Orbis Page c.1900,1680,3060
Exceptional Realist Portrait c.1800 From Private Collection,33220,87530
Authentic Pele Signed Brazil Shirt c.1780,18590,27760
Unique Onyx Decorative Figure Early 20th Century,9910,29770
Exceptional Rookwood Art Pottery Vase Late Victorian,12110,20200
Night Clock Oil Lamp Italian Edwardian Era Excellent Condition,7850,13510
Antique Edward Weston Pepper Print Unrestored,13550,25850
Exceptional Equestrian Saddle Vintage English Recently Conserved,1900,3400
Whirligig Carved Sailor With Certificate,2690,8130
Period Mercator Projection Original With Provenance,3840,10480
Historic Ashcan School Street Scene c.1780,30440,68930
Impressionist Garden Scene,36250,66650
Remarkable Emilio Pucci Palazzo Pants,14700,35000
Attributed Hank Aaron Home Run Ball From Private Collection,12660,32780
Notable Astrolabe Reproduction Estate Fresh,1050,1970
Unique Wimbledon Championship Trophy Replica Mid-Century,7360,10310
Matched Antique Brass Door Hardware Set,4760,15000
Kosta Boda Art Glass Bowl Unrestored,6570,10110
Miniature Aboriginal Boomerang Carved,18880,30420
Ornate Mid-Century Arco Floor Lamp Edwardian Era,7120,20000
Unique Wilt Chamberlain Jersey 19th Century,1890,3760
Outstanding US Airmail Stamp Collection c.1970,520,880
Buffalo Nickel Proof,49110,100000
Restored Valentino Couture Cape c.1780 Excellent Condition,510,1490
Published Krug Collection 1988,3050,6610
Authentic Soumak Flatweave Bag,8580,16110
Vintage Civil War Officer's Sword Regency Period,7330,13290
Scarce Jaeger-LeCoultre Reverso c.1970,48920,120000
Attributed LEGO Castle Set Vintage 18th Century,6320,15000
Bakhtiari Garden Design Rug Museum Deaccessioned,6820,15630
Colonial Jade Carving,980,1590
Exhibited Whale Oil Lamp Antique c.1780,9430,20000
Provincial Serena Williams Match Racket,1480,3640
Attributed Teddy Ruxpin Working,2190,5620
Original Chrysoprase Brooch,21540,71550
Panerai Luminor Marina,51580,120000
Miniature Lehmann Wind-Up Toy Art Nouveau Period,2610,4080
Magnificent Fortuny Delphos Gown Unrestored,3760,6620
Continental Antique Brass Car Horn c.1840,680,1370
Unmatched Penny Black 1840 Excellent Condition,5600,11940
Unmatched Japanese Kimono Silk Vintage,16270,56850
Slide Rule Collection,7420,24150
Monumental William Eggleston Color Print Regency Period,5230,13340
Vintage Inuit Soapstone Carving Regency Period,5860,16680
Matched Bouillotte Lamp Brass French Post-War,2940,7750
Commodore 64 Complete System,540,770
Museum Quality Baccarat Crystal Wine Glasses c.1950,9790,21570
Art Deco Travel Poster Paris c.1920,5100,8720
Antique Wrought Iron Chandelier c.1800,2340,3950
Published Glass Blown Sculpture,24980,73800
Published Brass Telescope Victorian c.1860,4230,14010
Exceptional Art Deco Silver Cocktail Shaker,5910,12400
Original Revenue Stamp Collection,2090,5520
Museum Quality Chopard Alpine Eagle c.1880 Good Condition,53800,120000
Continental Stainless Steel Modern Piece With Certificate,11120,22020
Documented GI Joe Prototype c.1780,7160,14400
Oversized Pewter Miniature Set,28020,63440
Art Nouveau Bronze Table Lamp Belle Epoque,5340,9370
Pristine Audubon Birds Print,6980,18040
Early Wheel Barometer Rosewood Late Victorian Good Condition,2440,5670
Published Marble Bust c.1910,4900,7620
Provenance Wedgwood Jasperware Plaque c.1950,17150,40000
Museum Quality Navajo Chief's Blanket,13120,30000
Early Social Realist Mural Study,16090,39410
Magnificent Antique Decoy Duck Carved c.1900 As Found,840,1890
Museum Quality Indian Mughal Miniature Painting Modernist Period,7970,24450
Vernis Martin Vitrine Display Case c.1780,6200,17630
Carved Limestone Angel,17560,60380
Antique Man Ray Rayograph,11370,30000
Miniature Sporting Gun Cabinet Oak Regency Period Recently Conserved,3760,10470
Ornate Filigree Silver Brooch Post-War,10470,18910
Published Opus One Vertical Collection c.1780 From Private Collection,1320,2320
Rare Irish Silver Sugar Bowl With Provenance,670,2020
Art Nouveau Silver Photo Frame,80,160
Magnificent Falconry Hood Leather Antique,470,1600
Exhibited Weller Sicard Vase Regency Period,7070,24610
Oversized Surveyor's Transit Brass c.1910,3920,10420
Webb Cameo Glass Vase c.1910 Museum Deaccessioned,5260,9850
Period Ukulele Martin Style 5K From Private Collection,16740,34300
Antique WWI Trench Art Vase,2160,5190
Premier Jesse Owens Olympic Photo Signed As Found,18230,50000
Ancient Map Folio Empire Period,4660,14940
Distinguished Loetz Iridescent Art Glass Vase Early 20th Century,2660,6030
Matched Baroque Religious Painting,52450,75170
Scarce Sundial Pocket Brass Post-War,5700,12960
Restored Garden Fountain Tiered Stone,5760,15000
Matched Limestone Garden Balustrade,4020,5790
Continental Mercury Barometer Stick Type 18th Century Recently Conserved,8340,18000
Provenance Jackie Robinson Dodgers Cap c.1840,5360,15640
Grueby Faience Tile As Found,15870,30450
Provincial Finial Cast Iron Roof,210,600
WPA Federal Art Project Poster Art Deco Period,4820,12000
Vintage Mobil Pegasus Neon Sign Estate Fresh,1670,3670
Early Lafite Rothschild 1959 Edwardian Era,5300,7080
Select Astrolabe Reproduction c.1780,2810,8370
Delicate Gouache Street Scene c.1940 From Private Collection,29610,48980
Lafite Rothschild 1959 c.1950 Unrestored,3910,8830
Boer War Medal Group c.1970,9520,20000
Provincial Chinese Export Silver Tea Caddy,6430,9990
Attributed Color Field Painting Large Museum Deaccessioned,19730,27370
Ziegler Mahal Carpet Art Deco Period,4070,12010
Cartier Tank,56300,120000
Sebastiao Salgado Workers Print Early 20th Century,12500,30000
Oversized Transformers G1 Optimus Prime From Private Collection,5610,15000
Certified Renaissance Madonna c.1970,21570,32900
Scarce Chanel Tweed Jacket Vintage 18th Century Estate Fresh,5630,14230
Fine Enamel Dial Dress Watch,6640,11510
Jade Bangle Bracelet,31080,57010
Authentic Globe Celestial Miniature Post-War,3630,8560
Rare Aubusson Tapestry Panel Art Nouveau Period,3550,6760
Provenance Atari Jaguar Console Sealed,3910,5760
Estate Cast Iron Garden Urn Pair Mid-Century,6240,15000
Outstanding Bessarabian Floral Kilim Mid-Century,11570,30000
Miniature LEGO Castle Set Vintage Unrestored,7140,10090
Distinguished Confederate Currency Note,3500,11400
Antique Frederick Carder Steuben Aurene,3370,9290
Attributed Reclaimed Barn Door Good Condition,1430,2010
French Foreign Legion Kepi,8900,19780
Japanese Kimono Silk Vintage Art Nouveau Period,8420,13590
Classic Car Brochure Collection,80,190
Exceptional Op Art Optical Illusion,32230,50570
Scarce Hudson River School Landscape c.1940,55200,122140
Notable Gutenberg Bible Leaf Art Deco Period,15670,47100
Authentic Arts Crafts Pewter Vase Recently Conserved,2460,4090
Exceptional Carriage Clock Brass Repeating c.1900 As Found,1740,2560
Exceptional Sextant Ebony Frame,6500,10880
Magnifying Glass Sterling Handle 18th Century,5590,8880
Choice Maserati Trident Badge Collection,2040,4930
Trestle Refectory Table,10540,25000
Continental KPM Berlin Plaque c.1910,9020,12250
Exceptional Silhouette Portrait Collection Recently Conserved,10860,25000
Certified Incunabulum Leaf 1480s Early 20th Century,8390,12820
Fine Aneroid Barometer Victorian,5810,12650
Revenue Stamp Collection,24440,35190
Miniature Diego Maradona Signed Shirt Art Deco Period,2380,7800
Signed Hermes Birkin Bag Post-War,870,2410
Monumental Antique Kashan Carpet,380,930
Superb Daum Nancy Pate de Verre With Provenance,6700,22200
Pristine Ashanti Gold Weight Bronze c.1910,18740,40000
Oversized Super Bowl I Program c.1840,16870,50000
Select Antique Kashan Carpet c.1800,11360,18590
Haut-Brion 1989 Estate Fresh,11590,19810
Provincial LEGO Castle Set Vintage Mid-Century,2040,3170
Attributed Magnifying Glass Sterling Handle Empire Period,3960,10740
Chanel Tweed Jacket Vintage 18th Century,3210,5020
Provenance Marklin Tin Train Set,2590,5760
Terrestrial Library Globe 18th C Late Victorian With Provenance,4370,10020
Exhibited Hermes Birkin Bag c.1920 Good Condition,9270,31220
Historic Arts & Crafts Oak Settle,10180,25000
Period Rhodes Mark I Stage Piano,27400,60000
Restored Finial Cast Iron Roof Unrestored,150,310
Choice Joe DiMaggio Bat Game Used c.1910,7200,13330
Continental Citizen Chronomaster Post-War,3480,7540
Tag Heuer Monaco Empire Period,26940,75620
Magnificent Antique Weathervane Copper,790,1740
Maxfield Parrish Print Framed c.1930,3700,6150
LEGO Castle Set Vintage c.1780 Unrestored,830,2120
Game Bird Print Set Framed,3570,5510
Certified Antique Celestial Globe c.1960,5120,10400
Outstanding Tin Robot Battery Operated Belle Epoque Estate Fresh,2110,5610
Bernard Leach Charger Early 20th Century,19590,31410
Delicate Star Chart Celestial 1800s Empire Period,4690,11500
Dinky Toys Collection Boxed c.1800,6500,15000
Important Bugatti Radiator Cap c.1780,200,260
Attributed Circus Poster Barnum Bailey Empire Period Good Condition,3050,7810
Oversized Antique Bible Leather Bound,5100,15870
Geological Survey Map Victorian Regency Period,1100,2870
Published Carnival Glass Punch Bowl Set,6490,20050
Delicate Henri Cartier-Bresson Gelatin Print Mid-Century,12800,20820
Herend Figurine Hand Painted,16810,26130
Armillary Sphere Desktop c.1910,5040,9850
Historic Pembroke Drop-Leaf Table c.1820,6880,15090
Exquisite Joe DiMaggio Bat Game Used Post-War Excellent Condition,6820,13490
Magnificent Tavern Sign Iron Bracket,1200,4120
Tang Dynasty Horse Figure c.1960,12130,32180
Secretariat Derby Photo Post-War Recently Conserved,60,180
Miniature Vintage Michelin Man Figure c.1940,1090,1610
Rare Billiard Cue Antique Inlaid,2480,3360
Exquisite Vintage Pucci Silk Dress Regency Period With Provenance,15150,35000
Oversized Stone Lion Garden Statue Pair c.1970,6030,15000
Exceptional Joe DiMaggio Bat Game Used Post-War,19940,50000
Notable Regulator Dial Wristwatch,42980,120000
Pop Art Screen Print,28420,96800
Seed Pearl Collar Necklace With Provenance,8040,14340
Gilt Bronze Candelabra Pair c.1780,4350,9070
Oversized Breguet Classique Estate Fresh,59680,120000
Published Buccellati Silver Bowl,2750,9440
Unique Vintage Tube Amplifier Art Deco Period,980,1340
Delicate Edward Weston Pepper Print Modernist Period With Provenance,3100,7730
Fencing Foil Set Antique Belle Epoque,3080,9710
Matched Garnet Cluster Ring,5640,16240
Original Cabochon Emerald Brooch c.1840,29920,75000
Exquisite Hofner 500/1 Bass Guitar Modernist Period,4110,8490
Ornate Morgan Silver Dollar BU Edwardian Era,38240,90840
Early Concrete Brutalist Form Regency Period,39710,51780
Early Drafting Instrument Set Cased,6550,15000
Historic Oil on Canvas Landscape Estate Fresh,49330,150000
Tolkien Hobbit 1st Ed c.1930 As Found,4580,7550
Outstanding Barber Dime Collection,32490,89600
Monumental Social Realist Mural Study Mid-Century,62540,150000
Late Art Deco Travel Poster Paris c.1900,3000,6920
Regulator Dial Wristwatch Early 20th Century From Private Collection,54450,120000
Exceptional Zuni Fetish Carving Collection Empire Period,960,2260
Antique WWII Propaganda Poster Modernist Period,140,440
Certified Barograph Recording Aneroid c.1820,720,2050
Premier Star Wars Vintage Figures Set Estate Fresh,1730,5600
Art Deco Diamond Ring Art Nouveau Period With Certificate,17480,40810
Early Macintosh 128K Original,5900,14320
Attributed Cheval Mirror Mahogany c.1940,160,370
Unmatched Maserati Trident Badge Collection Edwardian Era Unrestored,1400,2850
Whirligig Carved Sailor c.1880,460,1100
Fairy Lamp Clarke's Patent,980,2070
Monumental Breguet Classique Regency Period,7390,23510
Cassandre Normandie Poster Art Nouveau Period,320,1080
Thorens TD-124 Turntable c.1950,9200,23460
Unique Kilim Flatweave Runner c.1880,9420,16960
Superb Revolutionary War Musket c.1910,2640,9180
Estate Tiffany Favrile Glass Vase As Found,5410,11950
Notable Chinese Scholar's Rock,16020,38830
Magnificent Fairy Lamp Clarke's Patent c.1970,9800,18280
Grand Tribal Caucasian Kazak Rug Regency Period,2770,8200
Choice Chinese Cash Coin Collection Late Victorian,6720,21540
Rare Bobby Orr Signed Stick,760,1480
1909-S VDB Lincoln Penny,42150,94540
Outstanding Gouache Street Scene Belle Epoque,62280,149260
Choice Thai Bronze Buddha Seated 19th Century,29420,60000
Certified Daum Nancy Pate de Verre c.1880,9060,25000
Unmatched Terra Cotta Garden Planter Large Federal Period,640,1220
Authentic Pocket Globe George III Era,5170,12000
Sand Cast Bronze Relief,510,1740
Backgammon Set Leather Vintage c.1800,1480,2350
Choice Art Deco Illustrated Novel Post-War Good Condition,15190,20230
Published Super Bowl I Program c.1840,14080,37190
Oversized Bobby Orr Signed Stick c.1800,24510,50000
Estate Agatha Christie Signed First Edition c.1970,11060,21600
Terrestrial Library Globe 18th C,4050,12000
Delicate Chinese Chippendale Mirror Museum Deaccessioned,1240,2580
Notable Lionel Standard Gauge Train c.1860,6270,8690
Fine Helmut Newton Fashion Print Early 20th Century,13000,30000
Unmatched Matchbox Lesney Collection Art Deco Period,160,490
Outstanding Val Saint Lambert Vase,2820,7220
Balloon Clock Edwardian Museum Deaccessioned,5880,13230
Art Deco Silver Cocktail Shaker,2120,6100
Remarkable Taper Stick Silver Georgian,4570,10110
Patek Philippe Calatrava c.1950,51240,79550
Published Staffordshire Spaniel Pair c.1860 With Certificate,14620,39760
Miniature Beatles Concert Poster Original As Found,5450,8510
Fine Venetian Lattimo Glass Bowl,8230,11380
Kinetic Metal Sculpture 19th Century,1540,3620
Miniature Victorian Porch Brackets Pair Unrestored,6160,11550
Qing Dynasty Famille Rose Bowl c.1840,3240,10070
Remarkable Thematic Space Collection Art Deco Period Recently Conserved,14120,26760
Delicate Tiffany Sterling Flatware Set,4950,13710
Shell Art Valentine Box Arts & Crafts Era,4670,14130
Castrol Oil Can Collection c.1910 Recently Conserved,610,1910
Fine Art Nouveau Bronze Table Lamp,140,270
Exquisite WWII German Binoculars,3220,4880
Estate Penny Bank Mechanical c.1950,3990,6500
Museum Quality Edward Steichen Fashion Print Belle Epoque,14760,30000
Choice William & Mary Gatelegged Table Edwardian Era,4410,9970
Signed Chinese Tang Dynasty Mirror c.1820,1130,3720
Attributed Stephen Shore Uncommon Places c.1920 Unrestored,14320,30000
Continental Globe Celestial Miniature Late Victorian,5840,15000
Estate Berenice Abbott Manhattan Print,6610,20010
Zeppelin Mail Cover,7640,15460
Estate Vintage Pocket Watch Gold 19th Century,24420,37000
Unmatched Carved Limestone Angel c.1900,39960,80000
Certified Transformers G1 Optimus Prime Belle Epoque,160,310
Matched Polynesian Tapa Cloth Mid-Century,17500,28720
Magnificent Antique Bible Leather Bound c.1910,17280,50000
Museum Quality Ted Williams Signed Photo,24470,42020
Vacuum Tube Radio Cathedral Estate Fresh,2600,6230
Distinguished Murano Glass Chandelier 12 Arm Post-War,350,850
Select Imari Charger Regency Period,8990,22820
Period Navajo Chief's Blanket Estate Fresh,6300,14340
Unique WPA Federal Art Project Poster,780,2140
Oversized Renaissance Revival Armoire c.1780,7360,19190
Delicate Hawaiian Missionaries Stamp With Certificate,1740,4530
Sanborn Fire Insurance Map Modernist Period,2050,6970
Breitling Navitimer,25790,48570
Exceptional Louis Vuitton Trunk Antique Georgian Period,13870,31690
Archery Bow Yew Longbow c.1940 Unrestored,2130,4040
Vintage Neon Beer Sign c.1970 Recently Conserved,9980,14110
Walking Liberty Half Dollar Art Nouveau Period Good Condition,17690,23080
Boot Scraper Cast Iron,2370,7850
Notable Breitling Navitimer c.1820,10040,33140
Attributed Onyx Decorative Figure,36960,54970
Notable Roman Legionary Helmet Replica,1580,4430
Unmatched Buffalo Nickel Proof,43340,100000
Important IBM Model M Keyboard,7830,15360
Museum Quality Dulcimer Appalachian Mountain,17800,47920
Dinky Toys Collection Boxed,5840,9620
Estate Chronometer Marine Deck c.1780 As Found,5260,10680
Davenport Writing Desk,4440,7350
Documented Architectural Salvage Column Pair c.1950,6680,13080
Provincial Cadastral Survey Map Antique Empire Period With Certificate,220,750
Choice Fishing Creel Wicker Antique Art Deco Period,5740,9760
Provincial Toulouse-Lautrec Moulin Rouge Poster c.1820 Estate Fresh,1840,6210
Irish Silver Sugar Bowl c.1970,1340,3560
Pop Art Screen Print c.1840,64340,150000
Original Cappiello Campari Poster c.1860 Good Condition,4350,12000
Oversized Bouillotte Lamp Brass French Early 20th Century,9330,20000
Remarkable Emilio Pucci Palazzo Pants 18th Century Estate Fresh,6600,20560
Monumental African Tribal Mask Dogon Edwardian Era,6010,8870
Monumental Chinese Export Silver Tea Caddy c.1900 As Found,9330,20000
Luminist Harbor View 18th Century,64390,116500
Provincial Gandhara Stone Buddha Head Edwardian Era,3990,13280
Early Seed Pearl Collar Necklace c.1960,6500,14540
Restored Garnet Cluster Ring,19290,45760
Magnificent Baccarat Crystal Wine Glasses c.1860,2750,8710
Cast Iron Fire Engine c.1780 Good Condition,2100,3820
Authentic American Coin Silver Spoons c.1840 Museum Deaccessioned,4620,12380
Unique 1961 Chateau Latour,9410,25000
Tonalist Twilight Scene Empire Period,70380,107940
Painted Fireboard Scene,6380,12290
Carved Ivory Netsuke c.1940 With Certificate,20640,35910
1804 Draped Bust Dollar Federal Period,39240,100000
Fine Theorem Painting on Velvet Regency Period,2990,10330
Provenance Art Exhibition Poster Picasso With Certificate,2680,5550
Exceptional Versace Medusa Evening Gown c.1970 Good Condition,2650,3900
Certified Penny Bank Mechanical c.1960 Unrestored,8910,18000
Signed Sevres Porcelain Urn c.1920 From Private Collection,10140,13330
Remarkable Vintage Neon Beer Sign Excellent Condition,12920,30000
Historic Apothecary Scale Marble Base Late Victorian,5430,11350
Delicate Newcomb College Vase Arts & Crafts Era Recently Conserved,16980,40000
Grand Papua New Guinea Spirit Mask Edwardian Era,11420,16650
Outstanding Concrete Brutalist Form Excellent Condition,18700,33490
Scarce Easter Island Moai Replica,2880,7820
Estate Survey Map Colonial,2500,8230
Vintage Silver Trophy Cup Engraved Early 20th Century,160,390
Published Tibetan Thangka Painting Edwardian Era,16750,55340
Unique Art Exhibition Poster Picasso c.1960,2000,5590
Exceptional Film Noir Movie Poster Original Edwardian Era,3490,11700
Oversized France Ceres Issue,14560,48460
Vintage Vintage Cartier Watch 19th Century,17780,45580
Original Irish Silver Sugar Bowl c.1940,7520,19160
Museum Quality Buffalo Nickel Proof,10360,23120
Premier Bakhtiari Garden Design Rug c.1920,6500,9140
Museum Quality Czech Art Glass Sculpture,6850,9750
Notable Ancient Roman Aureus c.1920,1710,2750
Morganite Engagement Ring c.1930,4000,8390
Signed City Plan Paris 1750 Excellent Condition,1640,3230
Scarce Wire Mesh Figure Unrestored,5780,10510
Early Sultanabad Mahal Carpet Georgian Period,6540,15350
Important Sheffield Plate Epergne c.1840,1530,2260
Select Flemish Verdure Tapestry c.1800,11840,29290
Magnificent Zither Concert Model Antique,25300,35680
Museum Quality Conn 8D French Horn,4610,10600
Beatles Concert Poster Original c.1780,3340,8740
Antique Darts Board c.1840,3550,9660
Antique Tennis Racket 18th Century Museum Deaccessioned,5680,12000
Restored Larry Bird Game Worn Sneakers,930,1720
Signed Tower Clock Movement Antique Empire Period With Provenance,5560,13570
Hot Wheels Redline Collection Good Condition,6760,11940
Exhibited Sarouk Fereghan Rug,730,1760
Banjo Clock American Federal 19th Century,1580,4850
Longcase Grandfather Clock c.1860,430,1130
Superb Art Deco Automobile Mascot Museum Deaccessioned,240,550
Signed Vernis Martin Vitrine Display Case c.1800,12300,22210
Museum Quality Banjo Clock American Federal c.1970,4600,15620
Geological Survey Map Victorian c.1950,3300,10830
Magnificent Georg Jensen Silver Pitcher c.1780,3120,7890
Hydrographic Chart Coastal Art Deco Period,990,1640
African Tribal Mask Dogon c.1970,5630,16480
Amber Drop Earrings Arts & Crafts Era,27130,58100
Late Buccellati Silver Bowl Mid-Century,2410,6430
Attributed Tansu Japanese Step Chest Art Deco Period As Found,8820,13030
Military Campaign Map Napoleonic c.1820,3180,9410
Art Deco Chrome Floor Lamp Recently Conserved,7770,20000
Signed Handel Reverse Painted Lamp c.1910 From Private Collection,1890,4500
Unmatched Tribal Caucasian Kazak Rug Georgian Period,11830,28870
Scarce Gilt Bronze Candelabra Pair Art Deco Period,1770,4590
Signed Cartier Silk Scarf Estate Fresh,13100,22260
Pristine Maxfield Parrish Print Framed Estate Fresh,5710,9330
Exhibited Irish Silver Sugar Bowl Federal Period As Found,8100,19490
Purdey Side by Side Shotgun,5440,12000
Boxing Gloves Vintage Leather c.1860,4060,11910
Skeleton Mechanical Watch,4690,12240
Architectural Salvage Column Pair Belle Epoque With Provenance,6420,15000
Documented Alphonse Mucha Art Nouveau Print,3030,5800
Kinetic Metal Sculpture Modernist Period,6990,21270
Provenance Tin Robot Battery Operated,6400,15000
Pristine Meccano Construction Set Vintage Post-War Museum Deaccessioned,3730,8520
Found Object Assemblage,28790,47450
Matched African Tribal Mask Dogon c.1910,6590,15700
Wheel Barometer Rosewood Post-War,7180,18000
Aboriginal Boomerang Carved,12260,30900
Remarkable Lead Garden Cistern Georgian Federal Period Museum Deaccessioned,1860,5640
Restored Yamaha CFX Concert Grand Piano 18th Century,25300,60000
Delicate Night Clock Oil Lamp Italian,6100,9610
Tiffany Dragonfly Table Lamp Post-War With Certificate,3640,8310
First Day Cover Collection c.1940 Museum Deaccessioned,17040,50000
Late Declaration of Independence Broadside Post-War,23900,50000
Distinguished Ferrari Prancing Horse Badge Collection c.1970,1380,3320
Late Bernard Leach Charger,2500,3770
Premier Sweden Treskilling Yellow,24190,38560
Museum Quality Ferrari Prancing Horse Badge Collection Recently Conserved,460,1180
Late Klipschorn Speaker Pair Regency Period Museum Deaccessioned,7690,24210
Authentic Czech Art Glass Sculpture,6460,15640
Colonial Tiffany Wisteria Table Lamp Mid-Century Unrestored,2970,5090
Premier JBL Paragon Speaker System Unrestored,8660,19090
Pristine 1804 Draped Bust Dollar,19420,51070
Outstanding Japanese Tea Ceremony Kettle Edwardian Era Estate Fresh,5460,14140
Garden Fountain Tiered Stone Art Deco Period,6130,15000
Antique Japanese Kimono Silk Vintage,7460,10280
Attributed Mainbocher Evening Dress Edwardian Era Excellent Condition,10020,18170
Unmatched Sri Lankan Ivory Casket,1050,3090
Restored Sweden Treskilling Yellow,20040,39030
Museum Quality Papua New Guinea Spirit Mask c.1920,3860,10640
Outstanding Crimean War Medal Early 20th Century,6680,12590
Magnificent Mystery Clock Art Deco Art Nouveau Period As Found,8390,18000
Kinetic Metal Sculpture Unrestored,35590,50700
Vintage Pairpoint Puffy Boudoir Lamp c.1960,1250,2010
Olympic Games Stamp Collection c.1840,23770,50000
Marble Bust,20920,36980
Yoruba Ibeji Twin Figure c.1900 With Provenance,9540,28050
Monumental Canterbury Magazine Rack Belle Epoque Unrestored,3790,11040
Provenance Carved Oak Church Pew c.1960,3990,10350
Equestrian Saddle Vintage English,5020,11410
Unique Vintage Fly Fishing Rod Hardy Georgian Period,2240,3680
Early Indian Brass Temple Bell,5640,19230
Signed Billiard Cue Antique Inlaid c.1930,3940,12000
Antique Star Chart Celestial 1800s Edwardian Era,5020,10060
Authentic Double Eagle $20 Gold Coin c.1780,27120,89040
Choice Panerai Luminor Marina,19980,62130
Miniature Handel Reverse Painted Lamp c.1940 As Found,4800,8370
Grand 1990 Screaming Eagle Cabernet Good Condition,10470,13820
Cinderella Stamp Album Regency Period,9590,24280
Late Spanish Doubloon,44130,95240
Patek Philippe Calatrava,9390,20910
Surveyor's Transit Brass c.1800 Excellent Condition,4780,15000
Select Vietnam War Flight Helmet,5900,18390
Estate Soviet Constructivist Propaganda Poster c.1960 Unrestored,1340,4630
Jacobean Court Cupboard,9050,25000
Select Waterford Crystal Decanter Set c.1930 With Provenance,8300,25000
Chanel Classic Flap Bag Early 20th Century As Found,6860,19610
Scarce Andreas Gursky Rhine II Print c.1910 As Found,7010,20730
African Beaded Ceremonial Crown c.1960,200,520
Sevres Porcelain Urn Late Victorian As Found,2170,4560
Period Kobe Bryant Rookie Card c.1950,3960,11750
Outstanding Carved Ivory Netsuke,29020,80000
Continental Commodore 64 Complete System 18th Century,11920,30000
Victorian Garden Bench Iron,1320,3720
Jaguar Leaper Hood Ornament c.1930,300,700
Atari 2600 Console Boxed,10820,26480
Persian Tabriz Silk Rug Edwardian Era,1460,2920
Museum Quality Linen Press Walnut Modernist Period,1440,3010
Antique Sapphire Earrings Empire Period Unrestored,34630,75000
Attributed Fortuny Delphos Gown,560,780
Select Revenue Stamp Collection As Found,22400,50000
Versace Medusa Evening Gown c.1940,8860,26570
Garnet Cluster Ring Mid-Century,440,950
Original Jaguar Leaper Hood Ornament Edwardian Era Unrestored,1000,2650
Marklin Tin Train Set c.1900,5010,15000
Period Atari 2600 Console Boxed c.1930,14780,30000
Mandolin Gibson F-5 Lloyd Loar Regency Period,13870,29460
Authentic Bobby Orr Signed Stick 19th Century Unrestored,2630,8180
Unmatched Aboriginal Boomerang Carved Georgian Period,14930,23150
Olympic Games Stamp Collection Post-War Recently Conserved,8420,12270
Continental Klipschorn Speaker Pair c.1910,13210,30000
Superb Staffordshire Spaniel Pair c.1930,320,970
Majolica Garden Seat 18th Century,6700,20350
Certified Terrestrial Library Globe 18th C With Certificate,3290,10620
Exceptional Mandolin Gibson F-5 Lloyd Loar c.1800,29300,60000
Attributed Circus Poster Barnum Bailey From Private Collection,3010,8680
Authentic Painted Fireboard Scene From Private Collection,3250,6850
Choice Ansel Adams Yosemite Print Museum Deaccessioned,3450,5680
Documented Bronze Figurine Art Deco Period,36270,62650
Signed Balloon Clock Edwardian,5190,9880
Premier Antique Weathervane Copper Art Deco Period,1320,4000
Taper Stick Silver Georgian 18th Century,970,2010
Vintage Art Deco Travel Poster Paris,1260,2610
Tang Dynasty Horse Figure c.1920,6450,20460
Buffalo Nickel Proof c.1920,3540,9610
Exquisite Whirligig Carved Sailor Federal Period From Private Collection,4480,15460
Bernard Leach Charger Arts & Crafts Era Excellent Condition,1620,5480
Magnificent Kerosene Lamp Cranberry Glass,3480,8830
Kobe Bryant Rookie Card c.1840,16640,50000
Delicate Indonesian Wayang Puppet Antique,13770,18430
Published Walking Liberty Half Dollar,41760,65060
Select Richard Avedon Portrait Print c.1920,13260,27860
Historic Falconry Hood Leather Antique,3870,11000
Museum Quality WWII Enigma Machine Component c.1930 With Certificate,7450,13040
Provincial Beatles Concert Poster Original,3470,7950
Mercury Barometer Stick Type,770,1740
Olympic Gold Medal Replica c.1950 With Certificate,12830,19520
Published Falklands War Memorabilia Group c.1860,9910,20000
Notable Concertina Wheatstone English From Private Collection,26440,60000
Outstanding Versace Medusa Evening Gown,12840,20110
Pristine Barber Dime Collection,23220,57130
Vintage Perfin Stamp Collection c.1970,10030,21040
Matched Jade Bangle Bracelet c.1840,26410,75000
Choice Wedgwood Jasperware Plaque Federal Period Estate Fresh,13270,30760
Antique Mid-Century Arco Floor Lamp c.1970,8260,15110
Weather Vane Rooster Copper c.1940,400,740
Certified Victorian Gas Wall Sconce Pair With Certificate,5970,10160
Remarkable Selmer Mark VI Tenor Saxophone c.1930,3630,8920
Comtoise Clock French Provincial 19th Century Museum Deaccessioned,5780,11660
Imari Charger,7810,25000
Pristine Hooked Rug Floral Design,8790,18000
Magnificent Ormolu Mounted Marble Urn Mid-Century,3610,10330
Magnificent Givenchy Audrey Hepburn Dress Arts & Crafts Era,14290,21150
Exquisite Rolleiflex TLR Camera c.1900,480,890
Sailor Valentine Shell Art 18th Century From Private Collection,3140,9740
Delicate Matchbox Lesney Collection,3820,6210
Miniature Tibetan Thangka Painting Estate Fresh,26670,60000
First Edition Hemingway Novel c.1930,24500,50000
Miniature Citrine Statement Necklace Recently Conserved,16110,22200
Delicate Hall Tree Coat Stand,10780,23030
Grand Longcase Grandfather Clock c.1840,4430,11470
Premier Silk Route Trade Map Reproduction Edwardian Era Estate Fresh,4680,7890
Vintage Armagnac 1893 c.1930,7970,15110
Attributed Pocket Globe George III Era,1600,4120
Delicate Bugatti Radiator Cap Georgian Period,1890,3270
Native American Kachina Doll Museum Deaccessioned,2560,6560
Provincial Wurlitzer Electric Piano Regency Period,2660,8380
Colonial Comtoise Clock French Provincial Museum Deaccessioned,5840,18000
Historic Christian Dior Bar Suit Excellent Condition,11030,32010
Estate Tourmaline Bangle c.1800,2920,6470
Papua New Guinea Spirit Mask,6460,13620
Zenith El Primero,14210,45500
Aquamarine Tiara,13280,38100
Exceptional Antique Sapphire Earrings,36060,75000
Attributed Art Exhibition Poster Picasso c.1820,4200,12000
Provincial Patek Philippe Calatrava c.1800,54390,120000
Provenance Sundial Pocket Brass Georgian Period Unrestored,3000,5120
Pele Signed Brazil Shirt,11330,23020
Antique Amber Drop Earrings Museum Deaccessioned,23100,31690
Pristine Larry Bird Game Worn Sneakers,4850,16920
Estate Penny Bank Mechanical Empire Period Good Condition,8470,18000
Important Victorian Garden Bench Iron,4220,7350
Restored Empire Mahogany Bookcase c.1910 Good Condition,3740,8780
Superb Yamazaki 18 Year Japanese Whisky,7440,23860
Distinguished Banjo 5-String Prewar Gibson Art Deco Period Estate Fresh,8840,18140
Published Medieval Broadsword c.1780,6880,12920
GI Joe Prototype,6920,15000
Select Ashcan School Street Scene,8010,15520
Signed Whittled Walking Cane Recently Conserved,4020,7680
Certified Revolutionary War Musket c.1800,9860,20000
Delicate Mercury Barometer Stick Type Good Condition,6730,18000
Documented Seated Liberty Half Dollar c.1930 Excellent Condition,20320,37490
Museum Quality Windsor Writing Arm Chair,9170,25000
Andreas Gursky Rhine II Print Unrestored,9160,24170
Proof Silver Eagle Set Unrestored,47910,100000
Delicate Pewter Miniature Set c.1930,35800,80000
Audemars Piguet Royal Oak c.1780 Estate Fresh,23140,45620
Military Field Watch WWII c.1780,14340,46630
Exceptional Woodstock Festival Poster c.1820 Estate Fresh,1320,3290
British Guiana One Cent Magenta,6960,18870
Signed Apothecary Scale Marble Base Late Victorian,5020,8190
Miniature Antique Fishing Reel Collection Edwardian Era,3750,5480
Restored Maxfield Parrish Print Framed Art Deco Period,260,780
Gordon Parks Photo Essay Print c.1950 Recently Conserved,5260,13210
Museum Quality Bakelite Telephone Rotary,2580,8080
Choice Davenport Writing Desk c.1880,1930,3110
Japanese Meiji Bronze Vase Arts & Crafts Era As Found,6860,10220
Unique Seiko Grand Seiko Spring Drive,7180,24740
Queen Anne Highboy Mid-Century,5470,14640
Holland & Holland Double Rifle 19th Century,160,400
Provenance Edwardian Pearl Necklace Mid-Century,30840,75000
Premier Compass Surveyor's Brass c.1880,2560,5340
Documented Van Briggle Lorelei Vase 18th Century,9250,26680
1985 Sassicaia Regency Period,9980,20010
Provincial Handel Reverse Painted Lamp With Certificate,1320,2500
Colonial Burmese Lacquerware Box With Provenance,12920,34210
Superb Fijian War Club Carved c.1860,5090,17050
Choice Atari Jaguar Console Sealed c.1860,4180,12260
Unmatched Georgian Silver Candlestick Pair,5300,10510
Signed Playmobil First Series Set c.1960 Recently Conserved,70,200
Monumental Kobe Bryant Rookie Card 18th Century,5100,16300
Berlin Woolwork Needlepoint As Found,8290,22260
Documented Annie Leibovitz Portrait,5350,9120
Important Civil War Battlefield Map Empire Period Museum Deaccessioned,710,1890
Notable Persian Tabriz Silk Rug Arts & Crafts Era,330,450
Exceptional Civil War Letters Collection Good Condition,180,390
Signed Annie Leibovitz Portrait c.1820,2100,3610
Unmatched Buccellati Silver Bowl c.1910,9180,20000
Vintage Mandolin Gibson F-5 Lloyd Loar,28070,60000
Unmatched Hasselblad 500C Camera Regency Period,6540,13150
Ornate Darwin Origin of Species 1st Ed c.1910,5880,11520
Authentic Steering Wheel Nardi Wood c.1820 With Certificate,520,1060
Museum Quality Terrestrial Library Globe 18th C Modernist Period,4180,12000
Authentic Telegraph Key Brass Antique c.1880,880,2420
Outstanding Mercedes Benz Star Emblem Vintage,810,1800
Antique Victorian Cast Iron Gate,6420,15000
Barbie #1 Original 1959,3370,5070
Exquisite 1945 Mouton Rothschild Estate Fresh,6080,13650
Grand Ferrari Prancing Horse Badge Collection c.1800 With Provenance,330,520
Early Olympic Games Poster Collection Estate Fresh,230,580
Ornate Schiaparelli Shocking Pink Hat Georgian Period,14230,35000
India Scinde Dawk,850,1360
Exquisite Vintage Croquet Set Complete 19th Century,1060,1480
Published China Red Revenue Stamp Modernist Period,14730,40630
Museum Quality China Red Revenue Stamp Late Victorian As Found,23520,45210
Sri Lankan Ivory Casket,26380,54740
Art Deco Beaded Flapper Dress c.1950,15670,24990
Greek Tetradrachm Post-War,45220,78180
Early Thermometer Clinical Antique,6300,8980
Attributed Theremin RCA Original c.1910 From Private Collection,16860,23000
Documented Cast Iron Garden Urn Pair Arts & Crafts Era,3480,5950
Monumental Topaz Chandelier Earrings c.1800,37130,68290
Colonial Continental Dollar c.1820 Recently Conserved,48740,100000
Matched Shell Art Valentine Box Early 20th Century,2170,7230
Select Donegal Arts Crafts Carpet With Provenance,8150,27810
Certified Flemish Verdure Tapestry c.1960,10250,30000
Signed Aboriginal Boomerang Carved Art Deco Period,10940,28230
Magnificent Retro Ruby Bracelet c.1970,27690,65740
Tribal Caucasian Kazak Rug c.1930 From Private Collection,9160,21960
Vintage Wax Fruit Under Glass Dome Excellent Condition,2610,8500
Published Vintage License Plate Collection 18th Century Excellent Condition,1860,5000
Outstanding Vintage Rolls Royce Hood Ornament Early 20th Century,2060,3270
Attributed Morgan Silver Dollar BU,41260,67280
Unique Macallan 25 Year Single Malt With Certificate,11640,16370
Miniature Plaster Maquette Empire Period As Found,17060,39830
Continental Carved Stone Garden Bench c.1960,1600,3840
Magnificent Cinderella Stamp Album c.1900 With Certificate,7440,20370
Matched Medieval English Groat,13580,37130
Matched Charcoal Cityscape Drawing,65070,119440
Cheval Blanc 1947,7440,13650
Sheraton Card Table,4500,9770
Estate Sultanabad Mahal Carpet,1610,5000
Secretariat Derby Photo c.1930,23300,50000
Antique Wrought Iron Chandelier,7230,15000
Grand Louis XV Bergere Chair Recently Conserved,8560,25000
Vintage Walking Liberty Half Dollar Mid-Century,4560,9220
Scrimshaw Whale Tooth Mid-Century,3090,7370
Miniature Color Field Painting Large Federal Period Recently Conserved,71970,131230
Museum Quality Apothecary Scale Marble Base Arts & Crafts Era,1590,5280
Superb Antique Bible Leather Bound Post-War Good Condition,12100,33280
Watercolor Mountain View 19th Century,74060,150000
Louis XVI Commode,8440,15890
Notable Concrete Brutalist Form With Provenance,17220,25260
Victorian Chaise Lounge,12470,25000
Copper Ale Jug Georgian c.1800,7940,20000
Schuco Micro Racer Georgian Period,1560,3370
Outstanding Yoruba Ibeji Twin Figure,10940,33160
Early Russian Niello Silver Box Modernist Period,8060,20000
Tiffany Dragonfly Table Lamp,1920,4730
Restored Alfa Romeo Enamel Badge Arts & Crafts Era,180,320
Distinguished Campaign Officer's Chest Regency Period,1810,3860
Attributed Onyx Decorative Figure Arts & Crafts Era,31960,78760
Notable George Ohr Puzzle Mug,1700,3720
Provincial Wheel Barometer Rosewood Edwardian Era Estate Fresh,8680,17040
Museum Quality Sailor Valentine Shell Art 18th Century,6040,18000
1982 Petrus Pomerol Estate Fresh,10310,17000
Remarkable Surveyor's Transit Brass c.1800,3020,9300
Scarce Cheval Blanc 1947 Belle Epoque,11640,25000
Berlin Woolwork Needlepoint Art Nouveau Period Good Condition,2240,7640
Signed Olympic Gold Medal Replica c.1880 Recently Conserved,7830,16000
Oversized Thematic Space Collection Post-War From Private Collection,14450,26020
Documented Czech Art Glass Sculpture Regency Period As Found,6630,16140
African Bronze Benin Head c.1970,160,230
Distinguished 1952 Topps Mickey Mantle Card Federal Period,12860,44000
Scarce Ship's Bell Clock Chelsea 19th Century,8100,18000
Bracket Clock Georgian Ebony Art Deco Period,8950,18000
Kneehole Desk Georgian Empire Period Unrestored,6530,22690
Distinguished Haut-Brion 1989 c.1970,8860,25000
Unmatched Schiaparelli Shocking Pink Hat,4800,15450
Spanish Doubloon c.1910 Estate Fresh,8430,23200
Provincial Stainless Steel Modern Piece c.1920 From Private Collection,9330,22300
Historic Chinese Scroll Painting Landscape Post-War,2820,8700
Lladro Porcelain Figure,18940,32550
Babe Ruth Signed Baseball Modernist Period,21210,46840
Rare Cartier Tank Recently Conserved,53490,78610
Period Portolan Chart Mediterranean Early 20th Century,5150,12000
Faberge Style Egg With Provenance,3450,6250
Late 1804 Draped Bust Dollar,24920,33060
Documented Silver Mounted Cut Glass Claret Jug c.1800,6010,15960
Distinguished Yves Saint Laurent Le Smoking Jacket Federal Period,6920,17400
Penfolds Grange 1971 19th Century Unrestored,1910,5320
Rare Vernis Martin Vitrine Display Case Museum Deaccessioned,6540,16090
Oversized Gutenberg Bible Leaf,13280,19240
Corgi Batmobile Original Box,4540,6030
Serena Williams Match Racket c.1960 Museum Deaccessioned,21930,50000
Distinguished 1961 Chateau Latour c.1800,3920,8470
Notable Vienna Regulator Wall Clock c.1800,7210,10840
Distinguished Van Briggle Lorelei Vase c.1960,2220,4390
Unique Olympic Games Stamp Collection c.1910,19790,50000
Fine Dulcimer Appalachian Mountain,1270,2600
Period Railroad Map United States 1870,1290,3820
Pristine Decoy Shorebird Carved Edwardian Era,2880,3920
Early Girandole Mirror Candelabra c.1950,8360,12440
Burmese Lacquerware Box c.1910,22310,56550
Flemish Verdure Tapestry,12470,30000
Continental French Foreign Legion Kepi c.1860,3550,10830
Beatles Concert Poster Original,1190,3520
Macallan 25 Year Single Malt 19th Century,7510,15570
Choice Toulouse-Lautrec Moulin Rouge Poster Excellent Condition,3630,6100
Select Level Spirit Brass Surveyor As Found,220,410
Select Color Field Painting Large c.1820 Unrestored,16640,37700
African Bronze Benin Head c.1800,3220,4980
Exquisite Treasure Map Replica Framed,4010,7610
Grand Alexandrite Pendant Art Deco Period,26080,65360
Unmatched Theodolite Surveying Instrument c.1910 Museum Deaccessioned,3200,10600
Delicate Fanlight Transom Window Museum Deaccessioned,4040,11520
Trade Sign Optician Spectacles Modernist Period From Private Collection,1230,3620
Provenance Ferrari Prancing Horse Badge Collection Post-War,1970,5000
Provincial Thermometer Clinical Antique 18th Century Museum Deaccessioned,1980,2820
Vintage Dashboard Clock Jaeger,240,440
Chinese Scroll Painting Landscape,2520,5720
Signed Richard Avedon Portrait Print,9720,19370
Colonial Vietnam War Flight Helmet c.1940 Estate Fresh,3640,6400
Unmatched Limoges Enamel Box Collection c.1920,10930,25000
Estate Sultanabad Mahal Carpet Edwardian Era,7070,14450
Museum Quality Thermometer Clinical Antique,7120,15000
Art Nouveau Opal Pendant,34860,75000
Select Linen Press Walnut Museum Deaccessioned,8200,15990
Choice Carved Ivory Netsuke 19th Century,6240,9530
Authentic Webb Cameo Glass Vase,6440,15420
Vintage Corbel Carved Wood Victorian c.1800,510,1120
Colonial Garden Fountain Tiered Stone Unrestored,1520,2500
Historic Andreas Gursky Rhine II Print c.1880,790,2320
Regency Silver Sauce Boat Arts & Crafts Era,8940,20000
Late Taper Stick Silver Georgian c.1820,6070,16600
Distinguished Vintage Ray-Ban Aviators,5530,14580
Vernis Martin Vitrine Display Case c.1920,2000,2840
Ornate Astronomical Regulator Clock Late Victorian,6160,9400
Fine Declaration of Independence Broadside c.1860,9680,25880
Unmatched Sporting Gun Cabinet Oak Late Victorian,4350,11800
Superb Yves Saint Laurent Le Smoking Jacket 18th Century Estate Fresh,1270,2170
Authentic Sailor Valentine Shell Art c.1910 From Private Collection,690,1040
Published British Redcoat Uniform Button Collection Modernist Period,8120,20000
Select Sultanabad Mahal Carpet Empire Period Unrestored,9050,29960
Provincial Sweden Treskilling Yellow c.1940,11360,32720
Outstanding Matchbox Lesney Collection c.1910,4230,11460
Authentic Khmer Sandstone Apsara Relief Modernist Period,11920,27930
Remarkable Buffet R13 Clarinet,28920,60000
Civil War Letters Collection Late Victorian Good Condition,4520,7480
Colonial Blanket Chest,2700,5120
Fine Orrefors Crystal Vase Signed c.1840,980,2000
Superb Diane Arbus Twins Print,7900,27470
Corgi Batmobile Original Box Art Nouveau Period Estate Fresh,6250,15000
Soviet Constructivist Propaganda Poster,5900,12000
Hydrographic Chart Coastal Post-War Excellent Condition,4830,9160
Exceptional Concrete Brutalist Form Modernist Period,37620,80000
Jumping Hour Watch Art Deco c.1960,59320,120000
Pristine Stone Abstract Form c.1780 From Private Collection,10790,26310
Choice Papier Mache Tray Victorian c.1780,12110,25000
Pristine Stone Abstract Form,15770,21260
Scarce Penfolds Grange 1971 c.1930,9770,25000
Balloon Clock Edwardian Arts & Crafts Era,2680,4160
1909-S VDB Lincoln Penny c.1930,20830,46980
Cassandre Normandie Poster,3120,5600
Choice African Bronze Benin Head Belle Epoque,9900,20130
Audemars Piguet Royal Oak Belle Epoque,30010,95710
Oversized Amber Drop Earrings Georgian Period,2020,6250
Signed Mercury Dime Full Bands Art Nouveau Period,10420,14740
Agatha Christie Signed First Edition With Provenance,24530,50000
Tiffany Sterling Flatware Set Belle Epoque,8160,19810
Pristine Jade Bangle Bracelet,20710,48640
Antique Impressionist Garden Scene Modernist Period With Certificate,31500,45040
Coral Bead Necklace Modernist Period,23420,47940
Lewis Carroll Alice 1st Ed Regency Period,11980,36830
Fine Banjo Clock American Federal Federal Period,1900,4630
Pastel Nude Study Belle Epoque Estate Fresh,74820,114660
Candelabrum Bronze Empire c.1840,8610,13220
Miniature Limoges Enamel Box Collection Edwardian Era,6180,16530
Outstanding Empire Mahogany Bookcase Arts & Crafts Era As Found,10260,25000
Depression Glass Collection c.1940,1240,3400
Unmatched Silver Trophy Cup Engraved Art Deco Period,2400,5290
Indian Mughal Miniature Painting c.1950,13470,44110
Oversized Royal Copenhagen Flora Danica Plate c.1930,1570,2840
Early Film Noir Movie Poster Original,3060,5430
Matched Sepik River Ancestor Figure c.1920,9510,32260
Provenance Satsuma Vase Meiji Period,12770,24680
Antique Brass Door Hardware Set,4230,7480
Stradivarius Violin Copy Georgian Period,29410,60000
Unique Cameo Shell Brooch With Certificate,11080,36100
Late 1804 Draped Bust Dollar c.1910,26700,51520
Authentic Kosta Boda Art Glass Bowl Post-War,3610,6290
Qing Dynasty Famille Rose Bowl c.1900,6750,18300
Continental Gordon Parks Photo Essay Print c.1910,7600,13660
George Ohr Puzzle Mug Federal Period Unrestored,18660,26140
Unique Globe Celestial Miniature,4640,11530
Ink Wash Landscape,9320,13050
Edwardian Silver Card Case c.1940,4940,15510
Exquisite Star Wars Vintage Figures Set Mid-Century,5730,9320
Ornate Curta Calculator Type II,7900,16720
Miniature Stephen Shore Uncommon Places Regency Period,8970,25640
Grand Depression Glass Collection 19th Century,3840,10510
Taxidermy Pheasant Display,2580,8590
Signed Edwardian Silver Card Case 18th Century,7940,20000
Vintage Steuben Crystal Eagle Recently Conserved,3380,4530
Superb Regulator Dial Wristwatch Early 20th Century,10600,16120
Signed Garnet Cluster Ring Art Deco Period As Found,21870,53470
Published Antique Wrought Iron Chandelier Empire Period Museum Deaccessioned,4060,11940
Provenance Perfin Stamp Collection c.1860 With Provenance,1820,5620
Certified Le Mans Poster Original 1955 19th Century,920,2200
Notable Tansu Japanese Step Chest Early 20th Century,3590,7700
Documented Swiss Cantonal Issue,21130,45860
Whatnot Corner Shelf,7160,18140
Restored Atari 2600 Console Boxed,3500,8350
Provenance Buffet R13 Clarinet Edwardian Era,22800,30430
Mystery Clock Art Deco,5400,9060
Monumental Gretsch White Falcon Guitar,9940,15840
Continental Admiralty Chart British Navy Estate Fresh,4940,9150
Original Chinese Cash Coin Collection Unrestored,38460,100000
Tibetan Thangka Painting Unrestored,11720,31420
Onyx Decorative Figure,7810,21860
Exhibited Sheraton Card Table,9800,18250
Rolex Submariner Early 20th Century,31450,50840
Nepalese Bronze Deity Figure c.1860 Good Condition,12850,26570
Rare Hooked Rug Floral Design c.1900,7210,15640
Art Nouveau Bronze Table Lamp,9290,20000
Exceptional Chinese Cloisonne Vase Good Condition,18030,49690
Magnificent William & Mary Gatelegged Table Post-War,6990,19720
Remarkable Vacheron Constantin Patrimony With Provenance,20900,66600
Notable Qing Dynasty Famille Rose Bowl c.1900 Good Condition,760,2480
Vintage Cartier Watch,21340,50690
Royal Copenhagen Flora Danica Plate Art Nouveau Period Excellent Condition,15690,25900
Chinese Export Silver Tea Caddy Estate Fresh,8120,20000
Matched Chinese Tang Dynasty Mirror Edwardian Era,28090,60000
Oscar Wilde Signed Letter,23780,39550
Oversized Robert Mapplethorpe Flower Print c.1930,5320,13780
Antique Tennis Racket c.1880,4920,7270
Exquisite Art Exhibition Poster Picasso Post-War,4040,7630
Blancpain Fifty Fathoms,26830,63550
Secretariat Derby Photo c.1880,22840,35020
Original Madame Gres Draped Gown c.1880,810,2250
Oversized Cricket Bat Signed Vintage 19th Century Museum Deaccessioned,2950,9290
Mercator Projection Original c.1910 Good Condition,380,1280
Ornate Omega Speedmaster Moonwatch c.1940,29100,96590
Wax Fruit Under Glass Dome c.1960,8800,25000
Unmatched Japanese Samurai Sword Katana Late Victorian,2260,4830
Magnificent Baroque Religious Painting Federal Period,75000,150000
Standing Liberty Quarter Arts & Crafts Era,26040,38370
Authentic Shell Art Valentine Box c.1920,4820,7240
Edwardian Pearl Necklace Federal Period,10860,25850
Miniature Japanese Ukiyo-e Woodblock Print c.1780,1190,1700
Exquisite Hewlett Packard HP-35 Calculator c.1970,11970,19480
Premier Wax Fruit Under Glass Dome,11280,25000
A. Lange & Sohne Saxonia Arts & Crafts Era,3280,5430
Lead Garden Cistern Georgian c.1970,6900,15000
Turquoise Silver Cuff,35010,75000
Distinguished Signed Dickens Volume Museum Deaccessioned,19710,44290
Notable Jacobean Court Cupboard,8410,23600
Outstanding Lantern Clock Brass Reproduction,8450,18000
Delicate Shell Art Valentine Box Post-War,4310,11070
Unmatched Vintage Tube Amplifier c.1820,7740,22770
Finial Cast Iron Roof Arts & Crafts Era Good Condition,6620,13360
Authentic Reclaimed Church Doors Oak Art Nouveau Period Good Condition,6060,15000
Chateau Margaux 1990 c.1950,11020,22680
Minimalist Color Field Georgian Period,65940,150000
Documented Newcomb College Vase c.1950 With Provenance,13620,40000
Notable Stone Lion Garden Statue Pair Museum Deaccessioned,4030,13880
Pediment Fragment Stone c.1950,3400,6370
Outstanding 1945 Mouton Rothschild c.1820,12350,16620
Documented Hank Aaron Home Run Ball Late Victorian With Provenance,5240,12440
Historic Matchbox Lesney Collection Early 20th Century,2290,7070
Superb Berenice Abbott Manhattan Print Edwardian Era Excellent Condition,9620,19370
Oversized Georg Jensen Silver Pitcher From Private Collection,9330,19620
Antique Walking Liberty Half Dollar Federal Period,9290,26590
Sevres Porcelain Clock Garniture Late Victorian,7820,10300
Astrolabe Reproduction Edwardian Era,4080,10050
Exquisite Transformers G1 Optimus Prime,6400,12880
Late Egg Tempera Still Life,50560,87960
Khotan Silk Rug Unrestored,10950,30000
Unique Chinoiserie Lacquer Screen,1530,5180
Choice Skeleton Mechanical Watch,34800,62640
Vintage Lionel Standard Gauge Train Post-War,1800,3060
Antique Mainbocher Evening Dress,7370,14650
Unmatched Orrery Planetary Model,1770,3590
Fine Chinese Cash Coin Collection,30180,94140
Haut-Brion 1989 Belle Epoque Recently Conserved,1310,2930
Brass Samovar Russian c.1860,2420,7830
Girard-Perregaux Laureato,36620,100930
Superb Taxidermy Pheasant Display,1180,2270
Oversized Victorian Cast Iron Gate c.1820 From Private Collection,2780,6520
Magnificent Joe DiMaggio Bat Game Used Late Victorian Good Condition,20530,28440
Period Daum Nancy Pate de Verre 19th Century,1480,2770
Vintage Chopard Diamond Earrings,29080,65660
Restored Medieval English Groat Mid-Century,48870,100000
Exceptional Lee Friedlander Street Print c.1940,12090,21080
Select Depression Glass Collection Regency Period With Certificate,9810,20610
Hitching Post Cast Iron,5130,17600
Historic Desert Storm Challenge Coin Set Mid-Century,610,1800
Attributed Tiffany Sterling Flatware Set c.1800,5410,17900
Rare Whittled Walking Cane c.1940 Museum Deaccessioned,2490,6750
Mdina Glass Paperweight Arts & Crafts Era,460,1240
Fine British Guiana One Cent Magenta Mid-Century,13650,37030
Provenance Curta Calculator Type II,9270,23370
Provincial Zenith El Primero From Private Collection,42340,70310
Rare Irish Silver Sugar Bowl,3810,11330
Continental Agra Palace Carpet Arts & Crafts Era,3420,5320
Victorian Emerald Brooch,19660,61960
Estate Victorian Silver Candelabra Art Deco Period,8510,16720
Ornate Sardonyx Intaglio Ring,15660,33070
Original Pairpoint Puffy Boudoir Lamp 18th Century Estate Fresh,7220,13110
Russian Niello Silver Box As Found,2490,6700
Provenance Boulle Marquetry Bracket Clock,1390,4100
Ornate Orrefors Crystal Vase Signed Arts & Crafts Era Recently Conserved,2380,3620
Vintage India Scinde Dawk,21390,38120
Signed Maori Carved Tiki Figure,10770,19380
Unique Whirligig Carved Sailor c.1910,5530,17650
Certified Pietra Dura Inlay Table Top c.1950 With Certificate,3920,6370
Provenance Victorian Silver Toast Rack c.1970,6660,11710
Armillary Sphere Desktop Art Nouveau Period,1160,1590
Delicate Thorens TD-124 Turntable c.1950,6590,14340
Grand Georg Jensen Silver Pitcher Modernist Period,280,430
Important Depression Glass Collection,9490,22200
Weather Vane Rooster Copper,8260,13480
Ancient Map Folio,24120,50000
Pristine Civil War Battlefield Map Unrestored,2650,4740
Scarce Soviet Constructivist Propaganda Poster c.1920,1040,2570
Fine Japanese Kimono Silk Vintage Late Victorian,18390,55500
Pristine Decoy Shorebird Carved,5690,9100
Antique Pewter Miniature Set Regency Period,21440,35640
Stone Abstract Form,9360,22670
Exquisite Ship's Bell Clock Chelsea As Found,7260,18000
Published Meccano Construction Set Vintage,2490,4710
Banjo Clock American Federal c.1840,3790,8650
Fine Oushak Wool Carpet Regency Period With Provenance,5370,10960
Rare Sardonyx Intaglio Ring 19th Century As Found,6450,12240
Certified Cast Iron Fire Engine c.1910,5470,13260
Staffordshire Spaniel Pair Regency Period,13570,40000
Provenance Vintage Armagnac 1893 With Provenance,9350,19600
Scarce WWI Trench Art Vase Mid-Century Good Condition,4700,9250
Important Polynesian Tapa Cloth c.1820 From Private Collection,4210,9850
Jaguar Leaper Hood Ornament,1580,3630
Choice Skeleton Mechanical Watch c.1880 From Private Collection,28030,90160
Scarce Moonstone Cocktail Ring Belle Epoque,12300,36180
Greek Tetradrachm,4520,13650
Original Zeppelin Mail Cover 19th Century,16610,40820
Documented Tiger Woods Tournament Putter c.1940,3110,7620
Ancient Roman Aureus From Private Collection,20740,41880
Fine Monaco Grand Prix Program 1962 c.1910,1350,3840
Provincial Ukulele Martin Style 5K,19720,60000
Colonial Terra Cotta Garden Planter Large 18th Century,1860,2850
Authentic Revenue Stamp Collection c.1820,18980,43760
Chinese Tang Dynasty Mirror,28450,60000
Pave Diamond Bangle,3650,10150
Pristine Michael Jordan Game Jersey Museum Deaccessioned,6140,14000
Remarkable Drafting Instrument Set Cased,2680,7610
Sterling Silver Cigar Box c.1840 Excellent Condition,1010,1800
Notable Calculating Machine Brunsviga Good Condition,390,1070
Superb Mercator Projection Original,1870,3990
Grand Treasure Map Replica Framed Good Condition,4660,12000
Notable Maserati Trident Badge Collection Georgian Period,1500,4320
Maori Carved Tiki Figure Empire Period,10270,19570
Remarkable Hitching Post Cast Iron Mid-Century,4760,12590
Distinguished Brass Samovar Russian c.1970,6850,15760
Period Bessarabian Floral Kilim c.1820 From Private Collection,9270,30000
Provenance Victorian Military Medals Group c.1910,7640,20000
Fine Antique Fireplace Mantel Marble Excellent Condition,340,820
Weller Sicard Vase Late Victorian,18250,24670
Magnificent Louis Vuitton Trunk Antique Arts & Crafts Era,12600,35000
Hamada Shoji Tea Bowl,950,1480
Quilt Log Cabin Pattern,5590,15620
Authentic Valentino Couture Cape Art Deco Period With Certificate,17100,27430
Superb Rhodes Mark I Stage Piano Excellent Condition,8360,12490
Exhibited Tramp Art Frame Layered,2270,4430
Stainless Steel Modern Piece c.1930 Excellent Condition,33050,80000
Important Bentley Flying B Mascot c.1800,1820,3910
Scarce Reclaimed Barn Door,5120,13270
Provenance Seed Pearl Collar Necklace c.1970,9470,14780
Late Mobil Pegasus Neon Sign,2180,3180
Distinguished Hall Tree Coat Stand c.1880,1880,2520
Restored Fencing Foil Set Antique Art Nouveau Period Estate Fresh,1830,5800
Meccano Construction Set Vintage 18th Century From Private Collection,1110,3570
Exhibited Berlin Woolwork Needlepoint c.1840,1220,4000
Select Bobby Orr Signed Stick c.1940 Recently Conserved,220,320
Star Chart Celestial 1800s 19th Century Excellent Condition,4180,6880
Jade Carving Belle Epoque,11090,32830
Period Resin Cast Figure,16530,52960
Authentic Art Nouveau Display Cabinet,11050,25000
1982 Petrus Pomerol c.1940 From Private Collection,1400,4670
Superb Hitching Post Cast Iron,360,540
Chronometer Marine Deck Post-War From Private Collection,1060,2960
Russian Niello Silver Box 19th Century,2090,5790
Backgammon Set Leather Vintage Regency Period,2700,3780
Published Opus One Vertical Collection c.1820,7040,12940
Continental Welded Steel Abstract c.1780 Recently Conserved,8180,20500
Limoges Enamel Box Collection Early 20th Century,3180,4710
Continental Rhodes Mark I Stage Piano Mid-Century Recently Conserved,22080,60000
Ornate Opus One Vertical Collection c.1900,1400,2430
Grand Welded Steel Abstract c.1940,21260,45010
Historic Stumpwork Embroidery Panel c.1780,4630,7920
Pristine Candelabrum Bronze Empire,5680,8910
Unique Oil on Canvas Landscape,58990,147910
Unique Teddy Ruxpin Working c.1820,700,2140
Magnificent Ink Wash Landscape,63200,150000
Kosta Boda Art Glass Bowl c.1930,3670,6540
Delicate Carved Coral Cameo Pendant c.1970,5330,9580
Nintendo Entertainment System Boxed,7010,19690
Banjo Clock American Federal With Provenance,6510,9940
Antique City Plan Paris 1750 Modernist Period Estate Fresh,1360,2270
Attributed Hydrographic Chart Coastal c.1800 From Private Collection,5300,12000
Vintage Toulouse-Lautrec Moulin Rouge Poster c.1900 Good Condition,5420,12000
Monumental Weather Vane Rooster Copper,1150,3310
Distinguished City Plan Paris 1750 Arts & Crafts Era From Private Collection,1050,2110
Colonial Chinese Cash Coin Collection c.1780,28600,69130
Estate Arts Crafts Pewter Vase c.1860,7420,20000
Exceptional Aboriginal Dot Painting Canvas,15440,36510
Antique Vintage Croquet Set Complete Georgian Period With Provenance,400,860
Exquisite Hermes Kelly Bag Post-War,14620,35000
Fine Sundial Bronze Armillary Empire Period,1320,2730
Antique Tennis Racket,3770,7720
Oversized Pop Art Screen Print,16720,56230
Georgian Gold Locket Mid-Century Excellent Condition,740,2150
Sextant Ebony Frame Edwardian Era,3220,4560
Select Bracket Clock Georgian Ebony 19th Century,8140,18000
Scarce Copper Patina Sculpture Federal Period,3660,8740
Rare Shakespeare First Folio Page,2480,5750
Exhibited Mexican Sterling Serving Tray,5440,10200
Ornate Van Briggle Lorelei Vase Late Victorian,2010,3270
Concertina Wheatstone English,15970,30470
Fine Sundial Bronze Armillary Belle Epoque,2950,9570
Unmatched Leather Gun Case Victorian c.1940,5420,7640
Oversized Abstract Expressionist Work c.1910,6400,11420
Tower Clock Movement Antique,6920,13400
Notable Treasure Map Replica Framed Modernist Period,5940,12000
Restored Impressionist Garden Scene Belle Epoque,20710,29220
Lewis & Clark Expedition Map From Private Collection,4870,12000
Original Error Stamp Collection c.1970,3440,7920
Outstanding US Airmail Stamp Collection Arts & Crafts Era,21030,50000
Certified Chinese Art Deco Carpet Modernist Period Good Condition,5370,7630
Schuco Micro Racer,5010,15000
Premier Romanee-Conti Grand Cru 2005 Arts & Crafts Era,5000,7450
Continental Orrefors Crystal Vase Signed Modernist Period,5320,11030
Empire Mahogany Bookcase,7640,15250
Ornate Art Deco Mantel Clock c.1780,3360,10560
Ornate Georgian Silver Candlestick Pair,5630,18960
Important Rolex Submariner Estate Fresh,51150,120000
Cindy Sherman Untitled Film Still From Private Collection,12720,30000
Accordion Hohner Gola,11630,33100
Hasselblad 500C Camera From Private Collection,7450,13610
Mdina Glass Paperweight,6560,22490
Railroad Pocket Watch With Certificate,55370,120000
Falklands War Memorabilia Group,4570,7850
Certified Soapstone Animal Carving Good Condition,12510,20760
Delicate Concertina Wheatstone English,20580,36280
Monumental Nurses Watch Enamel Dial Empire Period Unrestored,340,830
Audubon Birds Print,2590,7430
Original Antique Bible Leather Bound Unrestored,19650,35940
Sextant Ebony Frame,2870,9730
Exhibited Tortoiseshell Tea Caddy,1170,1540
Cheval Blanc 1947 Post-War,4720,11690
Oversized First Day Cover Collection,23790,50000
Choice WWII Aviator Leather Jacket,4490,8140
Restored Boot Scraper Cast Iron Museum Deaccessioned,6020,13760
Important Suzani Embroidered Textile 18th Century,7240,12130
Meissen Porcelain Figurine,3420,7100
Darwin Origin of Species 1st Ed c.1820,21970,43300
Girandole Mirror Candelabra c.1780,6820,20000
Colonial Victorian Botanical Atlas c.1910,22650,50000
Lanvin Art Deco Evening Bag c.1840,17270,35000
Oversized Murano Glass Chandelier 12 Arm c.1970,2540,7150
Pristine Swiss Tourism Poster Vintage,5370,9260
Chinese Cash Coin Collection With Certificate,16340,38810
Indian Mughal Miniature Painting c.1930,5430,14450
Taper Stick Silver Georgian Post-War,5740,9510
Oversized Skeleton Clock Victorian c.1930,8280,18000
Premier Falklands War Memorabilia Group Art Deco Period,7240,17100
Chateau Margaux 1990,12030,25000
Alexandrite Pendant,27830,75000
Remarkable Buddy L Pressed Steel Truck c.1920,2070,6210
Louis Vuitton Trunk Antique,1360,4420
Unique Saint Louis Crystal Goblet Set Georgian Period,10340,19700
Unique Zulu War Assegai Spear,3620,12060
Choice Indonesian Wayang Puppet Antique c.1860,10590,20070
Provenance Chanel Tweed Jacket Vintage Federal Period,5980,17610
Original Chinese Cash Coin Collection Belle Epoque,27400,59090
Important WPA Federal Art Project Poster With Provenance,1200,2400
Hall Tree Coat Stand Early 20th Century,10250,25000
Scarce Star Chart Celestial 1800s,1090,2700
Superb Sweden Treskilling Yellow c.1780,24130,50000
Early Multi-Strand Pearl Choker Unrestored,10680,30450
Published Loetz Iridescent Art Glass Vase With Certificate,980,3420
Ancient Map Folio Regency Period,1570,4970
Period Apothecary Scale Marble Base c.1900 Estate Fresh,7400,15000
Fine Billiard Cue Antique Inlaid From Private Collection,2020,3860
Outstanding Sony Walkman TPS-L2 Original 19th Century Museum Deaccessioned,6500,19460
Outstanding William Eggleston Color Print Post-War,10900,21370
Unique Irving Penn Still Life Print Unrestored,11140,28560
Haida Argillite Carving c.1940,2000,5060
Jane Austen First Edition,22300,50000
Grand Wedgwood Jasperware Plaque c.1800 Unrestored,2520,6520
Estate Wedgwood Jasperware Plaque Estate Fresh,16820,22930
Unique Longcase Grandfather Clock Early 20th Century,5020,6600
Delicate Civil War Officer's Sword,6840,17010
Majolica Garden Seat Recently Conserved,3820,10730
Miniature Ormolu Mounted Marble Urn Estate Fresh,5390,18640
Pristine Tiffany Diamond Solitaire,32280,75000
Campaign Officer's Chest 19th Century,2580,8200
McIntosh MC275 Amplifier Estate Fresh,13440,27920
Unique Waterford Crystal Decanter Set Mid-Century,790,1910
1794 Flowing Hair Dollar,43480,59110
Premier Japanese Tea Ceremony Kettle,15210,37810
Magnificent Tower Clock Movement Antique c.1940 Museum Deaccessioned,4140,7740
Remarkable Boxing Gloves Vintage Leather Georgian Period,3700,10850
Hank Aaron Home Run Ball c.1970,3480,4870
Hydrographic Chart Coastal,4830,7790
Late Hitching Post Cast Iron Georgian Period Excellent Condition,4740,9970
Published Microscope Brass Compound c.1970 From Private Collection,2040,5290
Signed Cast Iron Garden Sculpture,33650,80000
Ming Dynasty Blue White Vase,1360,4450
Superb Terracotta Statuette Arts & Crafts Era,2650,7580
Unique Newel Post Cap Bronze Mid-Century,5140,14550
Remarkable Polo Mallet Collection Excellent Condition,3140,9210
Early Greek Tetradrachm,5650,8790
Plaster Maquette Excellent Condition,9050,26680
Dobro Resonator Guitar Vintage,25080,60000
Early Georgian Gold Locket Recently Conserved,14560,42800
Remarkable Flemish Verdure Tapestry,2190,3720
Rare Surveyor's Transit Brass Regency Period,3470,8380
Fine Jackie Robinson Dodgers Cap Federal Period Good Condition,18720,30050
Frederick Carder Steuben Aurene As Found,6080,17570
Tanzanite Tennis Bracelet,35440,75000
Victorian Porch Brackets Pair Museum Deaccessioned,1380,4040
Antique Garden Fountain Tiered Stone c.1940,330,800
Period Encaustic Wax Painting Post-War,56320,139680
Important Vintage Pucci Silk Dress c.1880,17310,35000
Provincial Native American Kachina Doll Arts & Crafts Era With Provenance,13960,40000
Mdina Glass Paperweight c.1900,4430,11800
Attributed Chopard Diamond Earrings 19th Century,9800,15410
Important Hasselblad 500C Camera 19th Century,1310,2380
Georg Jensen Silver Pitcher c.1840,8490,11820
Antique Bakelite Telephone Rotary 18th Century,380,1170
Exquisite Glass Blown Sculpture c.1950,24250,65670
Remarkable Staffordshire Spaniel Pair,8960,13670
Ludwig Vistalite Drum Kit,18290,54290
Choice Virginia Woolf First Edition Late Victorian,4380,6860
Irving Penn Still Life Print,2950,7410
Exquisite Hydrographic Chart Coastal c.1820,3680,4960
Estate Magnifying Glass Sterling Handle Empire Period,2200,6200
Historic Macallan 25 Year Single Malt Arts & Crafts Era,4130,12020
Exquisite Bach Stradivarius Trumpet,22160,53540
Grand Joel Meyerowitz Cape Light Print,12090,30000
Choice Newel Post Cap Bronze Georgian Period With Certificate,5020,11130
Restored Georg Jensen Silver Pitcher Regency Period Unrestored,3160,5320
Brass Samovar Russian c.1950 From Private Collection,7440,20000
Museum Quality Portolan Chart Mediterranean c.1860,940,3170
Superb Davenport Writing Desk c.1970 Excellent Condition,2050,2900
Exceptional Chinoiserie Lacquer Screen,6420,11490
Original Sailor Valentine Shell Art,8190,18000
Provenance Burmese Lacquerware Box,13190,22760
Matched Civil War Officer's Sword Edwardian Era,6880,20000
Superb Seated Liberty Half Dollar,10590,17720
Signed Marantz 2270 Receiver Estate Fresh,12830,30000
American Coin Silver Spoons Recently Conserved,7510,20000
Vintage Color Field Painting Large,15010,50170
Dunhill Leather Briefcase,3480,11080
Romanee-Conti Grand Cru 2005 Art Deco Period With Certificate,1340,2920
Choice Delft Tulip Vase Modernist Period Excellent Condition,12780,31710
Kosta Boda Art Glass Bowl 18th Century,8050,16300
Documented Antique Wrought Iron Chandelier c.1780,620,1700
Matched Impressionist Garden Scene c.1900,10170,25450
Antique Surveyor's Transit Brass Art Deco Period,3550,7280
Remarkable Weather Vane Rooster Copper c.1880 With Provenance,4740,9230
Period Mdina Glass Paperweight Post-War,2700,4870
Select Tlingit Chilkat Blanket,17760,40000
Outstanding Dulcimer Appalachian Mountain c.1920 Recently Conserved,21410,60000
Unmatched Victorian Gas Wall Sconce Pair Art Deco Period,8240,20000
Art Deco Automobile Mascot Modernist Period,1100,1790
Mobil Pegasus Neon Sign With Certificate,1400,1900
Museum Quality Acrylic Abstract Edwardian Era,9380,29280
Exceptional Plaster Maquette,5460,17240
Rare Vintage Ferragamo Pumps,5530,12710
Hennessy Paradis Imperial c.1840,9190,21940
Rare Khmer Sandstone Apsara Relief Modernist Period,10950,20550
Published Bidjar Iron Rug,1920,5610
Seed Pearl Collar Necklace Modernist Period,16200,39550
Original Onyx Decorative Figure,20820,31540
Backgammon Set Leather Vintage,480,790
Resin Cast Figure,25520,54590
Exhibited Mercator Projection Original,2050,6320
Period Vernis Martin Vitrine Display Case Post-War With Certificate,1350,2280
Period Art Nouveau Bronze Table Lamp Mid-Century,2170,5330
Raku Tea Ceremony Bowl c.1880,3550,8410
Ashanti Gold Weight Bronze c.1960,900,2900
Distinguished Apothecary Scale Marble Base Federal Period Excellent Condition,3350,9220
Certified Rushlight Holder Iron c.1920,9410,14950
Period Corbel Carved Wood Victorian,760,1510
Industrial Factory Pendant c.1920,7460,15330
Exquisite Color Field Painting Large c.1800,8370,26160
Zuni Fetish Carving Collection c.1880,17850,30120
Provenance Cold War Era Spy Camera 19th Century,6890,20000
Stone Lion Garden Statue Pair,3960,5730
Attributed Quezal Art Glass Shade,10250,25000
Exquisite Cassandre Normandie Poster c.1780 As Found,3580,10720
Comtoise Clock French Provincial Federal Period,8850,18000
Authentic Chopard Alpine Eagle Georgian Period,31610,48380
Documented Sepik River Ancestor Figure c.1930,3620,8140
Rare Olympic Games Poster Collection Late Victorian Excellent Condition,3810,6700
Restored Lewis Carroll Alice 1st Ed c.1860 Museum Deaccessioned,24080,36440
Confederate Currency Note Recently Conserved,32330,78080
Fine Michael Jordan Game Jersey 18th Century,1260,1840
Unique 1913 Liberty Head Nickel,48990,68300
Stone Lion Garden Statue Pair Georgian Period,2510,4700
Documented First Edition Hemingway Novel c.1780 Recently Conserved,21060,50000
Treasure Map Replica Framed c.1820,4790,6850
Scarce Cabochon Emerald Brooch c.1910 Museum Deaccessioned,26370,52200
Fine Greek Tetradrachm Arts & Crafts Era Museum Deaccessioned,3220,5990
Authentic Antique Sapphire Earrings,37050,75000
Magnificent Scrimshaw Whale Tooth c.1940 As Found,3330,4730
Unmatched Art Deco Beaded Flapper Dress Empire Period,11160,35000
Attributed Charcoal Cityscape Drawing c.1800,30810,62880
Oversized Grain Painted Blanket Chest As Found,1780,4180
Buffalo Nickel Proof 19th Century Recently Conserved,47130,70300
Vintage Painted Fireboard Scene,2500,7090
Japanese Koban Gold Regency Period,6620,14710
Magnificent Apothecary Scale Marble Base,4680,13250
Miniature Billiard Cue Antique Inlaid,5810,12000
Unique Calculating Machine Brunsviga c.1860 From Private Collection,1230,1690
Norman Rockwell Saturday Evening Post c.1840 Museum Deaccessioned,5670,12000
Unique Haut-Brion 1989 c.1800,780,1430
Hamilton Khaki Field,35730,51240
UN First Issues Collection,7810,20260
Outstanding First Edition Hemingway Novel Georgian Period,16360,47740
Terra Cotta Garden Planter Large Art Nouveau Period,470,1580
Durand Pulled Feather Vase From Private Collection,12300,25000
Suzani Embroidered Textile c.1950 Museum Deaccessioned,6060,18590
Exquisite Carved Limestone Angel Art Deco Period Recently Conserved,35010,56130
Hair Art Memorial Wreath Post-War Excellent Condition,3470,6180
Exquisite Silver Trophy Cup Engraved Mid-Century,9250,20000
Early Yoruba Ibeji Twin Figure c.1950,2550,7720
Late Butler's Tray Table c.1820,5960,13390
Grand Woodstock Festival Poster,5320,8450
Copper Ale Jug Georgian Late Victorian,6500,14440
Historic Loetz Iridescent Art Glass Vase Mid-Century Excellent Condition,2000,4000
Documented Bessarabian Floral Kilim Georgian Period,7980,24900
Kobe Bryant Rookie Card Georgian Period,3010,8190
Edwardian Silver Card Case With Provenance,2160,4220
Original Morgan Silver Dollar BU Art Deco Period,4700,6930
Premier WWII German Binoculars Belle Epoque,1100,3550
Fine Lee Friedlander Street Print,2460,5790
Distinguished French Foreign Legion Kepi Art Deco Period,5680,19820
Isfahan Silk Rug,7060,12580
Antique Moorcroft Pomegranate Vase c.1880,12320,26230
Wheel Barometer Rosewood From Private Collection,8330,14530
Matched Colonial Continental Dollar Regency Period,14140,28350
Late Vintage Tube Amplifier Empire Period From Private Collection,2070,4990
Historic Kutani Porcelain Plate c.1910,16230,40000
Matched Galle Cameo Glass Vase Museum Deaccessioned,10660,14530
Tlingit Chilkat Blanket c.1780,3870,9980
1909-S VDB Lincoln Penny Mid-Century From Private Collection,22560,39020
Premier Japanese Ukiyo-e Woodblock Print,2320,6960
Zither Concert Model Antique Good Condition,24350,60000
Klipschorn Speaker Pair c.1800,14730,30000
Ancient Greek Hoplite Shield Fragment Mid-Century,3570,10340
Notable Opus One Vertical Collection Excellent Condition,7250,22410
Period Lalique Crystal Bacchantes Vase c.1910,6720,18190
Neo-Expressionist Canvas,30070,90240
Antique Imari Charger Early 20th Century With Provenance,10510,22020
Castrol Oil Can Collection Mid-Century,2310,5000
Historic Dobro Resonator Guitar Vintage,12870,33710
Fine Lionel Standard Gauge Train Georgian Period,4010,6220
Early Leather Gun Case Victorian c.1970 Estate Fresh,5010,12000
Early Oil on Canvas Landscape c.1880,48400,101520
Antique Derek Jeter Game Bat With Provenance,18440,35000
Rare Sterling Silver Cigar Box,5590,15240
Exquisite Burmese Lacquerware Box Federal Period,16360,40830
Fine Serena Williams Match Racket,20020,50000
Attributed Blaeu Wall Map Art Deco Period From Private Collection,5020,12000
Ornate Loetz Iridescent Art Glass Vase c.1920,6990,19400
Castrol Oil Can Collection c.1930,1840,5000
Papua New Guinea Spirit Mask Post-War As Found,4150,6220
Sundial Pocket Brass Regency Period,280,790
Original Stephen Shore Uncommon Places Museum Deaccessioned,13340,30000
Mercury Dime Full Bands,10760,36810
Ornate Victorian Silver Toast Rack,4690,7870
Arts & Crafts Mica Shade Lamp With Provenance,3890,13090
Theorem Painting on Velvet Recently Conserved,6930,17000
Original Japanese Lacquer Writing Box Post-War Recently Conserved,800,2220
Choice Givenchy Audrey Hepburn Dress c.1840,4220,13420
Soviet Constructivist Propaganda Poster Regency Period,5480,12000
Exhibited Night Clock Oil Lamp Italian,390,990
Authentic Victorian Emerald Brooch c.1940,7520,17040
Grand Panoramic City View Lithograph c.1950 With Provenance,70,200
Continental Pewter Miniature Set Art Deco Period,36940,80000
Premier Dinky Toys Collection Boxed Post-War,5550,14400
Early Alphonse Mucha Art Nouveau Print As Found,5130,12000
Unmatched Art Nouveau Silver Photo Frame Edwardian Era,520,1110
Published Arts & Crafts Mica Shade Lamp c.1820,2280,4000
Exceptional Concertina Wheatstone English,24340,60000
Attributed Queen Anne Highboy Mid-Century,10200,19460
Continental Brass Telescope Victorian,1470,4640
Exceptional Christian Dior Bar Suit Art Deco Period,8490,21740
Authentic Corbel Carved Wood Victorian Belle Epoque,5630,14960
Miniature Mixed Media Collage c.1840,28420,77320
Vintage Chinese Cloisonne Vase c.1950,8310,25100
Shakespeare First Folio Page,7890,15020
Late Durand Pulled Feather Vase Museum Deaccessioned,7450,24470
Matched Vintage Ferragamo Pumps,7080,12020
Important Encaustic Wax Painting c.1940 From Private Collection,68210,150000
Garden Fountain Tiered Stone c.1970,7380,15000
Fine Vintage Rolls Royce Hood Ornament c.1820,2170,3880
Fine Antique Brass Door Hardware Set,110,160
Delicate Swiss Cantonal Issue,17370,30910
Civil War Letters Collection,10530,34360
Gutenberg Bible Leaf,16050,28610
Sepik River Ancestor Figure c.1820,19840,40000
Fishing Creel Wicker Antique Late Victorian From Private Collection,1490,4010
Silver Mounted Cut Glass Claret Jug Modernist Period,2590,7600
Antique Magnifying Glass Sterling Handle c.1820,3710,8560
Khotan Silk Rug Estate Fresh,4830,13300
Colonial Sevres Porcelain Clock Garniture,5280,9580
Rolex Submariner c.1940,59400,120000
Unique Spanish Doubloon,42210,59810
Select Sony Walkman TPS-L2 Original c.1950,11260,25000
Choice Cabbage Patch Kids Original 19th Century Good Condition,2120,3850
Remarkable Ted Williams Signed Photo c.1960,5740,14840
Ornate Shaker Oval Box Nested Set c.1970,3310,8200
Ornate Lantern Clock Brass Reproduction,2690,5130
Biedermeier Secretaire c.1970,1850,6260
Exhibited Bracket Clock Georgian Ebony Regency Period,1520,4890
Published Pillar Clock Biedermeier c.1960,6250,18000
Scarce Lucie Rie Stoneware Bowl Edwardian Era,10960,23330
Documented Lucie Rie Stoneware Bowl c.1860,4960,16880
Choice GI Joe Prototype,140,290
Magnificent Silver Mounted Cut Glass Claret Jug,8080,20000
Dunhill Leather Briefcase c.1970,16830,25980
Outstanding Incunabulum Leaf 1480s,5120,7110
Hans Coper Spade Form,16740,36480
Buccellati Silver Bowl Edwardian Era Estate Fresh,8090,12700
Sterling Silver Cigar Box Empire Period,1750,4190
Historic Wheel Barometer Rosewood,2980,4090
Published Cappiello Campari Poster c.1910,2040,6630
Signed Rolex Submariner,2240,4080
Period Cheval Blanc 1947 19th Century,8380,24110
Matched Macallan 25 Year Single Malt Museum Deaccessioned,8250,24780
Superb Compass Surveyor's Brass Excellent Condition,760,1830
Distinguished Astrolabe Reproduction,1380,3880
Hammond B3 Organ c.1820,14460,44600
Premier Man Ray Rayograph Mid-Century Unrestored,7500,10440
Late Pave Diamond Bangle c.1910,22140,68440
Magnificent Art Deco Mantel Clock,8570,18000
Antique Sapphire Earrings,20250,37000
Audemars Piguet Royal Oak c.1910,40940,99140
Resin Cast Figure Edwardian Era,19020,47020
Notable Diamond Riviere Necklace,9280,14520
Grand Lewis Carroll Alice 1st Ed Late Victorian,11620,22570
Vintage Dashboard Clock Jaeger Art Nouveau Period,1620,2690
Delicate Schiaparelli Shocking Pink Hat c.1950,1380,3280
Chinoiserie Lacquer Screen Post-War,10440,15610
Magnificent Rolleiflex TLR Camera Unrestored,7490,18800
Signed 1982 Petrus Pomerol,12460,25000
Important Barbie #1 Original 1959,3890,13120
Confederate States Collection c.1920,20080,50000
Antique Ortelius Theatrum Orbis Page Early 20th Century With Certificate,1210,3630
Attributed Quilt Log Cabin Pattern Belle Epoque,4650,14320
Exceptional Seiko Grand Seiko Spring Drive Georgian Period,14100,36470
Japanese Samurai Sword Katana Edwardian Era,26020,45120
Ornate Gilded Rococo Console Table c.1800 Excellent Condition,9450,23290
Unmatched Vintage Pucci Silk Dress Regency Period,10080,16730
Matched Found Object Assemblage,4840,9220
Distinguished Ancient Roman Aureus,44100,100000
Important Tortoiseshell Tea Caddy,9610,21780
Remarkable Playmobil First Series Set Regency Period,5860,11030
Documented Shell Oil Porcelain Sign,1140,2490
Late Daum Nancy Pate de Verre c.1900,9990,13280
Provincial Marine Chronometer Boxed Excellent Condition,3460,7170
Attributed Regulator Dial Wristwatch,27210,53450
Night Clock Oil Lamp Italian Late Victorian,2770,7010
Exquisite Louis XV Bergere Chair Georgian Period Recently Conserved,9890,19570
Colonial Carousel Horse Carved Wood c.1900 Estate Fresh,5860,18000
Colonial Silver Trophy Cup Engraved c.1840 With Certificate,5260,14440
Grand Lewis Carroll Alice 1st Ed Post-War,19890,47220
Early Victorian Chaise Lounge c.1780,4190,8530
Museum Quality Raku Tea Ceremony Bowl With Provenance,8940,25740
Taxidermy Pheasant Display c.1920,4150,12000
Hermes Birkin Bag Regency Period,2490,7710
Outstanding Ancient Roman Aureus c.1800,30600,100000
Distinguished Girard-Perregaux Laureato Regency Period,28570,64970
Mercedes Benz Star Emblem Vintage 19th Century,920,2120
Important Antique Kashan Carpet Early 20th Century,3500,4750
Matched Regency Silver Sauce Boat Late Victorian,7120,20000
Exceptional Drafting Instrument Set Cased,7160,15000
Vintage Pele Signed Brazil Shirt Early 20th Century,6130,14380
Chanel Classic Flap Bag,16230,35000
Premier Conn 8D French Horn Regency Period,28210,52110
Biedermeier Secretaire,10860,25000
Continental Mandolin Gibson F-5 Lloyd Loar c.1960,15300,41140
Certified Agra Palace Carpet Federal Period,11880,26980
Attributed Citizen Chronomaster Unrestored,47430,120000
Select Maserati Trident Badge Collection Mid-Century,1590,4130
Superb Vietnam War Flight Helmet c.1780,4150,12660
Certified Victorian Garden Bench Iron c.1840,1360,2530
Ornate Cold War Era Spy Camera Post-War Unrestored,9790,20000
Haida Argillite Carving 19th Century Excellent Condition,3610,7860
Rare Copper Ale Jug Georgian Edwardian Era,5460,11390
Matched Tom Brady Signed Football c.1900,12310,41100
Ormolu Mounted Marble Urn Good Condition,3380,7660
Lantern Clock Brass Reproduction,6710,9030
Chinese Cloisonne Vase Post-War,5640,9230
Important LEGO Castle Set Vintage,4350,8400
Monumental Tribal Caucasian Kazak Rug Post-War With Provenance,5320,8740
Colonial Beadwork Purse Victorian c.1800 With Certificate,11190,18790
Exceptional Baroque Religious Painting Edwardian Era,11660,18230
Exceptional Calculating Machine Brunsviga,1760,4480
Rare Victorian Cast Iron Gate Federal Period,740,2550
Period Carnival Glass Punch Bowl Set Georgian Period,10830,23520
Notable Art Nouveau Bronze Table Lamp With Certificate,4410,10910
Gilt Bronze Candelabra Pair Belle Epoque,7500,23410
Distinguished Walt Whitman Leaves of Grass 1st Ed c.1910,2370,5950
Unique Art Nouveau Display Cabinet c.1800,4560,6480
Attributed GI Joe Prototype c.1970 Excellent Condition,2870,7820
Unmatched Polo Mallet Collection c.1970,4980,12000
Masters Tournament Flag Signed Unrestored,24200,40470
Superb Serena Williams Match Racket Late Victorian,24670,50000
Distinguished Concrete Brutalist Form,12880,44780
Remarkable Portolan Chart Mediterranean Edwardian Era,4270,10530
Documented Billiard Cue Antique Inlaid c.1860,2430,7570
Marble Bust Early 20th Century,5980,8160
Colonial Chronometer Deck Watch Naval c.1940,10610,23970
Signed WPA Federal Art Project Poster c.1840 With Provenance,3130,7170
Exquisite Thai Bronze Buddha Seated c.1860,23610,60000
1961 Chateau Latour Estate Fresh,8350,25000
Oversized Chopard Diamond Earrings Arts & Crafts Era,760,1700
Published Enamel Locket Gold Chain 19th Century Unrestored,30250,60330
Authentic Neo-Expressionist Canvas,68430,150000
Authentic France Ceres Issue Georgian Period,3530,7160
Exquisite Civil War Officer's Sword,3170,5020
Boer War Medal Group c.1840 Museum Deaccessioned,7230,12150
Choice Art Deco Figurative Painting As Found,31640,63340
Attributed Modernist Composition c.1920 Good Condition,43720,99370
Unique Film Noir Movie Poster Original c.1950,3740,10020
Babe Ruth Signed Baseball Arts & Crafts Era With Provenance,1500,2410
Georgian Silver Tea Set Mid-Century Good Condition,8250,12430
Exceptional Theodolite Surveying Instrument,430,920
Provenance Hermes Birkin Bag Late Victorian,3330,6560
Signed Satsuma Vase Meiji Period c.1840,13700,40000
Klipschorn Speaker Pair As Found,5600,16840
Original Antique Brass Car Horn Modernist Period,90,150
Select Venetian Lattimo Glass Bowl From Private Collection,7180,13940
Mercury Dime Full Bands Georgian Period,4220,12150
Ornate Gilt Bronze Candelabra Pair From Private Collection,2370,7670
Choice Newel Post Cap Bronze,1030,2660
Playmobil First Series Set c.1930,7500,15000
Pristine Antique Celestial Globe Arts & Crafts Era,5010,10810
Vintage Revenue Stamp Collection Estate Fresh,13600,23790
Premier Swiss Cantonal Issue c.1780,5460,13810
Unique Emily Dickinson Manuscript c.1860,13130,19810
Authentic Calculating Machine Brunsviga Modernist Period,3390,10200
Certified Spain Classic Period Collection Federal Period,24900,50000
Superb Nintendo Entertainment System Boxed,11480,21680
Exquisite Apothecary Cabinet c.1780,170,600
Remarkable Japanese Kimono Silk Vintage Belle Epoque,24820,38830
Japanese Ukiyo-e Woodblock Print c.1910,3080,5580
Stumpwork Embroidery Panel Georgian Period,3230,7520
Signed Sony Walkman TPS-L2 Original c.1800 Unrestored,820,1160
Matched Carriage Clock Brass Repeating,5930,12760
Miniature Comtoise Clock French Provincial c.1780,7540,18000
Superb Stone Lion Garden Statue Pair,4680,9000
Early Social Realist Mural Study 18th Century Recently Conserved,14540,20340
Monumental Yquem Sauternes 1967 Early 20th Century,12130,25000
George Ohr Puzzle Mug Excellent Condition,15080,20310
Magnificent Film Noir Movie Poster Original Edwardian Era Good Condition,4350,9940
Documented Ziegler Mahal Carpet 18th Century,10790,30000
Distinguished Buddy L Pressed Steel Truck Art Deco Period,5970,10010
Rare Peace Dollar Uncirculated c.1950 Good Condition,5220,10930
Provenance Napoleonic Era Cavalry Saber,9720,13810
Zulu War Assegai Spear,7340,20000
Hunting Horn Silver Mounted c.1910 Unrestored,4510,12000
Distinguished Alphonse Mucha Art Nouveau Print 18th Century,4840,9560
Late Wedgwood Jasperware Plaque Belle Epoque With Provenance,15280,27230
Japanese Kimono Silk Vintage c.1970,29200,54980
Colonial Berenice Abbott Manhattan Print,12000,17660
Neo-Expressionist Canvas Modernist Period,56420,106360
Unique Curta Calculator Type II With Provenance,4810,13740
Rare Oil on Canvas Landscape Recently Conserved,70730,115870
Documented Chinese Export Silver Tea Caddy Excellent Condition,290,470
Remarkable Trade Sign Optician Spectacles c.1900 Excellent Condition,3100,9070
Exceptional Raku Tea Ceremony Bowl c.1840 Museum Deaccessioned,18940,40000
Proof Silver Eagle Set c.1940 Good Condition,21540,67930
Baccarat Crystal Wine Glasses From Private Collection,1000,2430
Wurlitzer Electric Piano,21860,56380
Wurlitzer Electric Piano With Certificate,28010,60000
Miniature Papier Mache Tray Victorian Early 20th Century,11450,24540
Provincial WWII German Binoculars c.1950,9580,20000
Restored Venetian Lattimo Glass Bowl c.1930,10370,25000
Grand Roman Legionary Helmet Replica Empire Period,6140,16390
Hamada Shoji Tea Bowl Federal Period,11870,39560
Outstanding Leica M3 Camera Body Empire Period,9970,30000
Pristine Chanel Tweed Jacket Vintage c.1860,14300,18960
Attributed Retro Ruby Bracelet c.1950 Museum Deaccessioned,4680,10860
Fine Imari Charger,10370,21150
Dom Perignon 1996,10890,23030
Incunabulum Leaf 1480s,7730,14680
Signed Aston Martin Wings Badge Arts & Crafts Era Excellent Condition,900,2600
Historic Antique Van Cleef Bracelet,13910,31640
Monumental Porsche Enamel Dealer Sign c.1940,1990,4470
Scarce Carved Limestone Angel Post-War Good Condition,27320,80000
Attributed Faberge Style Egg Early 20th Century,9320,25000
Standing Liberty Quarter,27650,51290
Notable Ashcan School Street Scene,29440,79270
Estate Oushak Wool Carpet c.1820,14830,23240
Jesse Owens Olympic Photo Signed Modernist Period,19000,50000
Attributed Murano Glass Chandelier 12 Arm Art Nouveau Period With Certificate,3120,6440
Encaustic Wax Painting With Certificate,15260,32370
Billiard Cue Antique Inlaid,2710,8140
Oversized WWII Aviator Leather Jacket,820,1740
George Ohr Puzzle Mug c.1800,4650,7980
Distinguished Spain Classic Period Collection,3760,8110
Schiaparelli Shocking Pink Hat Regency Period,11110,14780
Historic Cheval Mirror Mahogany Modernist Period,330,760
Provenance Czech Art Glass Sculpture As Found,9350,22880
Trade Sign Optician Spectacles Federal Period Good Condition,2820,5940
Royal Doulton Character Jug,1500,4300
Late Tramp Art Frame Layered,6610,18000
Continental Turquoise Silver Cuff Empire Period,32870,53870
Documented Tiffany Dragonfly Table Lamp c.1880,4470,9300
Estate Barber Dime Collection Empire Period,20310,47860
Estate Victorian Military Medals Group,5500,12340
Sundial Bronze Armillary c.1950,5460,7360
Miniature Russian Niello Silver Box c.1820,8730,20000
Romanticism Storm Scene,44800,85620
Premier Art Nouveau Display Cabinet c.1900,11860,25000
Fine Trade Dollar Proof c.1960,47990,100000
Original 1794 Flowing Hair Dollar,11690,35620
Berenice Abbott Manhattan Print c.1780 Good Condition,3910,11250
Fine Hasselblad 500C Camera Estate Fresh,9650,23280
Period Japanese Lacquer Writing Box,10570,26210
Continental Flemish Verdure Tapestry,9770,23740
Superb Silver Trophy Cup Engraved c.1920,460,1230
Papier Mache Tray Victorian,1480,3620
Versace Medusa Evening Gown,6000,20950
Signed Bobby Orr Signed Stick,19380,50000
Silver Trophy Cup Engraved,5570,8380
Unique Pillar Clock Biedermeier c.1820,5870,13300
Published Art Deco Illustrated Novel,11540,28120
Tower Clock Movement Antique Mid-Century With Provenance,260,500
Estate Seiko Grand Seiko Spring Drive c.1900 Estate Fresh,6490,10570
Unique Frederick Carder Steuben Aurene c.1800 Unrestored,1110,2250
Authentic Art Deco Chrome Floor Lamp,6460,19900
Outstanding Filigree Silver Brooch c.1860,28810,67670
Fauvism Floral Study,59080,150000
Signed Sheraton Card Table,7880,17280
Girard-Perregaux Laureato c.1800,36160,115870
Late Boxing Gloves Vintage Leather Edwardian Era,4050,12000
Apothecary Scale Marble Base,5500,11220
Exceptional Hitching Post Cast Iron Early 20th Century,8420,14560
Pristine Alphonse Mucha Art Nouveau Print,440,1370
Sega Genesis Console Boxed Museum Deaccessioned,7150,15000
Pristine Breitling Navitimer As Found,11740,21370
Original Edward Weston Pepper Print Edwardian Era Museum Deaccessioned,7310,20370
Published British Guiana One Cent Magenta Belle Epoque,8660,18390
Pan Am Airlines Poster 1960s Federal Period,3640,9940
Unmatched 1913 Liberty Head Nickel,18850,65250
Unmatched Marine Chronometer Boxed c.1970,1280,2030
Delft Tulip Vase,5850,18950
Authentic Hooked Rug Floral Design,4010,10720
Vintage Boxing Gloves Vintage Leather c.1950,450,920
Distinguished British Guiana One Cent Magenta Good Condition,17810,41570
Provenance Boulle Marquetry Bracket Clock c.1900,5710,19270
Miniature Tiffany Diamond Solitaire With Provenance,22940,55550
Exhibited Babe Ruth Signed Baseball,10620,19050
Select Atmos Clock Jaeger-LeCoultre c.1820,2700,5520
Oversized Microscope Brass Compound As Found,4300,10530
Estate Chopard Alpine Eagle,19120,31010
Historic Amber Drop Earrings c.1930,140,480
Choice Jane Austen First Edition c.1940,22070,48240
Turkmen Tekke Carpet Mid-Century,13890,20830
Beatles Concert Poster Original Art Deco Period,5290,8660
Transformers G1 Optimus Prime,2420,5840
Restored Labradorite Pendant,18900,56960
Resin Cast Figure Museum Deaccessioned,13280,34890
Betty Lamp Iron Colonial As Found,7630,13260
Alfred Stieglitz Equivalent Print Early 20th Century,9840,30000
Provincial Mobil Pegasus Neon Sign c.1940,60,120
Exquisite Jackie Robinson Dodgers Cap c.1880 Excellent Condition,7510,14950
Distinguished Pietra Dura Inlay Table Top,6950,22290
Published Cabbage Patch Kids Original Late Victorian From Private Collection,6830,15000
Antique Steiff Teddy Bear 1905 c.1930,3250,10600
Photorealist Urban Scene c.1940,19800,39990
Polo Mallet Collection c.1970 Excellent Condition,1450,4810
Fine Shell Art Valentine Box From Private Collection,9290,25000
Unmatched Victorian Silver Candelabra c.1860 As Found,2230,3310
Premier Chinese Export Silver Tea Caddy,1030,3310
Exquisite Backgammon Set Leather Vintage Excellent Condition,5340,12000
Ornate Louis Vuitton Trunk Antique c.1900,15210,29120
Oversized 1804 Draped Bust Dollar,19700,29600
Fine Neo-Expressionist Canvas Excellent Condition,43840,100680
Museum Quality Hermes Kelly Bag Belle Epoque,12540,35000
Museum Quality Cartier Silk Scarf Art Nouveau Period,3250,6380
Unmatched Oushak Wool Carpet,6300,21440
Authentic Ludwig Vistalite Drum Kit c.1910,26690,60000
Provenance Vintage Ferragamo Pumps c.1800,5170,14620
Documented Marble Bust As Found,37600,80000
Authentic Kosta Boda Art Glass Bowl Art Deco Period,9540,24760
Notable Boulle Marquetry Bracket Clock Art Deco Period Estate Fresh,1230,2750
Late Thorens TD-124 Turntable,5290,11400
Fine Leica M3 Camera Body c.1820 With Certificate,5460,7710
Unique Stumpwork Embroidery Panel With Provenance,4720,7550
Period Chinese Jade Bi Disc 18th Century,13700,21660
Published Error Stamp Collection 18th Century,7090,12840
Late Thai Bronze Buddha Seated c.1940,21040,40220
Authentic Depression Glass Collection c.1910,12170,21280
Unique Rickenbacker 360 Electric Guitar c.1950,29910,59400
Superb Atari 2600 Console Boxed c.1940,5520,10530
Chrysoprase Brooch,22260,29960
Distinguished Korean War Dog Tags With Provenance,6070,8070
Restored Olympic Games Poster Collection,4060,9720
Restored Citizen Chronomaster Art Nouveau Period Estate Fresh,37780,54340
Historic Tiffany Dragonfly Table Lamp c.1880 With Certificate,7070,16890
Outstanding Lanvin Art Deco Evening Bag Arts & Crafts Era,4930,10860
Magnificent Egg Tempera Still Life c.1840,8550,26310
Tiffany Favrile Glass Vase,4160,11600
Colonial A. Lange & Sohne Saxonia Edwardian Era From Private Collection,13420,42430
Shell Oil Porcelain Sign With Certificate,360,1060
Unique Tavern Clock Act of Parliament c.1820 Good Condition,8150,18000
Fishing Creel Wicker Antique Post-War Excellent Condition,5910,9100
Provenance Wayne Gretzky Rookie Card,6300,9300
Continental Tribal Caucasian Kazak Rug,210,400
Walking Liberty Half Dollar,24870,47560
Early Imari Charger,6730,17630
Citizen Chronomaster,4030,10380
Antique Mixed Media Collage Mid-Century,27690,56910
Published Zuni Fetish Carving Collection Art Deco Period,6740,10310
Premier Vintage Pocket Watch Gold Early 20th Century,40160,56810
Provenance Skeleton Mechanical Watch With Certificate,12460,39450
Provenance Polo Mallet Collection,3670,5210
Unmatched Onyx Decorative Figure,20690,58380
WWI Trench Art Vase,6140,9440
Theodolite Surveying Instrument c.1930,3660,12600
Antique Celtic Harp Hand Carved Late Victorian,15980,52660
Distinguished Pan Am Airlines Poster 1960s Empire Period,5810,12000
Beatles Concert Poster Original 19th Century,2870,9920
Bessarabian Floral Kilim Modernist Period,1400,2910
Agra Palace Carpet c.1920,9010,26940
Matched Roman Legionary Helmet Replica Unrestored,6540,12080
Vintage Armagnac 1893 c.1960,2080,5420
Documented Celtic Harp Hand Carved,24490,60000
Railroad Map United States 1870 c.1920,5990,12000
Miniature Medieval English Groat As Found,9830,14120
Restored Morgan Silver Dollar BU c.1780,13590,31740
Mandolin Gibson F-5 Lloyd Loar,24440,60000
Magnificent GI Joe Prototype Post-War,6990,15000
Published Miniature Portrait on Ivory Empire Period,1920,3770
Partner's Desk Leather Top c.1800 As Found,9690,25000
Wedgwood Jasperware Plaque Georgian Period As Found,6390,12460
Scarce Larry Bird Game Worn Sneakers Excellent Condition,420,800
Whittled Walking Cane,1600,4040
Pristine LEGO Castle Set Vintage,5590,11460
Magnificent Industrial Factory Pendant Museum Deaccessioned,5980,11480
Monumental Richard Avedon Portrait Print Regency Period,10920,20960
Museum Quality Scrimshaw Whale Tooth,4950,7930
Early Dom Perignon 1996 c.1780 Recently Conserved,4660,12820
Magnificent Luminist Harbor View,25200,43700
1804 Draped Bust Dollar c.1840,10270,24320
Attributed Shaker Oval Box Nested Set Late Victorian,3080,5500
Tempera on Panel c.1860,13780,43720
Vintage Pele Signed Brazil Shirt,15040,50000
Notable Dumbwaiter Tiered Stand Post-War Excellent Condition,8600,21980
Oversized Queen Anne Highboy From Private Collection,11480,23040
Period Durand Pulled Feather Vase 19th Century,660,1770
Remarkable France Ceres Issue 18th Century Unrestored,5350,17770
Victorian Botanical Atlas As Found,10750,34100
Vietnam War Flight Helmet Estate Fresh,520,1030
Longcase Grandfather Clock c.1920 Recently Conserved,4610,11190
Period Japanese Woodblock Print Hokusai Federal Period,14300,33660
Exquisite Wheel Barometer Rosewood c.1860 With Certificate,3650,10280
Waterford Crystal Decanter Set c.1780,4400,10560
Vintage Psychedelic Rock Concert Poster,2470,7790
Tudor Black Bay c.1960,47690,117260
Matched Ted Williams Signed Photo Post-War,6330,18450
Historic Nantucket Lightship Basket c.1820,2260,5980
Remarkable Mark Twain Signed Manuscript Page Post-War As Found,11200,36900
Original WPA Federal Art Project Poster,2490,8370
Remarkable Banjo 5-String Prewar Gibson Empire Period,10840,34560
Delicate Mercedes Benz Star Emblem Vintage Early 20th Century,270,360
Colonial Chinese Art Deco Carpet c.1920,8050,25130
Original Vernis Martin Vitrine Display Case c.1800,9340,24440
Oversized Napoleonic Era Cavalry Saber c.1840 With Provenance,4100,7180
Certified Psychedelic Rock Concert Poster,1860,5460
Important Crimean War Medal c.1910,6440,14360
Provenance Macallan 25 Year Single Malt c.1860,9780,16020
Matched Baluch Prayer Rug c.1970 Unrestored,1170,3220
Unmatched Victorian Gas Wall Sconce Pair 19th Century,7080,17940
Unmatched Op Art Optical Illusion Empire Period,13100,44220
Tortoiseshell Tea Caddy Arts & Crafts Era,5990,10670
Scarce Art Deco Travel Poster Paris Arts & Crafts Era,470,1190
Russian Niello Silver Box c.1880,2940,8390
Documented WPA Federal Art Project Poster Museum Deaccessioned,4820,8030
Notable Pointillist Seascape c.1950 With Provenance,13740,41920
Unique Moorcroft Pomegranate Vase,18800,38460
Magnificent Concertina Wheatstone English Early 20th Century,12730,35390
Original Emily Dickinson Manuscript 19th Century,5480,12240
Restored Tiffany Diamond Solitaire,23560,44020
Limestone Garden Balustrade,5450,12880
Continental Wimbledon Championship Trophy Replica c.1960 With Provenance,19840,50000
Original Murano Glass Chandelier 12 Arm With Certificate,8450,20000
Authentic Lionel Standard Gauge Train c.1920,1600,2790
Pristine Georgian Silver Candlestick Pair c.1860 Excellent Condition,6160,17650
Provenance George Ohr Puzzle Mug,16320,40000
George Ohr Puzzle Mug Art Deco Period Good Condition,19250,30630
Antique Butler's Tray Table c.1780,5200,7680
Psychedelic Rock Concert Poster Mid-Century Recently Conserved,3830,6210
Select Louis Vuitton Trunk Antique Arts & Crafts Era,7660,20150
First Edition Hemingway Novel,8150,25660
Notable Man Ray Rayograph Arts & Crafts Era,10090,19320
Penny Bank Mechanical c.1960 From Private Collection,2330,4350
Notable Silver Trophy Cup Engraved Mid-Century,6560,16000
Rare Error Stamp Collection,11960,22700
Onyx Decorative Figure c.1840,39440,80000
Noh Theatre Mask c.1820,29360,60000
Monumental Tang Dynasty Horse Figure Good Condition,16040,40000
Signed Taper Stick Silver Georgian Early 20th Century,6630,12180
Outstanding Ship Figurehead Carved c.1880 With Certificate,250,800
Museum Quality Art Exhibition Poster Picasso Post-War,1730,5760
Certified Spain Classic Period Collection Georgian Period Excellent Condition,19000,38760
Monumental Acrylic Abstract Arts & Crafts Era As Found,42620,129580
Toulouse-Lautrec Moulin Rouge Poster From Private Collection,2020,4580
Documented Gilt Bronze Candelabra Pair Empire Period Museum Deaccessioned,3040,9440
Period Seed Pearl Collar Necklace c.1930 With Certificate,21810,44800
Miniature Vintage Ferragamo Pumps Regency Period,4020,12730
Grand Charcoal Cityscape Drawing,2310,3980
Select Tlingit Chilkat Blanket c.1950,19440,32810
Vintage Cartier Watch c.1930,710,1500
Boer War Medal Group c.1950,6170,11370
Double Eagle $20 Gold Coin Edwardian Era Unrestored,19480,49330
Restored American Coin Silver Spoons,6900,19250
Op Art Optical Illusion c.1950 Good Condition,37290,50370
Miniature Compass Surveyor's Brass,3750,8140
Miniature Sebastiao Salgado Workers Print Regency Period With Provenance,4280,11580
Documented Hawaiian Missionaries Stamp c.1910,16590,25350
Vintage Gucci Bamboo Bag c.1920 Good Condition,5350,17300
Early Whitefriars Tangerine Vase,5840,9260
Vintage Alexandrite Pendant,20730,58820
Premier Chartreuse VEP Green,1060,2860
Late Rookwood Art Pottery Vase From Private Collection,5590,11760
Miniature Mexican Sterling Serving Tray With Provenance,9590,20000
Monumental Grain Painted Blanket Chest Edwardian Era,4120,7240
Documented 1990 Screaming Eagle Cabernet c.1780 Recently Conserved,8800,19560
Ornate Candelabrum Bronze Empire c.1780 With Certificate,480,1690
Distinguished Realist Portrait Art Deco Period,11780,39790
Superb Morganite Engagement Ring Georgian Period With Provenance,3030,6010
Attributed Skeleton Mechanical Watch c.1800 Unrestored,7280,10920
Museum Quality Hydrographic Chart Coastal Unrestored,3600,5040
Wedgwood Jasperware Plaque Art Nouveau Period,11040,15960
Estate Nintendo Entertainment System Boxed c.1800 With Certificate,2670,4840
Restored Boucheron Gold Cuff,23240,38310
Louis XIII Cognac Baccarat Decanter Unrestored,9730,25000
Exhibited Stephen Shore Uncommon Places Estate Fresh,8690,26160
Museum Quality WPA Federal Art Project Poster c.1900,2580,7880
Notable Tribal Caucasian Kazak Rug,1810,4440
Original Louis XIII Cognac Baccarat Decanter c.1840,2940,9040
Man Ray Rayograph c.1820,210,350
Kutani Porcelain Plate,10330,23340
Exceptional Banjo Clock American Federal,4730,14250
Remarkable WWI Trench Art Vase,730,2280
Chanel Classic Flap Bag c.1880,9790,26830
Museum Quality Cinderella Stamp Album Georgian Period,2180,4530
Notable Vintage Gucci Bamboo Bag 19th Century,9860,18060
Givenchy Audrey Hepburn Dress Unrestored,3450,5320
Unique Alabaster Torso,25700,52040
Shell Oil Porcelain Sign c.1950,1540,3580
Porsche Enamel Dealer Sign Arts & Crafts Era,600,1810
Monumental Stone Lion Garden Statue Pair Federal Period,5860,15000
Unique Vintage Dashboard Clock Jaeger,880,2460
Ornate Art Deco Beaded Flapper Dress Mid-Century,11910,19430
Vintage Multi-Strand Pearl Choker c.1970,26360,69840
Banjo 5-String Prewar Gibson,24540,60000
Superb Roman Legionary Helmet Replica With Provenance,4150,10300
Late Buffet R13 Clarinet,12660,44130
Atmos Clock Jaeger-LeCoultre c.1780,7060,18000
Apothecary Scale Marble Base With Provenance,530,1770
Antique Regency Dining Table c.1780,8160,12440
Superb Tribal Caucasian Kazak Rug,500,1310
Game Bird Print Set Framed Unrestored,5360,9640
Early Murano Glass Chandelier 12 Arm,9090,20000
Exquisite Chinese Art Deco Carpet,860,2060
Pristine Backgammon Set Leather Vintage,5230,12000
Attributed Whatnot Corner Shelf Regency Period Excellent Condition,6800,23100
Certified Pre-Prohibition Bourbon Bottle Edwardian Era,10990,25000
Georgian Silver Candlestick Pair,5230,8530
Original Sand Cast Bronze Relief Arts & Crafts Era,29440,68260
Important Incunabulum Leaf 1480s c.1920,7180,15640
Wire Mesh Figure,22590,34920
Exquisite Egg Tempera Still Life c.1920 Estate Fresh,36780,125390
Delicate Saint Louis Crystal Goblet Set,7500,13860
Provenance Theodolite Surveying Instrument c.1930 Good Condition,2880,7920
Chinese Cash Coin Collection,40740,66630
Mauritius Post Office Stamp Early 20th Century Good Condition,620,1690
Period Valentino Couture Cape Belle Epoque,10740,25450
Fine Oil on Canvas Landscape c.1950 Good Condition,22210,41800
Remarkable Bakelite Telephone Rotary Belle Epoque,5750,16920
Authentic Betty Lamp Iron Colonial,9480,20000
Indian Head Gold Eagle c.1960 From Private Collection,17480,29520
Christian Dior Bar Suit,900,1350
Plaster Maquette,27970,73050
Documented Night Clock Oil Lamp Italian As Found,740,1850
Richard Avedon Portrait Print,2660,3480
Revolutionary War Musket Empire Period,7320,10850
Important Sundial Bronze Armillary,5950,12030
Cappiello Campari Poster Museum Deaccessioned,650,1260
Exhibited Empire Mahogany Bookcase Federal Period,11460,25000
Original Cricket Bat Signed Vintage c.1820,3240,11080
Provincial Vintage Port Taylor's 1963 Recently Conserved,10060,25000
Attributed Sevres Porcelain Urn Museum Deaccessioned,12620,37670
Grand Chinese Tang Dynasty Mirror,1110,3500
Certified Desert Storm Challenge Coin Set c.1960,6480,11560
Vintage Fly Fishing Rod Hardy c.1920,4600,10660
Select Art Deco Travel Poster Paris 18th Century,1220,3480
Colonial Walking Liberty Half Dollar,30020,86570
Sultanabad Mahal Carpet With Provenance,13090,27400
Vintage Papua New Guinea Spirit Mask Estate Fresh,450,1310
Magnificent Irving Penn Still Life Print,12340,24150
Bouillotte Lamp Brass French Arts & Crafts Era,1010,3080
Restored Hooked Rug Floral Design Mid-Century As Found,5600,10370
Delicate Hawaiian Missionaries Stamp c.1840,20140,38510
Seated Liberty Half Dollar,20470,52540
Double Eagle $20 Gold Coin Belle Epoque,19280,30420
Early Louis XV Bergere Chair c.1780 As Found,2260,7680
Select Welded Steel Abstract With Provenance,18640,42520
Signed Northwest Coast Totem Pole Model,2010,3520
Certified Jackie Robinson Dodgers Cap Federal Period,7140,16090
Ornate Hunting Horn Silver Mounted,3560,7130
Provincial Alphonse Mucha Art Nouveau Print Art Nouveau Period,3940,6330
Magnificent Maori Carved Tiki Figure Modernist Period As Found,12430,22250
Sony Walkman TPS-L2 Original c.1970 With Provenance,13480,25800
Unmatched Sony Walkman TPS-L2 Original,800,2090
Remarkable Art Deco Mantel Clock Late Victorian,3520,10120
Authentic Northwest Coast Totem Pole Model With Provenance,4300,10310
Unmatched Vintage Pocket Watch Gold,9280,27060
Grand Stephen Shore Uncommon Places,9250,29400
Distinguished Hooked Rug Floral Design,860,2150
Cigar Store Indian Figure c.1940,1080,2270
Ornate Alabaster Torso Museum Deaccessioned,14500,50430
Certified Mixed Media Collage Arts & Crafts Era,21970,60570
Suzani Embroidered Textile Federal Period,8470,25700
Porsche Enamel Dealer Sign,2210,3490
Colonial Stumpwork Embroidery Panel c.1840 As Found,11960,25000
Magnificent Brass Telescope Victorian Federal Period,7480,15000
Satsuma Vase Meiji Period,19600,40000
Outstanding Backgammon Set Leather Vintage Regency Period,1720,3320
Late Art Deco Illustrated Novel Late Victorian,21680,50000
Authentic Gretsch White Falcon Guitar 19th Century Excellent Condition,20950,33690
Delicate Durand Pulled Feather Vase c.1840,4360,11930
Thematic Space Collection Modernist Period,22280,46820
Museum Quality Art Deco Automobile Mascot c.1920,2330,3560
Oversized Lalique Crystal Bacchantes Vase,970,2730
American Coin Silver Spoons Estate Fresh,990,3400
Ornate Buddy L Pressed Steel Truck Early 20th Century Excellent Condition,2510,7460
Vintage Chronometer Marine Deck c.1820,5310,11020
Provenance Wire Mesh Figure,24530,80000
Blenko Hand Blown Decanter 18th Century,2530,4000
Exceptional Greek Tetradrachm Mid-Century Recently Conserved,45440,88660
Exquisite Fortuny Delphos Gown 19th Century,7130,11540
Rare Lalique Crystal Bacchantes Vase,450,880
Rolling Ball Clock Brass c.1910,2780,5660
Exquisite Diego Maradona Signed Shirt c.1960 From Private Collection,7610,19660
Balloon Clock Edwardian,6560,18000
Exceptional Schuco Micro Racer,7140,15000
Exceptional Military Field Watch WWII Post-War Good Condition,1700,3780
Estate Terra Cotta Garden Planter Large Arts & Crafts Era,2930,7800
Magnificent Antique Brass Door Hardware Set,3080,6400
Provincial Moog Minimoog Synthesizer c.1880,3310,8290
Unmatched Hair Art Memorial Wreath,440,820
Monumental Mixed Media Collage Arts & Crafts Era,34590,95530
Olmec Jade Mask Fragment Post-War,9410,29230
Antique Fishing Reel Collection,2290,6510
Exquisite Michael Jordan Game Jersey Edwardian Era,16940,44150
Ancient Greek Hoplite Shield Fragment Belle Epoque,1970,4470
Superb Carved Stone Garden Bench,4200,7470
Grand Hunting Horn Silver Mounted c.1840 Recently Conserved,4940,12000
Girandole Mirror Candelabra c.1950,8000,13810
Antique Art Exhibition Poster Picasso With Certificate,3320,9600
Exceptional Vintage Armagnac 1893 19th Century,3180,9380
Arts & Crafts Oak Settle,4150,8770
Select Olympic Games Poster Collection,5580,12000
Diamond Riviere Necklace,14140,35160
Nikon F Camera Body Federal Period,8750,12520
Outstanding Sheffield Plate Epergne 18th Century,5240,14530
Documented Emily Dickinson Manuscript Art Nouveau Period,20000,50000
Premier 1913 Liberty Head Nickel,21510,59860
Authentic Wedgwood Jasperware Plaque c.1880,2700,8210
Oushak Wool Carpet Estate Fresh,9320,12600
Superb Sundial Bronze Armillary c.1860 From Private Collection,4880,13870
Signed Nantucket Lightship Basket 18th Century With Certificate,2220,5800
Givenchy Audrey Hepburn Dress,14540,35000
Tiffany Sterling Flatware Set c.1930,8100,12230
Vintage Super Bowl I Program Early 20th Century,17430,45160
Exceptional Super Bowl I Program Federal Period From Private Collection,21730,48330
Remarkable Gibson Les Paul Standard 1959 c.1820 Good Condition,29790,60000
Period Moorcroft Pomegranate Vase,50,130
Select Antique Celestial Globe Recently Conserved,2640,6920
Yquem Sauternes 1967 c.1840,4540,13160
Early Miniature Portrait on Ivory Recently Conserved,8050,25000
Museum Quality Resin Cast Figure Empire Period,34830,80000
Period Ancient Greek Hoplite Shield Fragment,910,2810
Oversized Jumping Hour Watch Art Deco,14070,49220
1909-S VDB Lincoln Penny c.1950,17150,34400
Joel Meyerowitz Cape Light Print c.1860,14450,26470
Remarkable Norman Rockwell Saturday Evening Post c.1820 Excellent Condition,3380,5750
Period Polynesian Tapa Cloth With Certificate,9980,19410
Kneehole Desk Georgian,2580,5780
Provincial Curta Calculator Type II Art Nouveau Period,8130,14420
Exhibited Nintendo Game Boy Sealed c.1930 Estate Fresh,1460,3020
Exquisite Gibson Les Paul Standard 1959 Edwardian Era Excellent Condition,9400,18490
Indian Mughal Miniature Painting From Private Collection,27520,60000
Restored Antique Decoy Duck Carved c.1970 Good Condition,770,1520
Medieval English Groat c.1860,36760,94030
Antique Cigar Store Indian Figure,980,1700
Oversized Wheel Barometer Rosewood c.1950,970,1970
Kneehole Desk Georgian Art Nouveau Period,8190,17510
Remarkable WWII Aviator Leather Jacket,6250,13680
Matched Georgian Tallboy Chest,11160,25000
Trestle Refectory Table Federal Period,1910,4510
Resin Cast Figure Late Victorian,7140,20990
Authentic Chippendale Secretary Desk Early 20th Century,3610,7410
KPM Berlin Plaque c.1880,14020,33410
Trade Sign Optician Spectacles c.1780,7570,13500
Pristine Orrery Planetary Model With Certificate,6100,15000
Exceptional Student Lamp Brass Double Museum Deaccessioned,5470,11460
Art Nouveau Silver Photo Frame c.1820,2520,4730
Scarce WPA Federal Art Project Poster,4690,8940
Delicate Glass Blown Sculpture,31480,49890
Premier Tang Dynasty Horse Figure,15810,27090
Select WWI Trench Art Vase Art Nouveau Period,5620,11820
Miniature Bentley Flying B Mascot,2140,5000
Colonial Blenko Hand Blown Decanter c.1960 From Private Collection,1620,2600
Vintage Hofner 500/1 Bass Guitar,15990,29460
Flemish Verdure Tapestry Mid-Century Museum Deaccessioned,2060,5520
Signed Plein Air Coastal Scene From Private Collection,3240,5540
Remarkable Spanish Doubloon,5070,14260
Superb Sega Genesis Console Boxed c.1920,2340,6600
Published African Bronze Benin Head From Private Collection,13280,31470
Pristine Taper Stick Silver Georgian Unrestored,9820,20000
Unmatched Vintage Port Taylor's 1963 c.1840,12380,25000
Wimbledon Championship Trophy Replica,22880,41760
Period Medieval Broadsword 19th Century,8180,19720
Provincial Proof Silver Eagle Set Post-War Good Condition,34630,100000
Maori Carved Tiki Figure,15470,40000
Scarce Selmer Mark VI Tenor Saxophone Estate Fresh,13790,18280
Distinguished African Bronze Benin Head c.1860,8150,14200
Oversized Dom Perignon 1996,3000,7240
Oversized Rushlight Holder Iron Unrestored,4700,7530
Signed Mauritius Post Office Stamp Federal Period,12400,23550
Choice Tachisme Drip Painting c.1960,52000,150000
Louis Vuitton Trunk Antique c.1900,13540,32360
Whittled Walking Cane Late Victorian Museum Deaccessioned,4220,10940
Distinguished Hydrographic Chart Coastal Modernist Period,3870,5480
Impressionist Garden Scene 19th Century,15220,21300
Estate Cookie Board Springerle Georgian Period,7800,12800
Antique Rhodes Mark I Stage Piano Regency Period,9730,28170
Decoy Shorebird Carved c.1920,720,2230
Superb Gilded Rococo Console Table Arts & Crafts Era Good Condition,8880,12160
Estate Virginia Woolf First Edition Georgian Period Museum Deaccessioned,21150,28800
Miniature Auto Racing Trophy 1960s c.1880 As Found,490,1040
Rare Navajo Chief's Blanket c.1920,8250,26260
Theorem Painting on Velvet Late Victorian,6420,17010
Papua New Guinea Spirit Mask c.1960,1200,2320
Exceptional Webb Cameo Glass Vase Early 20th Century,4620,13700
Premier Bronze Figurine c.1970,37200,77560
Select Vintage Fly Fishing Rod Hardy From Private Collection,780,1050
Exceptional Pastel Nude Study,68420,150000
Choice Banjo Clock American Federal c.1840 Excellent Condition,2090,6280
Certified Antique Van Cleef Bracelet Modernist Period,1080,2260
Ortelius Theatrum Orbis Page c.1910,4880,12000
Early Wayne Gretzky Rookie Card,22840,50000
Outstanding Victorian Chaise Lounge,7550,10160
Certified Waterford Crystal Decanter Set,9320,25000
Scarce Antique Decoy Duck Carved Early 20th Century,3150,9290
Royal Copenhagen Flora Danica Plate,5110,17060
Cinderella Stamp Album Art Deco Period With Provenance,9350,24770
Documented Victorian Chaise Lounge With Provenance,4480,10390
Scarce Joe DiMaggio Bat Game Used Post-War Recently Conserved,17600,50000
Attributed Nintendo Game Boy Sealed,5620,12000
Easter Island Moai Replica,1810,4900
Retro Ruby Bracelet Regency Period,14320,33720
Period Masters Tournament Flag Signed c.1940,10000,17080
Vintage Beadwork Purse Victorian Empire Period From Private Collection,5650,17710
Ashcan School Street Scene 18th Century As Found,44620,69140
Boxing Gloves Vintage Leather 18th Century,2190,5730
Historic Secretariat Derby Photo Early 20th Century,23050,50000
Penny Black 1840 Arts & Crafts Era,6390,19770
Exquisite Pan Am Airlines Poster 1960s c.1860 Recently Conserved,1550,2580
Unmatched Revolutionary War Musket Georgian Period Estate Fresh,9400,20000
Continental Taxidermy Pheasant Display c.1820,3250,6980
Unique Theodolite Surveying Instrument c.1970,640,2110
Published Level Spirit Brass Surveyor,4910,15000
Scarce Byzantine Gold Solidus c.1840 Good Condition,39630,100000
Matched Richard Avedon Portrait Print c.1950,6510,18510
Museum Quality Backgammon Set Leather Vintage c.1820 With Certificate,4210,7010
Rare Cast Iron Garden Urn Pair Early 20th Century Good Condition,2850,5670
Provenance Gilt Bronze Candelabra Pair 19th Century,10970,17390
Unmatched Hofner 500/1 Bass Guitar Unrestored,11380,25210
Grand Tiger Woods Tournament Putter c.1860,12460,43570
Ernie Ball Music Man StingRay Bass Mid-Century Estate Fresh,21690,36940
Hennessy Paradis Imperial Unrestored,6270,17590
Continental Alfa Romeo Enamel Badge Estate Fresh,1560,5000
Matched Tiffany Wisteria Table Lamp,10560,24860
Authentic Persian Miniature Manuscript Page Federal Period,24140,50000
Steiff Teddy Bear 1905 Estate Fresh,1790,5970
Important Standing Liberty Quarter Federal Period,43530,100000
Oil on Canvas Landscape Mid-Century,27860,59530
Magnificent Butler's Tray Table,8990,13930
Sultanabad Mahal Carpet c.1940,13560,30000
Hammond B3 Organ,22770,41780
Exhibited Aston Martin Wings Badge Empire Period Museum Deaccessioned,250,820
Notable Georgian Silver Tea Set Good Condition,5620,18880
Brass Telescope Victorian Excellent Condition,6990,13000
Antique Railroad Map United States 1870 Estate Fresh,1930,3740
Tang Dynasty Horse Figure Belle Epoque As Found,1320,2150
Colonial Bakhtiari Garden Design Rug Arts & Crafts Era,13220,25830
Original Antique Tennis Racket Federal Period With Provenance,1880,6130
Authentic Aston Martin Wings Badge c.1880,1790,3420
Exceptional Papier Mache Tray Victorian 18th Century,4020,7510
Unmatched Tansu Japanese Step Chest c.1960 Museum Deaccessioned,640,1710
Rare Cricket Bat Signed Vintage Mid-Century From Private Collection,130,290
Continental Quilt Log Cabin Pattern c.1920 As Found,5730,9350
Documented Martin D-28 Acoustic Guitar,1360,2320
Scarce Silhouette Portrait Collection,10840,19910
Olmec Jade Mask Fragment Belle Epoque,12710,40000
Antique Celtic Harp Hand Carved 19th Century With Certificate,14470,44200
Apple I Computer Board,10100,14100
Miniature Digital LED Watch 1970s c.1800 Museum Deaccessioned,51980,120000
Rare Marklin Tin Train Set Georgian Period,6700,8940
Antique Brass Car Horn c.1910 Excellent Condition,1880,2910
Exceptional Berenice Abbott Manhattan Print,4910,10080
Choice Zenith El Primero From Private Collection,29080,77910
Museum Quality Turkmen Tekke Carpet c.1930,11750,30000
Museum Quality Stainless Steel Modern Piece c.1880,24620,48850
Matched Edwardian Pearl Necklace c.1910,10800,28340
Venetian Lattimo Glass Bowl Good Condition,7530,11850
Cigar Store Indian Figure Regency Period With Certificate,8900,12240
Matched Majolica Garden Seat c.1800 Estate Fresh,9800,14130
Silk Route Trade Map Reproduction,2050,5060
Documented Trade Sign Optician Spectacles c.1970,1550,4600
Monumental Girard-Perregaux Laureato,5770,15640
Grand Civil War Letters Collection 19th Century,7020,11980
Rare Morganite Engagement Ring Federal Period With Provenance,31180,56500
Important Amber Drop Earrings,590,1750
Select Whitefriars Tangerine Vase c.1940 Unrestored,7760,18550
Exquisite Antique Fireplace Mantel Marble Late Victorian,6390,15000
Published Georg Jensen Silver Pitcher c.1910 Excellent Condition,6910,14980
Buccellati Silver Bowl c.1950,1040,1460
Proof Silver Eagle Set Art Deco Period,34850,83900
Signed Burmese Lacquerware Box c.1950 Excellent Condition,6210,13590
Remarkable Newel Post Cap Bronze,3590,6680
Attributed Cinderella Stamp Album c.1780,2900,7210
Documented Berenice Abbott Manhattan Print Post-War,11150,16450
WWII German Binoculars c.1950,9290,16160
Unique Buccellati Silver Bowl Art Nouveau Period,2430,5510
Exhibited Irish Silver Sugar Bowl,1330,4020
Select A. Lange & Sohne Saxonia Belle Epoque Good Condition,18150,40590
Remarkable Silhouette Portrait Collection c.1960,3160,9300
Miniature Skeleton Mechanical Watch Georgian Period,34710,100420
Museum Quality Oil on Canvas Landscape Arts & Crafts Era,11340,19780
Exceptional Aneroid Barometer Victorian Late Victorian,2170,3460
Published Moonstone Cocktail Ring,3970,11620
Balenciaga Couture Gown,730,2550
Certified Brass Telescope Victorian,4890,9260
Scarce French Foreign Legion Kepi c.1960 With Certificate,3010,6400
Provenance Northwest Coast Totem Pole Model c.1820,4130,12040
Outstanding China Red Revenue Stamp,3690,7180
Delicate Scrimshaw Whale Tooth Modernist Period,4180,8730
Vintage Gilded Rococo Console Table Georgian Period Museum Deaccessioned,12090,25000
Late AA Badge Chrome Collection c.1940 Good Condition,2340,5000
Valentino Couture Cape c.1910,7260,11180
Walker Evans FSA Print Post-War,8460,16640
Georgian Silver Candlestick Pair Art Deco Period Recently Conserved,1850,4750
Delicate Pewter Miniature Set Georgian Period With Certificate,15530,24060
Lionel Standard Gauge Train,5740,13590
Certified Irving Penn Still Life Print c.1840,3810,5530
Attributed Wimbledon Championship Trophy Replica Art Deco Period,16880,41470
Continental Peridot Stud Earrings,36960,75000
Royal Doulton Character Jug c.1940,19850,40000
Select Glass Blown Sculpture c.1950,33160,80000
Outstanding Venini Glass Pendant Light Arts & Crafts Era,660,1250
Authentic Alphonse Mucha Art Nouveau Print,2800,7880
Sardonyx Intaglio Ring Museum Deaccessioned,29440,45230
Atari 2600 Console Boxed c.1780,10590,23800
Historic Hermes Kelly Bag Regency Period,10540,34040
Fraktur Pennsylvania German Federal Period Recently Conserved,8820,16360
Attributed Proof Silver Eagle Set,33930,100000
Certified Walking Liberty Half Dollar c.1880,30530,72850
Pristine Revolutionary War Musket Empire Period,1820,4490
Certified Oris Aquis Date c.1970 From Private Collection,30380,103260
Night Clock Oil Lamp Italian c.1880,8260,13040
Provincial Painted Fireboard Scene,7380,18000
Important Cookie Board Springerle Georgian Period,8180,14890
Superb Sheffield Plate Epergne c.1900 As Found,860,2090
Documented Rushlight Holder Iron Arts & Crafts Era Recently Conserved,2600,7350
Unique Longcase Grandfather Clock Edwardian Era From Private Collection,1190,1650
Steinway Model B Grand Piano Regency Period Estate Fresh,18090,55950
Sweden Treskilling Yellow,19540,25520
Delicate Civil War Officer's Sword Belle Epoque Recently Conserved,2530,3550
Late Mid-Century Arco Floor Lamp Good Condition,7950,16570
Estate Maxfield Parrish Print Framed Empire Period,110,220
Chronometer Deck Watch Naval,26660,41690
Vintage Carved Wood Totem,25640,76930
Remarkable Lead Garden Cistern Georgian Early 20th Century From Private Collection,5180,14280
Provincial Joel Meyerowitz Cape Light Print c.1780 Estate Fresh,2130,2920
Period Limoges Enamel Box Collection Art Deco Period Unrestored,3300,5370
Japanese Koban Gold,8300,19430
Remarkable Heriz Serapi Rug,11470,18030
Museum Quality Babe Ruth Signed Baseball c.1950 As Found,1940,2700
Authentic Antique Brass Door Hardware Set,3760,6940
WPA Federal Art Project Poster c.1970,4390,12000
Historic Cameo Shell Brooch,9240,29730
Ship Figurehead Carved Late Victorian Unrestored,3600,10570
Art Nouveau Opal Pendant With Certificate,31310,75000
Provenance Czech Art Glass Sculpture Modernist Period,12460,25000
Stumpwork Embroidery Panel Early 20th Century,580,1740
Astronomical Regulator Clock c.1940,550,1170
Autoharp Oscar Schmidt Antique c.1800 Estate Fresh,10650,20770
Unique Tortoiseshell Tea Caddy,11160,25000
Delicate Moonstone Cocktail Ring Edwardian Era Excellent Condition,29250,72400
Museum Quality Maori Carved Tiki Figure,18860,40000
Miniature Night Clock Oil Lamp Italian Belle Epoque,6230,18000
Oversized Khmer Sandstone Apsara Relief,29970,60000
Sebastiao Salgado Workers Print c.1930,4320,7560
Lyrical Abstraction Canvas,42700,134700
Certified Suzani Embroidered Textile,1050,1910
Cuckoo Clock Black Forest,4820,9740
Colonial Currier & Ives Lithograph 19th Century,3100,10270
Premier Silk Route Trade Map Reproduction Federal Period With Certificate,4190,10690
Vintage Alfred Stieglitz Equivalent Print Art Deco Period,8630,29080
Scarce Jaguar Leaper Hood Ornament Unrestored,2380,5000
Select Japanese Koban Gold c.1780,12250,31430
Cartier Tank Good Condition,59860,119790
Matched Vintage Fly Fishing Rod Hardy c.1960,5720,12000
Important Bronze Figurine Excellent Condition,19270,55500
Documented Steuben Crystal Eagle Good Condition,10710,25000
Tramp Art Frame Layered,6220,16890
Continental 1804 Draped Bust Dollar With Certificate,12660,19960
Remarkable Regency Silver Sauce Boat Late Victorian,2290,6230
Early Wilt Chamberlain Jersey Good Condition,16480,38210
Ornate Ludwig Vistalite Drum Kit c.1820,23580,60000
Vienna Regulator Wall Clock Art Deco Period,1170,4050
Premier Dunhill Leather Briefcase,11140,34110
Notable Beadwork Purse Victorian c.1950,9270,25000
Continental Curta Calculator Type II,10380,27460
Select Ptolemy Atlas Page,5850,12000
Historic Vintage Ferragamo Pumps Unrestored,9120,18820
Restored Shell Oil Porcelain Sign Modernist Period,390,1340
Matched Marklin Tin Train Set c.1940,5930,8040
Vintage Aston Martin Wings Badge,1990,3930
Oversized Industrial Factory Pendant Excellent Condition,4050,5360
Delicate Tansu Japanese Step Chest c.1970,7000,18640
Matched Dinky Toys Collection Boxed,3590,8550
Pristine Celtic Harp Hand Carved c.1970 From Private Collection,6290,16980
Fine Cigar Store Indian Figure 19th Century,1150,1580
Exquisite Aboriginal Boomerang Carved,5040,7780
Scarce Nintendo Game Boy Sealed c.1840,2120,7080
Notable Baccarat Crystal Wine Glasses c.1950,4340,11190
Provenance Khmer Sandstone Apsara Relief,22120,60000
Certified Vintage Ray-Ban Aviators c.1820 Unrestored,8970,18650
Matched GI Joe Prototype Excellent Condition,7240,15000
Miniature Zuni Fetish Carving Collection,1210,2430
Oversized Korean War Dog Tags 18th Century,3780,10900
Colonial Quezal Art Glass Shade c.1800,10360,25000
Select Spain Classic Period Collection Modernist Period,22270,50000
Museum Quality Vietnamese Ceramic Bowl With Provenance,13530,35290
Outstanding Walker Evans FSA Print c.1910,11970,17290
Lyrical Abstraction Canvas c.1800 As Found,65680,150000
Published Audemars Piguet Royal Oak Belle Epoque,44160,73130
Larry Bird Game Worn Sneakers Mid-Century Good Condition,23680,41310
Superb Charcoal Cityscape Drawing,42000,128100
Estate Bakelite Telephone Rotary,9380,13680
Late WWII German Binoculars c.1780,3010,6650
Period Kneehole Desk Georgian c.1960,3160,5070
Miniature Peridot Stud Earrings Modernist Period,30450,75000
Ornate Pietra Dura Inlay Table Top,9140,13160
Documented Vintage Bulgari Necklace c.1930,15290,26360
Choice Shaker Oval Box Nested Set c.1960,7400,18000
Exhibited Backgammon Set Leather Vintage,2900,9750
Fine Buffet R13 Clarinet Good Condition,16670,57010
City Plan Paris 1750 Modernist Period,1860,3550
Pristine Meccano Construction Set Vintage,1720,3380
Notable Falconry Hood Leather Antique c.1800,1770,5960
Ship's Bell Clock Chelsea c.1880,8190,11330
Unique Dom Perignon 1996 c.1840,11190,19270
Cabochon Emerald Brooch,6550,9390
Unique Edward Steichen Fashion Print c.1780,13060,27960
Select Proof Silver Eagle Set Georgian Period As Found,33270,54150
Vintage Ray-Ban Aviators Mid-Century,14410,23040
Cast Iron Garden Urn Pair c.1840 With Certificate,4380,10140
Grand Astronomical Regulator Clock c.1900,3450,10290
Antique Victorian Chaise Lounge Mid-Century,12120,17060
Wedgwood Jasperware Plaque c.1840,6650,14030
Certified Bronze Figurine With Provenance,9370,32510
Exquisite Secretariat Derby Photo Modernist Period Recently Conserved,4060,7100
Published Macallan 25 Year Single Malt c.1910 From Private Collection,1850,4620
Lyrical Abstraction Canvas Recently Conserved,15980,48180
Czech Art Glass Sculpture,7720,25000
Thematic Space Collection,16830,43850
Outstanding Tlingit Chilkat Blanket c.1920,12440,38420
Important Sinumbra Lamp Cut Glass Shade c.1960,9930,19090
Ornate Zulu War Assegai Spear Arts & Crafts Era,2860,4120
Chinese Scroll Painting Landscape As Found,7460,14670
Restored Betty Lamp Iron Colonial c.1970 Estate Fresh,5590,8860
Grand Jumping Hour Watch Art Deco,43230,83970
Original Henri Cartier-Bresson Gelatin Print c.1800,3020,5000
Published Ashanti Gold Weight Bronze Post-War,3400,7330
Select Codex Fragment Medieval,15700,50000
Attributed Victorian Military Medals Group Regency Period Museum Deaccessioned,5020,7850
Late Pre-Prohibition Bourbon Bottle Federal Period,10120,22800
Marine Chronometer Boxed Edwardian Era Excellent Condition,8450,11130
Art Deco Wristwatch 19th Century Unrestored,30360,95520
Delicate Louis XIII Cognac Baccarat Decanter c.1970 Good Condition,870,1400
Exhibited Sepik River Ancestor Figure c.1820,19010,40000
Original Polynesian Tapa Cloth Estate Fresh,4210,10250
Desert Storm Challenge Coin Set,5930,8490
Hammond B3 Organ Arts & Crafts Era,19050,26690
Authentic Illuminated Medieval Psalter Edwardian Era,1610,3260
Early Miniature Portrait on Ivory c.1940,3320,6440
Rare Mobil Pegasus Neon Sign,2300,5000
Sony Walkman TPS-L2 Original,7530,20440
Calculating Machine Brunsviga Belle Epoque,440,890
Rhodes Mark I Stage Piano c.1930 Recently Conserved,12220,23040
Published Penny Bank Mechanical c.1880,2930,6030
Edward Steichen Fashion Print c.1970,7790,26970
Olympic Gold Medal Replica Empire Period,14710,34470
Monumental Herend Figurine Hand Painted c.1920,1380,1950
Sarouk Fereghan Rug 19th Century,3650,7380
Colonial Night Clock Oil Lamp Italian c.1780,4070,8710
Pediment Fragment Stone Mid-Century Unrestored,960,2880
Silver Gilt Wine Cooler,2930,7760
Superb Conn 8D French Horn,10590,31610
Period Lewis & Clark Expedition Map Unrestored,5770,9930
Venetian Lattimo Glass Bowl,5600,17180
Fine Fortuny Delphos Gown c.1820,5020,7580
Railroad Map United States 1870 c.1800,5220,10090
Magnificent WWII Propaganda Poster c.1940 Museum Deaccessioned,1130,3890
Exquisite Rhodes Mark I Stage Piano Good Condition,760,1250
Lee Friedlander Street Print,7780,21900
Attributed Waterford Crystal Decanter Set Early 20th Century Excellent Condition,490,1270
Matchbox Lesney Collection,5330,15000
Vintage Tube Amplifier c.1950,12900,30000
Matched Shaker Rocking Chair With Certificate,9480,25000
Irving Penn Still Life Print Late Victorian Good Condition,2330,4420
Outstanding Arts & Crafts Oak Settle c.1950,7810,23000
Oversized Van Briggle Lorelei Vase c.1860,19880,40000
Chinoiserie Lacquer Screen 18th Century,4770,16210
Provincial Cast Iron Garden Sculpture Art Deco Period Excellent Condition,24920,48900
Gibson Les Paul Standard 1959 c.1940,4970,13310
Ornate French Ormolu Mantel Clock,1210,2830
Pristine Sheffield Plate Epergne,6280,20000
Fine Concrete Brutalist Form Regency Period,38300,77250
Miniature Soumak Flatweave Bag Recently Conserved,9910,23450
Miniature Nintendo Game Boy Sealed Unrestored,2670,9100
Unmatched Military Field Watch WWII,4740,13200
Ancient Greek Hoplite Shield Fragment,6120,10880
Notable Tiffany Sterling Flatware Set,6080,17140
Grand Loetz Iridescent Art Glass Vase Federal Period,810,1130
Antique Wilt Chamberlain Jersey,11910,34190
Select Drafting Instrument Set Cased c.1910 Excellent Condition,5100,11580
Vintage Ray-Ban Aviators Post-War,15980,35000
Museum Quality Apothecary Scale Marble Base c.1820,540,1780
Monumental Japan Cherry Blossom Issue c.1800,15480,35710
Charcoal Cityscape Drawing,47600,122340
Museum Quality Art Deco Wristwatch,49660,120000
Provenance Antique Tennis Racket Regency Period,5930,12000
Post-Impressionist Cityscape,66440,150000
Select Civil War Battlefield Map c.1920,5930,19480
Historic Fairy Lamp Clarke's Patent c.1900,7540,13970
Magnificent Chanel Tweed Jacket Vintage Arts & Crafts Era Excellent Condition,2250,4460
Historic Nintendo Entertainment System Boxed,8170,25740
Original Christofle Silver Tureen Excellent Condition,5360,10630
Vintage Pie Safe Punched Tin Modernist Period Excellent Condition,620,2070
Attributed Cappiello Campari Poster c.1950 From Private Collection,3780,8290
Victorian Cast Iron Gate,4880,15000
Edwardian Silver Card Case,5000,10980
Grand Boer War Medal Group Unrestored,4080,6770
Notable Penny Black 1840 c.1780,150,490
Signed Silver Mounted Cut Glass Claret Jug Art Nouveau Period,700,1580
Choice Bottega Veneta Clutch Belle Epoque,1370,2760
Scarce Berlin Woolwork Needlepoint Regency Period Excellent Condition,12100,23860
Select African Bronze Benin Head With Provenance,16650,38200
Superb Gilt Bronze Candelabra Pair c.1860,3350,8740
Copper Ale Jug Georgian Unrestored,2550,4100
Japanese Samurai Sword Katana Empire Period,29040,60000
Magnificent JBL Paragon Speaker System,4640,8630
Signed Versace Medusa Evening Gown c.1840,1060,3580
Original Steinway Model B Grand Piano With Provenance,14500,44160
Frederick Carder Steuben Aurene,4260,14100
Toulouse-Lautrec Moulin Rouge Poster Arts & Crafts Era,770,1470
Fine Yamazaki 18 Year Japanese Whisky c.1800,4360,8790
Ornate Hennessy Paradis Imperial Arts & Crafts Era As Found,6140,9700
Fine Victorian Porch Brackets Pair Regency Period,2670,4260
Delicate Meccano Construction Set Vintage,2550,4810
Arts Crafts Pewter Vase Arts & Crafts Era Good Condition,8290,20000
Exquisite Vintage Ray-Ban Aviators Art Nouveau Period With Provenance,10190,33370
Fine Ship Figurehead Carved Belle Epoque,2280,6610
Original Hall Tree Coat Stand,9270,15530
Restored Antique Darts Board Early 20th Century,2640,4070
Lyrical Abstraction Canvas c.1880 With Certificate,15110,43050
Provincial Watercolor Mountain View Art Deco Period Recently Conserved,28170,51010
Chinese Cloisonne Vase,6630,23180
Rare Emilio Pucci Palazzo Pants,14820,35000
Copper Ale Jug Georgian Museum Deaccessioned,2050,6460
Monumental Hasselblad 500C Camera,14040,23080
Grand Sevres Porcelain Clock Garniture Post-War With Certificate,7450,18310
Grand Mdina Glass Paperweight,6510,22140
Lalique Crystal Bacchantes Vase,11860,25000
Certified Alabaster Torso Unrestored,32730,80000
Early Grain Painted Blanket Chest c.1800 Good Condition,4660,12360
Vintage Pucci Silk Dress,8880,22800
Historic Native American Kachina Doll c.1820 Unrestored,5760,16440
Scarce Pele Signed Brazil Shirt,21770,50000
Vintage Venini Glass Pendant Light Unrestored,6130,18630
Northwest Coast Totem Pole Model,17000,40000
Oversized Lucie Rie Stoneware Bowl c.1930,1700,4570
Superb Cartier Silk Scarf c.1930 Excellent Condition,7570,20970
Chinese Cloisonne Vase c.1800 As Found,15620,41970
Superb Korean War Dog Tags c.1910,130,440
Original Cartier Tank,50430,97730
Gouache Street Scene,45280,119010
Steuben Crystal Eagle,11200,25000
Restored Japanese Lacquer Writing Box c.1970,11850,18290
Period Hooked Rug Floral Design c.1950 Excellent Condition,2830,3960
Documented Blenko Hand Blown Decanter c.1930,8920,25000
Magnificent Federal Period Console 18th Century,7180,16480
Matched Declaration of Independence Broadside Excellent Condition,21620,50000
Grand Level Spirit Brass Surveyor,3270,10030
Hermes Kelly Bag c.1820,14710,24740
Miniature Chopard Diamond Earrings,5050,13850
Fine Louis Vuitton Trunk Antique,11480,35000
Japanese Ukiyo-e Woodblock Print Early 20th Century,3120,4390
Revenue Stamp Collection c.1920,11040,33480
Colonial Wax Fruit Under Glass Dome,9020,25000
Restored Woodstock Festival Poster c.1820 Recently Conserved,4000,5790
Distinguished Brass Telescope Victorian,1060,2340
Thai Bronze Buddha Seated Post-War With Certificate,1480,2410
Authentic Hank Aaron Home Run Ball c.1940 Estate Fresh,6290,13000
Steering Wheel Nardi Wood Regency Period,1220,2740
Certified Alphonse Mucha Art Nouveau Print 18th Century,4100,7840
Magnificent Revolutionary War Musket c.1880,900,2130
Scarce Christian Dior Bar Suit With Provenance,1970,5580
Aneroid Barometer Victorian c.1960 Estate Fresh,6840,16170
Documented Dorothea Lange Migrant Mother Print,12260,30000
1952 Topps Mickey Mantle Card,19030,50000
Colonial Currier & Ives Lithograph c.1800 Excellent Condition,3500,9660
Teddy Ruxpin Working Art Deco Period With Provenance,3890,10930
Monumental Vintage Ferragamo Pumps With Certificate,4430,13680
Premier Fanlight Transom Window c.1970,7320,15000
Scarce Accordion Hohner Gola,17790,23210
Val Saint Lambert Vase,6510,8670
Oversized Boucheron Gold Cuff Mid-Century Recently Conserved,3020,5810
Michael Jordan Game Jersey Recently Conserved,4240,6380
Miniature AA Badge Chrome Collection Belle Epoque Recently Conserved,2030,3600
Scarce Finial Cast Iron Roof c.1800 As Found,4650,8380
Continental Signed Einstein Letter Georgian Period,3100,10670
Exquisite Berenice Abbott Manhattan Print,14660,30000
Cold War Era Spy Camera c.1900 With Provenance,2390,7530
Notable Persian Miniature Manuscript Page,22720,30000
Early Chinese Scholar's Rock c.1900,8980,22000
Soumak Flatweave Bag Late Victorian,5740,9530
Monumental Archery Bow Yew Longbow Edwardian Era Museum Deaccessioned,4260,7400
Certified Annie Leibovitz Portrait c.1920,570,1710
Colonial Revenue Stamp Collection c.1900,20740,45170
Certified Haida Argillite Carving Belle Epoque,6850,23350
Pristine Art Deco Silver Cocktail Shaker Early 20th Century,1920,5720
Terra Cotta Garden Planter Large c.1880,2000,6920
Rare Barograph Recording Aneroid,240,460
Vintage Croquet Set Complete,800,2360
Provincial Gretsch White Falcon Guitar c.1800,13250,28100
Delicate Chess Set Staunton Weighted c.1860,3560,10820
Yamazaki 18 Year Japanese Whisky,5980,16150
Original African Tribal Mask Dogon c.1920 Excellent Condition,11030,19840
Chinese Cash Coin Collection Arts & Crafts Era,24340,66510
Scarce Sepik River Ancestor Figure Belle Epoque,9530,21130
Hard Edge Abstraction c.1780,67120,111550
Monumental Silk Route Trade Map Reproduction With Provenance,3600,7460
Late Ptolemy Atlas Page,4140,12000
Persian Miniature Manuscript Page Unrestored,14600,29240
Ornate Waterford Crystal Decanter Set Mid-Century,11560,20420
Notable Antique Sapphire Earrings,14530,27480
Documented Chinese Scroll Painting Landscape Regency Period With Provenance,7080,15190
Outstanding Falconry Hood Leather Antique Arts & Crafts Era,4170,10580
Pristine Alfa Romeo Enamel Badge,1160,3440
Exhibited Magnifying Glass Sterling Handle c.1780,3440,5950
Ornate Porcupine Quill Box Empire Period,10860,17140
Exhibited Victorian Garden Bench Iron,2550,5120
Exhibited Fijian War Club Carved,3020,4700
Unique Billiard Cue Antique Inlaid,5760,12000
Exhibited Finial Cast Iron Roof,3000,6560
Pristine Silver Mounted Cut Glass Claret Jug Belle Epoque As Found,3740,5340
Distinguished Rolling Ball Clock Brass c.1920 Excellent Condition,6080,17550
Grand Moorcroft Pomegranate Vase Modernist Period With Certificate,18650,40000
Distinguished Autoharp Oscar Schmidt Antique Late Victorian,16510,53810
Matched Mexican Sterling Serving Tray Regency Period,7570,12540
Provincial Marantz 2270 Receiver c.1800 Museum Deaccessioned,3500,12120
Alphonse Mucha Art Nouveau Print Post-War,3840,5120
Unique Roman Legionary Helmet Replica Post-War,430,940
Magnificent Ship Figurehead Carved c.1950,7400,17150
Delicate Art Nouveau Bronze Table Lamp Federal Period Recently Conserved,8160,16380
Provincial 1794 Flowing Hair Dollar Federal Period,46770,100000
Original Sony Walkman TPS-L2 Original c.1910,11320,25240
Restored Zenith El Primero,17900,42000
Oversized Alphonse Mucha Art Nouveau Print,940,1240
Distinguished 1913 Liberty Head Nickel c.1900,5310,10310
Colonial Qashqai Tribal Bag Museum Deaccessioned,14440,27410
Delicate Whale Oil Lamp Antique c.1780,10000,20000
Choice Zeppelin Mail Cover,12210,29520
Late Bakelite Telephone Rotary,10420,30000
Sri Lankan Ivory Casket Empire Period,29480,58130
Japanese Woodblock Print Hokusai c.1940,24860,50890
Topaz Chandelier Earrings,14530,19120
Choice Hunting Horn Silver Mounted c.1920,750,2120
Moog Minimoog Synthesizer c.1880,25010,39590
Mobil Pegasus Neon Sign c.1970 Excellent Condition,1650,5000
Papua New Guinea Spirit Mask Art Nouveau Period,12450,40000
Provincial Venini Glass Pendant Light,4250,9300
Published Edwardian Silver Card Case c.1800,2000,4220
Ornate Tachisme Drip Painting,41600,91510
Matched Barograph Recording Aneroid Early 20th Century,1750,3280
Museum Quality Beatles Concert Poster Original Post-War,1200,2340
Hard Edge Abstraction Estate Fresh,26940,76930
1990 Screaming Eagle Cabernet c.1860 Estate Fresh,3690,6200
Vintage Yquem Sauternes 1967 18th Century,180,480
Vintage Medieval English Groat c.1800,33660,90330
Monumental Marine Chronometer Boxed,8580,18000
Monumental Apothecary Scale Marble Base Regency Period,3170,6180
Remarkable Curta Calculator Type II Post-War,13100,21350
Pristine Korean Celadon Bowl,26680,40900
Matched Banjo Clock American Federal Modernist Period,1340,2990
Early Emily Dickinson Manuscript,10380,21470
Notable Cuckoo Clock Black Forest Post-War,6080,12830
Early Vintage Bulgari Necklace Unrestored,3040,10430
Exceptional 1945 Mouton Rothschild,1510,4310
Certified Hank Aaron Home Run Ball As Found,14960,22270
Published Glass Blown Sculpture With Certificate,1570,2160
Hall Tree Coat Stand c.1880,3380,7790
Found Object Assemblage c.1860,32740,75550
Published Sultanabad Mahal Carpet Modernist Period,10270,21680
Historic Silver Gilt Wine Cooler c.1780,9700,18000
Documented Whale Oil Lamp Antique Empire Period,9380,20000
Atari Jaguar Console Sealed c.1910,370,640
France Ceres Issue,17710,32790
Outstanding Derek Jeter Game Bat,7600,17250
Magnificent Tiger Woods Tournament Putter Belle Epoque,13820,38070
Provincial Northwest Coast Totem Pole Model c.1910,1190,1670
Bakhtiari Garden Design Rug,13270,30000
Moonstone Cocktail Ring c.1860 With Certificate,37480,75000
Revolutionary War Musket Post-War,5910,11740
Trade Dollar Proof c.1960 With Provenance,44860,89250
Bronze Figurine c.1820,1580,2770
Japanese Meiji Bronze Vase,15160,28220
Original Samurai Armor Partial Set c.1840 Unrestored,6100,19070
Japan Cherry Blossom Issue,4750,16500
Premier Chinese Tang Dynasty Mirror Museum Deaccessioned,26260,36100
Select Garry Winogrand Airport Print c.1860,8210,13260
Terra Cotta Garden Planter Large c.1780 With Provenance,2170,3060
Antique Aviation Chart WWII Pacific Federal Period,3730,9750
Ornate Mid-Century Arco Floor Lamp c.1930,2930,4330
Corbel Carved Wood Victorian,4780,8590
Provenance Spanish American War Poster,4590,9040
Scarce Painted Fireboard Scene,5040,10020
Henri Cartier-Bresson Gelatin Print,12220,18560
Matched Currier & Ives Lithograph Edwardian Era With Provenance,1200,4120
Daum Nancy Pate de Verre Early 20th Century Recently Conserved,240,790
Lalique Crystal Bacchantes Vase Recently Conserved,7660,11610
Unique Vietnam War Flight Helmet,8150,20000
Superb Art Deco Mantel Clock,5990,14250
Miniature Plaster Maquette Regency Period,23760,31320
Documented Khmer Sandstone Apsara Relief,7560,11470
Certified Antique Tennis Racket c.1950,4220,9320
Matched Jaguar Leaper Hood Ornament c.1970 Recently Conserved,2160,3980
Premier Lee Friedlander Street Print Regency Period,5460,14980
Remarkable Cast Iron Garden Sculpture 18th Century,8460,22480
Important Louis Vuitton Trunk Antique Good Condition,6060,15030
Miniature Antique Wrought Iron Chandelier,2670,8860
Grand Walking Liberty Half Dollar Arts & Crafts Era With Provenance,21540,32490
Vintage Buffet R13 Clarinet,12080,17410
Late Oil on Canvas Landscape Art Deco Period,39150,118240
Sundial Pocket Brass 18th Century With Certificate,5720,15000
Restored Topaz Chandelier Earrings,23190,75000
Ornate Dulcimer Appalachian Mountain c.1950,11830,39550
Magnificent Limoges Enamel Box Collection c.1930,2120,3240
Exquisite Gutenberg Bible Leaf,24930,39570
Ornate A. Lange & Sohne Saxonia Museum Deaccessioned,3430,8140
Hawaiian Missionaries Stamp c.1970,7320,16180
Whitefriars Tangerine Vase c.1780 From Private Collection,9610,25000
Alphonse Mucha Art Nouveau Print c.1910 With Provenance,770,2350
Exceptional Kobe Bryant Rookie Card,5360,17040
Unmatched Cast Iron Garden Sculpture,24180,78260
Monumental Blaeu Wall Map Edwardian Era Museum Deaccessioned,3320,7990
Industrial Factory Pendant c.1900 Estate Fresh,5110,8920
Abstract Expressionist Work c.1860,43580,89450
Pristine Valentino Couture Cape,15450,35000
Early Moog Minimoog Synthesizer 18th Century,17550,54240
Antique Kerosene Lamp Cranberry Glass,9780,13440
Exquisite Level Spirit Brass Surveyor,6580,10570
Miniature Beatles Concert Poster Original Georgian Period,1090,3740
Early Joe DiMaggio Bat Game Used Georgian Period,16770,50000
Select Oscar Wilde Signed Letter,1140,2890
Scarce Meccano Construction Set Vintage c.1900,2680,8160
Period Vintage License Plate Collection Post-War,2480,5000
Pewter Miniature Set Post-War,37950,70520
Premier Maxfield Parrish Print Framed c.1860 With Certificate,5950,10820
Antique Orrefors Crystal Vase Signed Georgian Period,7220,25000
Korean War Dog Tags,3900,12670
A. Lange & Sohne Saxonia Empire Period With Provenance,23610,52830
Fine Cappiello Campari Poster From Private Collection,3510,7300
Grand Art Nouveau Opal Pendant As Found,27820,75000
Chinoiserie Lacquer Screen c.1880,7670,25000
Period Webb Cameo Glass Vase Belle Epoque,8120,21310
Original A. Lange & Sohne Saxonia With Certificate,8500,24920
Late Architectural Salvage Column Pair,2720,4920
Rare Yves Saint Laurent Le Smoking Jacket Belle Epoque,3470,7650
Scarce Tachisme Drip Painting c.1910,2670,8680
Fine 1913 Liberty Head Nickel c.1920,47720,64930
Unmatched Ptolemy Atlas Page Modernist Period Unrestored,3670,8890
Pristine Hublot Big Bang Arts & Crafts Era As Found,50130,103500
Notable Chanel Classic Flap Bag,5220,11470
Provenance Vietnamese Ceramic Bowl Modernist Period,16270,35870
Estate Georg Jensen Silver Pitcher Post-War,5790,19360
Outstanding Art Deco Chrome Floor Lamp Arts & Crafts Era From Private Collection,2500,5000
Art Exhibition Poster Picasso,3790,5460
Original Rolling Ball Clock Brass Regency Period Excellent Condition,1950,3950
Period Baluch Prayer Rug c.1920 Unrestored,12240,30000
Olympic Games Stamp Collection,1730,2730
Rare Archery Bow Yew Longbow,630,1030
Important A. Lange & Sohne Saxonia,45210,120000
Restored Multi-Strand Pearl Choker 19th Century As Found,22380,67970
Premier Bidjar Iron Rug c.1900,4200,6110
Certified Bakhtiari Garden Design Rug,13060,21090
Original Joe DiMaggio Bat Game Used,20490,33500
Provenance Japanese Samurai Sword Katana c.1820,5200,16740
Exquisite Indian Brass Temple Bell Arts & Crafts Era With Provenance,22850,56670
Unique Sega Genesis Console Boxed Arts & Crafts Era,7030,14460
Continental Indian Head Gold Eagle c.1920,19210,26630
Magnificent Antique Bible Leather Bound,100,260
Matched Stephen Shore Uncommon Places c.1840 Museum Deaccessioned,6010,14230
Unique Aston Martin Wings Badge,240,350
Miniature Tachisme Drip Painting,29150,78920
Rare Suzani Embroidered Textile Mid-Century,10410,20980
Authentic Aboriginal Dot Painting Canvas,14500,27150
Rare Magnifying Glass Sterling Handle 18th Century,3710,10940
Signed Theodolite Surveying Instrument c.1930,1300,2210
Exhibited Estate Survey Map Colonial c.1970,4060,11560
Period Marble Bust Arts & Crafts Era,27750,70510
Delicate Georgian Silver Tea Set,5870,13240
Notable Art Deco Silver Cocktail Shaker c.1840 Estate Fresh,7930,13660
Outstanding Stone Lion Garden Statue Pair Post-War Estate Fresh,2770,6700
Early Art Deco Silver Cocktail Shaker,4350,9320
Distinguished UN First Issues Collection,16400,22770
Attributed Cricket Bat Signed Vintage 18th Century With Certificate,3520,8040
Provenance Chinese Snuff Bottle Jade,2450,5730
Attributed Rolling Ball Clock Brass c.1880,4820,8190
Alabaster Torso c.1940 As Found,4290,10590
Published Barber Dime Collection From Private Collection,49510,100000
Rare Silver Trophy Cup Engraved Federal Period,9160,17580
Remarkable Cartier Tank,45310,120000
Published Mercury Barometer Stick Type c.1900 Unrestored,5500,18000
Colonial Pele Signed Brazil Shirt Empire Period,10360,20860
Attributed Shell Art Valentine Box Art Nouveau Period,8400,25000
Indian Brass Temple Bell,29940,60000
1913 Liberty Head Nickel,30280,51470
Raku Tea Ceremony Bowl,8610,14570
Distinguished Chinese Export Silver Tea Caddy Recently Conserved,9680,20000
Estate Art Nouveau Opal Pendant Art Deco Period With Certificate,9360,29520
Apothecary Cabinet Recently Conserved,990,1680
Pristine Kneehole Desk Georgian c.1940,7530,13660
Magnificent Sundial Pocket Brass Georgian Period,7220,15000
Lyrical Abstraction Canvas c.1780,15940,51000
Fencing Foil Set Antique,720,1360
Victorian Cast Iron Gate c.1960,6420,15000
Historic Wimbledon Championship Trophy Replica 19th Century,5420,14250
Certified Muhammad Ali Fight Poster Modernist Period,13320,43520
Whale Oil Lamp Antique Post-War,1270,4220
Exquisite Blenko Hand Blown Decanter c.1930,1010,2280
Surveyor's Transit Brass,2500,7890
Chinese Scholar's Rock,11860,30420
Restored Steiff Teddy Bear 1905 Belle Epoque,3170,7230
Banjo 5-String Prewar Gibson Early 20th Century,24000,57770
Choice Olympic Games Poster Collection,5200,9700
Grand Khotan Silk Rug Belle Epoque,750,1300
Authentic Jesse Owens Olympic Photo Signed Mid-Century,23560,50000
Signed Sega Genesis Console Boxed c.1920 With Provenance,6190,15000
Sinumbra Lamp Cut Glass Shade c.1910,9400,12450
Period Ukulele Martin Style 5K c.1800,3850,5320
Premier Norman Rockwell Saturday Evening Post c.1960,580,2030
Superb Antique Weathervane Copper Georgian Period With Provenance,2090,5830
Original Hermes Kelly Bag Federal Period,11990,31320
Unique Concrete Brutalist Form c.1930,27570,63840
Vienna Regulator Wall Clock Late Victorian From Private Collection,8930,18000
Documented Level Spirit Brass Surveyor c.1950,6000,13680
Oversized Curta Calculator Type II Georgian Period,14430,21900
Grand Christian Dior Bar Suit Art Deco Period,13440,35000
Thermometer Clinical Antique Post-War,5860,15000
WWII Propaganda Poster Estate Fresh,3480,6050
Magnificent Royal Doulton Character Jug With Certificate,8190,17450
Unique Tavern Sign Iron Bracket,2060,5910
Exquisite Papier Mache Tray Victorian Edwardian Era,4260,9040
Authentic Marble Bust Unrestored,9020,15540
Victorian Gas Wall Sconce Pair Post-War,7570,20000
Oversized Chrysoprase Brooch Arts & Crafts Era,15920,49420
Cappiello Campari Poster 18th Century Estate Fresh,3870,11520
Notable Miniature Portrait on Ivory c.1840,370,640
Monumental Currier & Ives Lithograph c.1780,1280,1730
Lewis & Clark Expedition Map With Certificate,1430,2140
Exquisite Edward Steichen Fashion Print,2980,9530
Cast Iron Garden Urn Pair c.1880,2740,9440
Rare Ortelius Theatrum Orbis Page Late Victorian,880,2180
Restored Tin Robot Battery Operated Art Deco Period,820,2270
Magnificent Louis XVI Commode Post-War,10910,24790
Brass Telescope Victorian Federal Period,2930,5440
Antique Zulu War Assegai Spear Belle Epoque,2310,3710
Rare Japanese Samurai Sword Katana With Provenance,22840,57600
Provincial Sterling Silver Cigar Box Art Nouveau Period,9560,20000
Important Inverted Jenny Stamp Modernist Period,10870,15570
Grand Kobe Bryant Rookie Card Unrestored,24950,50000
Late Scrimshaw Whale Tooth,3570,8460
Museum Quality Olympic Gold Medal Replica Early 20th Century,3860,11830
Napoleonic Era Cavalry Saber,7660,20000
Late Derek Jeter Game Bat,1260,3490
Important Dunhill Leather Briefcase c.1930,11440,22600
Exquisite African Beaded Ceremonial Crown,3270,9440
Persian Tabriz Silk Rug c.1930,5990,8630
Sterling Silver Cigar Box c.1910 As Found,4130,6470
Grand US Airmail Stamp Collection Mid-Century Museum Deaccessioned,20280,34500
Published Ceramic Raku Sculpture As Found,10730,31210
Documented Hermes Birkin Bag Regency Period,3720,10190
Exquisite Chinese Chippendale Mirror c.1800 Museum Deaccessioned,10680,25000
Attributed Corgi Batmobile Original Box c.1900,6340,15000
Ornate Antique Kashan Carpet,170,450
Matched Admiralty Chart British Navy c.1940,3770,5670
Oversized Ming Dynasty Blue White Vase c.1930,10240,34390
Art Nouveau Bronze Table Lamp Federal Period Good Condition,2450,6580
Grand James Joyce Ulysses 1st Ed c.1920 As Found,16060,36460
Authentic Sega Genesis Console Boxed Edwardian Era,5710,13460
Attributed Selmer Mark VI Tenor Saxophone c.1820,13850,20220
Argand Lamp Silver Plated c.1910,4480,5980
Premier First Edition Hemingway Novel,5240,14430
Outstanding Majolica Garden Seat Modernist Period,1260,3980
Sebastiao Salgado Workers Print,9020,16190
Whale Oil Lamp Antique Federal Period,2350,6240
Original Tribal Caucasian Kazak Rug Excellent Condition,1230,2680
Original Sevres Porcelain Clock Garniture Post-War,9920,14300
Rare Fortuny Delphos Gown,15340,35000
Rare Proof Silver Eagle Set,26320,67440
Superb Berenice Abbott Manhattan Print,3700,8770
Documented Taper Stick Silver Georgian Edwardian Era Unrestored,9380,20000
Rare Found Object Assemblage Federal Period,28720,69470
Certified WWII German Binoculars From Private Collection,4430,15370
Panoramic City View Lithograph Art Nouveau Period,2840,5010
Period Scrimshaw Whale Tooth,7860,18000
Distinguished Enamel Dial Dress Watch Regency Period Good Condition,52130,102740
Premier Surrealist Dreamscape c.1910 Good Condition,37880,96720
Ancient Greek Hoplite Shield Fragment Georgian Period,5130,8650
Continental Atari Jaguar Console Sealed c.1780,4680,14520
Documented Theremin RCA Original Late Victorian,20860,60000
Outstanding Photorealist Urban Scene Estate Fresh,6440,15610
Star Chart Celestial 1800s,3120,7010
Choice Jaguar Leaper Hood Ornament,1750,2990
Postal History Cover Collection c.1940,16260,32440
Choice Vintage Neon Beer Sign c.1910,2660,8730
Published Lucie Rie Stoneware Bowl From Private Collection,8590,25830
Early Antique Brass Door Hardware Set Post-War,6190,15000
Grand Ernie Ball Music Man StingRay Bass c.1940,14740,27130
Pristine Kinetic Metal Sculpture 19th Century Estate Fresh,7860,23990
Outstanding Barbie #1 Original 1959 c.1880,5600,13890
Authentic Carved Ivory Netsuke Federal Period Estate Fresh,22850,76940
Unique Silk Route Trade Map Reproduction 18th Century As Found,1640,2370
Magnificent Bracket Clock Georgian Ebony Excellent Condition,4400,11630
Miniature Equestrian Saddle Vintage English Belle Epoque,4520,12000
Unmatched Murano Glass Chandelier 12 Arm,2950,9020
Remarkable Indian Head Gold Eagle c.1970,38300,55250
Notable Spanish Doubloon c.1930,9350,12490
Autoharp Oscar Schmidt Antique Late Victorian,13340,19440
Tom Brady Signed Football Regency Period,3220,9610
Restored Stainless Steel Modern Piece Art Deco Period,2880,3990
Colonial Hennessy Paradis Imperial c.1930,1520,5150
Authentic Georgian Silver Candlestick Pair,4260,13600
Unmatched Imogen Cunningham Magnolia Print 18th Century,10670,27250
Attributed Tom Brady Signed Football Belle Epoque,21430,50000
Pristine Globe Celestial Miniature Late Victorian Recently Conserved,230,480
Pristine Louis XV Bergere Chair With Provenance,2510,4040
Unmatched Vintage Ray-Ban Aviators Late Victorian Recently Conserved,8570,13640
Sanborn Fire Insurance Map,700,1840
Michael Jordan Game Jersey,9810,30820
Attributed Cast Iron Garden Urn Pair,4330,12780
Signed Sweden Treskilling Yellow 18th Century,5140,13720
Provincial Muhammad Ali Fight Poster,16210,35230
Provincial Maserati Trident Badge Collection Good Condition,1580,4010
Ornate Walker Evans FSA Print,10850,17710
Notable Cricket Bat Signed Vintage Federal Period With Provenance,900,2130
Exquisite Barograph Recording Aneroid Edwardian Era Unrestored,1190,2620
Nantucket Lightship Basket Museum Deaccessioned,5460,12230
Rare Mainbocher Evening Dress,11780,21540
Gouache Street Scene With Certificate,45200,130390
Magnificent Sanborn Fire Insurance Map Empire Period,1510,3200
Unique Christian Dior Bar Suit Art Deco Period Recently Conserved,13830,35000
Noh Theatre Mask c.1900 Unrestored,27850,54730
Victorian Porch Brackets Pair c.1960 Good Condition,2980,6240
Remarkable Portolan Chart Mediterranean With Provenance,1590,2600
Antique Marklin Tin Train Set,2180,4600
Unique Brass Telescope Victorian,5180,14260
Monumental UN First Issues Collection,11360,35320
Unique Northwest Coast Totem Pole Model,7660,19670
Certified Celtic Harp Hand Carved Modernist Period,2960,5750
Restored Plein Air Coastal Scene Art Nouveau Period,48590,150000
Grand Autoharp Oscar Schmidt Antique c.1860,2800,8700
Oversized Inuit Soapstone Carving,5090,7550
Superb Film Noir Movie Poster Original Regency Period,850,2020
William Eggleston Color Print,2540,8380
Vintage Dutch Marquetry Cabinet,4270,7790
Important Hepplewhite Sideboard,4450,9620
Select WWII Propaganda Poster c.1930,5720,9200
Early Diane Arbus Twins Print Edwardian Era,13890,30000
Attributed Hans Coper Spade Form c.1780,17840,31490
Original Resin Cast Figure c.1880,25020,67770
Fine Apothecary Scale Marble Base,3750,8380
Notable Colonial Continental Dollar,6650,18970
Macintosh 128K Original Federal Period,3440,9710
Oversized Brass Telescope Victorian,5940,15000
Thematic Space Collection With Provenance,2260,7210
Continental Fanlight Transom Window,1270,2160
Exquisite Gibson Les Paul Standard 1959 c.1920,21380,51700
Fine Tiffany Wisteria Table Lamp Estate Fresh,700,1900
Drafting Instrument Set Cased c.1880,5480,9050
Premier Playmobil First Series Set With Certificate,1020,3460
Matched Haida Argillite Carving,12810,34170
Authentic Comtoise Clock French Provincial c.1800,4600,14420
Rickenbacker 360 Electric Guitar,22730,53350
Matched Encaustic Wax Painting,13340,31610
Unique Soumak Flatweave Bag Belle Epoque,3550,7370
Estate Grueby Faience Tile c.1960,1930,3980
Pembroke Drop-Leaf Table c.1950,780,2170
Monumental Commodore 64 Complete System c.1880 As Found,7110,17120
Restored Indonesian Wayang Puppet Antique,26120,60000
Select Frederick Carder Steuben Aurene Excellent Condition,6900,21690
Jackie Robinson Dodgers Cap,24430,50000
Distinguished Corbel Carved Wood Victorian,350,500
Published Roman Legionary Helmet Replica From Private Collection,5690,19790
Matched Porsche Enamel Dealer Sign Good Condition,920,2730
Miniature Apple I Computer Board Belle Epoque With Provenance,360,880
Art Deco Silver Cocktail Shaker c.1920,5650,13810
Thematic Space Collection With Certificate,20330,50000
Burmese Lacquerware Box c.1920 Estate Fresh,3860,8640
Continental Vacuum Tube Radio Cathedral c.1880 Unrestored,14040,18720
Early Spanish Doubloon Empire Period,47580,89880
Matched Cassandre Normandie Poster 19th Century,5300,12000
Estate Carved Coral Cameo Pendant Estate Fresh,37040,48710
Original Ship Figurehead Carved c.1820 Estate Fresh,3470,6430
Cubist Still Life,71680,106900
Miniature Satsuma Vase Meiji Period Mid-Century,18150,40000
Pristine Ceramic Raku Sculpture,32300,49110
Ernie Ball Music Man StingRay Bass,26080,34900
Signed Ancient Map Folio Art Deco Period,21640,36850
Notable Scrimshaw Whale Tooth Arts & Crafts Era With Certificate,2660,6190
Museum Quality Daum Nancy Pate de Verre c.1900,4100,13770
Oversized Currier & Ives Lithograph Early 20th Century,1680,2780
Krug Collection 1988,8340,22720
Vintage Mercator Projection Original c.1880,4850,8920
Exquisite Baluch Prayer Rug Unrestored,3380,7940
Delicate Campaign Officer's Chest Federal Period,970,2550
Signed African Beaded Ceremonial Crown,8640,29030
Early Jade Bangle Bracelet Post-War,22680,55910
Newel Post Cap Bronze,5100,14210
Unique Cubist Still Life,6280,14290
Distinguished Yves Saint Laurent Le Smoking Jacket Good Condition,1100,3400
Lewis Carroll Alice 1st Ed,13670,19650
Provenance Baccarat Crystal Wine Glasses,5810,18080
Hasselblad 500C Camera 18th Century,10700,24870
Exquisite Hot Wheels Redline Collection,3890,8140
Pele Signed Brazil Shirt Regency Period,10480,21460
Certified Atari 2600 Console Boxed Recently Conserved,440,800
Restored Coral Bead Necklace c.1920 With Provenance,6890,11540
Miniature Turquoise Silver Cuff Good Condition,31910,75000
Hamada Shoji Tea Bowl From Private Collection,5880,15600
Exceptional Cookie Board Springerle 18th Century,7980,18000
Exceptional Boer War Medal Group,190,310
Cast Iron Garden Urn Pair c.1930 Recently Conserved,4580,15000
Restored Cookie Board Springerle Art Deco Period,2920,7050
Victorian Porch Brackets Pair,2960,4520
Continental Tribal Caucasian Kazak Rug Late Victorian,12510,30000
Marble Bust c.1930,9860,16470
Colonial Victorian Garden Bench Iron c.1780 Museum Deaccessioned,1670,2640
Signed Wheel Barometer Rosewood Empire Period,7560,18000
Estate Mandolin Gibson F-5 Lloyd Loar Estate Fresh,18640,42230
Antique Vintage Rolls Royce Hood Ornament,2360,5000
Original Hot Wheels Redline Collection Federal Period,6600,9900
Remarkable Carnival Glass Punch Bowl Set c.1900 With Certificate,4220,10280
Carriage Clock Brass Repeating Arts & Crafts Era,7290,18000
Steinway Model B Grand Piano c.1910,5820,15000
Colonial Selmer Mark VI Tenor Saxophone c.1820,2740,6590
Signed African Tribal Mask Dogon,14100,27750
Regency Dining Table c.1940 From Private Collection,7300,11810
Concrete Brutalist Form Recently Conserved,38300,80000
Vintage Martin D-28 Acoustic Guitar,16270,33070
Distinguished Krug Collection 1988,10540,22460
Premier Silver Mounted Cut Glass Claret Jug Arts & Crafts Era With Provenance,1240,3400
Oversized Jane Austen First Edition c.1780,19080,35180
Provenance Polynesian Tapa Cloth Empire Period,5560,8620
Exhibited Mercury Barometer Stick Type,3110,9840
Outstanding Longines Heritage Diver 19th Century,38400,60260
Exquisite 1961 Chateau Latour c.1860,430,1140
Monumental Dorothea Lange Migrant Mother Print c.1910,8360,11480
Certified Shooting Stick Silver Collar Modernist Period,1170,1980
Delicate American Coin Silver Spoons 19th Century,9830,18430
Authentic Cinderella Stamp Album c.1820,14980,34380
Delicate Antique Darts Board Post-War,1980,4650
Documented Art Deco Illustrated Novel Georgian Period As Found,22640,50000
Exquisite Yquem Sauternes 1967,6920,14940
Choice Baccarat Crystal Wine Glasses Federal Period,6170,16930
Wax Fruit Under Glass Dome,1180,2430
Distinguished Zeppelin Mail Cover c.1900,2460,5490
Fine Edwardian Silver Card Case Good Condition,2210,4750
Porsche Enamel Dealer Sign Regency Period Unrestored,420,770
Outstanding Larry Bird Game Worn Sneakers,17450,30750
Victorian Silver Toast Rack,8450,19780
Restored Yves Saint Laurent Le Smoking Jacket,7970,10540
Unique Quezal Art Glass Shade c.1910,4430,8870
Marklin Tin Train Set From Private Collection,1100,3410
Distinguished Tiffany Diamond Solitaire c.1950,37420,75000
Grueby Faience Tile Excellent Condition,7840,22730
Choice 1961 Chateau Latour c.1860,7360,14560
Important Psychedelic Rock Concert Poster Edwardian Era,5920,8390
Restored Edward Weston Pepper Print c.1930,9170,15880
Remarkable Walking Liberty Half Dollar Excellent Condition,12330,22160
Antique Masters Tournament Flag Signed Art Deco Period From Private Collection,22560,37240
Unique Mainbocher Evening Dress,620,1390
Antique Vintage Pucci Silk Dress Georgian Period Unrestored,16800,35000
Attributed UN First Issues Collection Belle Epoque,7440,13380
Reclaimed Barn Door With Provenance,1000,2980
Unique Revenue Stamp Collection Art Nouveau Period,5870,16970
Period Shaker Rocking Chair Art Nouveau Period,10720,24780
Pristine Fishing Creel Wicker Antique,2140,7330
Superb Longcase Grandfather Clock c.1920 With Provenance,5110,16070
Ernie Ball Music Man StingRay Bass Regency Period,12700,41970
Premier Ernie Ball Music Man StingRay Bass Early 20th Century,26320,60000
Exhibited Admiralty Chart British Navy,60,140
Period Hermes Kelly Bag Mid-Century,6440,17690
Native American Kachina Doll 18th Century,1530,3450
Exquisite Chinese Export Silver Tea Caddy Good Condition,2880,8400
Treasure Map Replica Framed,4690,12000
William Eggleston Color Print c.1910 With Certificate,10060,30000
Premier Purdey Side by Side Shotgun Federal Period,830,1580
Rare Rolling Ball Clock Brass c.1860 Museum Deaccessioned,7440,18000
Notable Byzantine Gold Solidus Federal Period,19510,55860
Delicate Bach Stradivarius Trumpet Art Nouveau Period Estate Fresh,3590,10360
Early Archery Bow Yew Longbow From Private Collection,1520,2520
Remarkable Classic Car Brochure Collection,770,2520
Madame Gres Draped Gown c.1960,10850,26210
Ornate Digital LED Watch 1970s Unrestored,53970,86640
Daum Nancy Pate de Verre c.1880,1270,3910
Superb Steuben Crystal Eagle Georgian Period,4730,11250
Important Op Art Optical Illusion,23360,68670
Distinguished 1945 Mouton Rothschild Mid-Century,450,1100
Fine Watercolor Mountain View,37240,51990
Original Antique Bible Leather Bound Excellent Condition,18880,39670
Exhibited Carved Limestone Angel Arts & Crafts Era As Found,7200,16420
Superb Welded Steel Abstract c.1820,13090,33820
Distinguished Miniature Portrait on Ivory Art Deco Period As Found,5880,8450
Buffet R13 Clarinet c.1840 With Provenance,8920,28700
Colonial Falconry Hood Leather Antique Belle Epoque,4450,10640
Nepalese Bronze Deity Figure c.1920,3100,4700
Notable Fencing Foil Set Antique,5100,12000
Lucie Rie Stoneware Bowl Late Victorian,13200,35310
Leica M3 Camera Body As Found,7660,21450
Ornate Ansel Adams Yosemite Print 18th Century,9930,14440
Scarce Cappiello Campari Poster,4970,12000
Cheval Blanc 1947 Arts & Crafts Era,640,1740
Original WWI Trench Art Vase With Certificate,320,460
Choice Pre-Prohibition Bourbon Bottle c.1970,9660,19690
Gretsch White Falcon Guitar Mid-Century As Found,460,950
Antique First Edition Hemingway Novel,9780,28980
Authentic Chess Set Staunton Weighted Art Deco Period,1730,3190
Grand Cast Iron Garden Sculpture Edwardian Era,570,790
Antique Taxidermy Pheasant Display Art Deco Period,5230,8820
Czech Art Glass Sculpture 19th Century,9880,15550
Superb Loetz Iridescent Art Glass Vase Unrestored,9900,24220
Delicate Ancient Roman Aureus c.1940,13120,34640
Cricket Bat Signed Vintage Empire Period Good Condition,3490,8270
Yamaha CFX Concert Grand Piano c.1860 With Provenance,15230,34350
Unique Egg Tempera Still Life Georgian Period,65940,150000
Garden Fountain Tiered Stone c.1930,5420,15000
Colonial Banjo Clock American Federal,6870,10820
Attributed Ming Dynasty Blue White Vase,15570,23280
Period Rare Single Barrel Rye Whiskey,8210,19240
Aquamarine Tiara c.1820 Good Condition,15280,49580
WWII Propaganda Poster,6740,20000
Museum Quality Vintage Dashboard Clock Jaeger Modernist Period,2010,4860
Exceptional 1794 Flowing Hair Dollar Empire Period,42620,99040
Museum Quality African Bronze Benin Head c.1860 Estate Fresh,17050,40000
Documented Toulouse-Lautrec Moulin Rouge Poster As Found,490,740
Museum Quality Archery Bow Yew Longbow c.1860 Excellent Condition,5360,12000
Early Wedgwood Jasperware Plaque Arts & Crafts Era,7670,10960
Select Declaration of Independence Broadside Georgian Period,16070,35050
Monumental Leica M3 Camera Body Recently Conserved,12170,30000
Remarkable Edwardian Pearl Necklace Empire Period,26210,54660
Vintage Brass Telescope Victorian c.1780,3170,4810
Premier Medieval Broadsword,5840,8740
Sweden Treskilling Yellow 19th Century,6650,12420
Documented Soviet Constructivist Propaganda Poster Modernist Period With Provenance,2170,6620
Rare Spain Classic Period Collection,23490,50000
Provincial Dulcimer Appalachian Mountain Edwardian Era,10200,34070
Le Mans Poster Original 1955 c.1950,1330,1940
Documented Japanese Koban Gold Mid-Century Unrestored,26010,63150
Garry Winogrand Airport Print,11560,25270
Dutch Marquetry Cabinet,11090,25000
Vintage Opus One Vertical Collection Modernist Period,2430,5890
Certified Davenport Writing Desk As Found,6170,10160
Rushlight Holder Iron c.1820,8800,13250
Choice Japanese Samurai Sword Katana Empire Period,21120,28970
Historic Error Stamp Collection As Found,9170,14020
Important Argand Lamp Silver Plated c.1910,8080,20000
Original Whittled Walking Cane,7760,18000
Matched Brass Samovar Russian,8600,20000
Premier Ink Wash Landscape Arts & Crafts Era As Found,74200,150000
Fine City Plan Paris 1750 c.1820,2950,9670
Magnificent Thai Bronze Buddha Seated c.1950,24600,60000
Notable WPA Federal Art Project Poster,4780,12000
Important Garnet Cluster Ring c.1840,29040,59900
Continental Garnet Cluster Ring,33470,61600
Premier 1985 Sassicaia With Certificate,3310,9300
Original Oil on Canvas Landscape 19th Century With Certificate,47140,77590
Rare Sepik River Ancestor Figure Belle Epoque Recently Conserved,5690,11230
Oversized Carved Limestone Angel Regency Period,29730,41390
Vacheron Constantin Patrimony Art Nouveau Period With Provenance,40020,65830
Choice Yoruba Ibeji Twin Figure Good Condition,13810,30130
Unique Tiffany Dragonfly Table Lamp,3250,8920
Carousel Horse Carved Wood Museum Deaccessioned,8120,12450
Emilio Pucci Palazzo Pants c.1800,2670,5020
African Beaded Ceremonial Crown,3460,9920
Continental Mystery Clock Art Deco Georgian Period From Private Collection,7120,17230
Secretariat Derby Photo As Found,12170,31430
Wayne Gretzky Rookie Card As Found,14760,26520
Provenance Pocket Globe George III Era From Private Collection,650,1510
Ashanti Gold Weight Bronze c.1910 Recently Conserved,16490,40000
Delicate Cheval Mirror Mahogany,3740,8750
Museum Quality Original Ferrari Owners Manual,1640,5000
Japanese Tea Ceremony Kettle Regency Period Excellent Condition,5690,9950
Olympic Gold Medal Replica c.1960,9000,27260
Select First Edition Hemingway Novel,5050,9940
Historic Cuckoo Clock Black Forest Mid-Century,4200,13600
Ornate African Tribal Mask Dogon,19500,40000
Certified Vernis Martin Vitrine Display Case Edwardian Era,4000,13470
Matched Breguet Classique c.1970,37500,83060
Important Hofner 500/1 Bass Guitar Empire Period,28070,48830
Magnificent Silhouette Portrait Collection,3600,8630
Attributed Opus One Vertical Collection c.1860 With Provenance,9590,25000
Vintage Polaroid SX-70 Camera 18th Century,6160,11120
Miniature Diamond Riviere Necklace Regency Period,24720,35050
Unique Microscope Brass Compound,7040,15000
Ship Figurehead Carved c.1900,1310,1900
Tlingit Chilkat Blanket,7380,22840
Certified Onyx Decorative Figure Late Victorian,29620,80000
Superb Proof Silver Eagle Set,17800,44230
Decoy Shorebird Carved Art Deco Period,2480,6090
Certified Derek Jeter Game Bat c.1950,22160,50000
Authentic Longcase Grandfather Clock Empire Period,1010,1500
Rushlight Holder Iron c.1930 With Provenance,5790,10460
Yoruba Ibeji Twin Figure Edwardian Era,13110,33360
Published Renaissance Revival Armoire Excellent Condition,4860,10810
Estate Georg Jensen Silver Pitcher,8770,20000
Provenance Helmut Newton Fashion Print Regency Period,3320,7890
Late Betty Lamp Iron Colonial c.1840,9440,20000
Exhibited Baluch Prayer Rug Georgian Period,5720,12320
Monumental Civil War Battlefield Map Post-War,4440,5960
Published Geological Survey Map Victorian Federal Period,2460,7410
Vintage Antique Bible Leather Bound,21830,50000
Provincial Shakespeare First Folio Page,1620,5080
Remarkable Norman Rockwell Saturday Evening Post,5360,7340
Magnificent Arts Crafts Pewter Vase c.1910,8280,18880
Yquem Sauternes 1967,7660,19570
Exhibited Chinese Scholar's Rock c.1900,2010,4880
Magnificent Van Briggle Lorelei Vase Regency Period,14550,26470
Monumental French Ormolu Mantel Clock c.1970 From Private Collection,1880,6500
Exhibited Baroque Religious Painting,23630,53800
Museum Quality Agatha Christie Signed First Edition,8920,20480
Sony Walkman TPS-L2 Original Museum Deaccessioned,10090,19550
Fine Tavern Clock Act of Parliament c.1950,1310,4010
Antique Boer War Medal Group Empire Period,3100,9000
Regulator Dial Wristwatch c.1950 With Certificate,37780,68180
Certified Mercury Dime Full Bands Arts & Crafts Era,25220,75160
Documented Multi-Strand Pearl Choker,31510,50560
Unmatched Sand Cast Bronze Relief Late Victorian With Provenance,18310,23950
Rare American Coin Silver Spoons,3330,7360
Notable Atari 2600 Console Boxed c.1920 Good Condition,6310,10180
Ornate Teddy Ruxpin Working,5260,7470
Original African Bronze Benin Head Empire Period Recently Conserved,6840,14590
Late Revenue Stamp Collection,22970,50000
City Plan Paris 1750 Post-War Recently Conserved,1030,3040
Superb Art Exhibition Poster Picasso,570,970
Period WWII Aviator Leather Jacket Early 20th Century,5660,19800
Important Vernis Martin Vitrine Display Case,6680,17370
Colonial UN First Issues Collection,14870,28030
Early Vintage Pucci Silk Dress Georgian Period Estate Fresh,6150,14330
Provenance Royal Doulton Character Jug Excellent Condition,9250,30790
Martin D-28 Acoustic Guitar Unrestored,21330,60000
Chinese Chippendale Mirror,5060,16930
Pietra Dura Inlay Table Top 18th Century Good Condition,9890,25000
Estate Cuckoo Clock Black Forest Regency Period Estate Fresh,4320,12030
Museum Quality France Ceres Issue,17940,35940
Majolica Garden Seat Museum Deaccessioned,17940,23640
Vintage Trade Sign Optician Spectacles Mid-Century,2950,7000
Delicate Antique Tennis Racket Empire Period,490,1670
Choice Civil War Letters Collection Arts & Crafts Era From Private Collection,17980,45840
Unique Renaissance Madonna,40610,56550
Scarce Astronomical Regulator Clock With Provenance,1480,2630
Exquisite Diamond Riviere Necklace Belle Epoque,26260,75000
Outstanding Imogen Cunningham Magnolia Print,12180,29520
Fine Chronometer Deck Watch Naval Edwardian Era,52620,101720
Fraktur Pennsylvania German 19th Century,8500,18000
Colonial Resin Cast Figure,33720,80000
Certified Sebastiao Salgado Workers Print Excellent Condition,750,2600
Exceptional Pre-Prohibition Bourbon Bottle c.1780 Museum Deaccessioned,2480,6900
Oversized Magnifying Glass Sterling Handle c.1780,5210,12230
Fraktur Pennsylvania German Museum Deaccessioned,8860,18000
Victorian Gas Wall Sconce Pair Good Condition,2390,5100
Exceptional Kinetic Metal Sculpture c.1900,2880,9360
Restored Mercator Projection Original c.1910,3160,4760
Period Cartier Silk Scarf Mid-Century,5370,11970
Oversized Majolica Garden Seat c.1920,5510,19190
Provenance Victorian Emerald Brooch c.1910,24810,71600
Stephen Shore Uncommon Places c.1780,2200,5620
Cindy Sherman Untitled Film Still Empire Period With Certificate,10720,30000
Rare Autoharp Oscar Schmidt Antique,8200,14580
Notable Pan Am Airlines Poster 1960s,4030,8650
Egg Tempera Still Life Unrestored,71840,150000
Authentic Dinky Toys Collection Boxed c.1820,3120,9370
Conn 8D French Horn,28940,55210
Period AA Badge Chrome Collection,1520,4330
Tavern Sign Iron Bracket Art Deco Period,750,1950
Taper Stick Silver Georgian,720,1650
Weller Sicard Vase,15130,31310
Late Ziegler Mahal Carpet Arts & Crafts Era,4120,6040
Student Lamp Brass Double 18th Century,4220,6620
Estate Khotan Silk Rug Georgian Period,11370,30000
Exhibited Agra Palace Carpet c.1800,12950,23720
Historic Armillary Sphere Desktop,6320,8740
Saint Louis Crystal Goblet Set,8840,13900
Documented Photorealist Urban Scene Federal Period,39820,67770
Hans Coper Spade Form Federal Period From Private Collection,10700,14600
Oversized Japanese Samurai Sword Katana Edwardian Era,12740,36120
Matched Swiss Cantonal Issue Estate Fresh,5580,14340
Antique Fishing Reel Collection Art Deco Period,4050,5900
Delicate Indian Brass Temple Bell c.1930 Excellent Condition,13060,18100
Outstanding Pele Signed Brazil Shirt Edwardian Era As Found,21160,50000
Remarkable Schiaparelli Shocking Pink Hat,8640,25680
Webb Cameo Glass Vase Mid-Century,7550,25000
Published Ludwig Vistalite Drum Kit,13580,20560
Late Tin Robot Battery Operated c.1820,2780,7140
Monumental Lantern Clock Brass Reproduction Recently Conserved,950,2860
Fine Inuit Soapstone Carving,8490,14880
Fine Spanish Doubloon,48720,93350
Distinguished Steuben Crystal Eagle,7300,20350
Alfred Stieglitz Equivalent Print Federal Period,14430,30000
Oversized Whittled Walking Cane Arts & Crafts Era From Private Collection,8740,15230
Notable Night Clock Oil Lamp Italian Arts & Crafts Era,780,1970
Museum Quality Zeppelin Mail Cover 19th Century,6750,18050
Superb Indonesian Wayang Puppet Antique Art Nouveau Period,12060,23860
Miniature Richard Avedon Portrait Print c.1950 Excellent Condition,5050,16520
Moonstone Cocktail Ring Museum Deaccessioned,15440,39150
Bach Stradivarius Trumpet Art Deco Period,14450,31230
Provenance Alabaster Torso c.1970 Unrestored,24930,45730
Early Silver Gilt Wine Cooler,6320,15130
Antique Chinese Export Silver Tea Caddy Arts & Crafts Era Estate Fresh,9320,16000
Museum Quality Kobe Bryant Rookie Card c.1860,18490,37910
Provincial Sundial Bronze Armillary c.1930 Excellent Condition,1850,5120
Oversized KPM Berlin Plaque,16870,26530
Art Deco Figurative Painting 18th Century,55250,139120
Museum Quality Art Deco Illustrated Novel c.1950 Unrestored,6130,19540
Calculating Machine Brunsviga Good Condition,5230,15000
Certified Cold War Era Spy Camera c.1860 From Private Collection,1390,2090
Jane Austen First Edition Regency Period,4630,12940
Distinguished Magnifying Glass Sterling Handle c.1860,4300,14890
Miniature Breguet Classique Estate Fresh,41380,118570
Superb Falklands War Memorabilia Group Good Condition,5830,14750
Superb Lewis Carroll Alice 1st Ed,1190,3430
Provenance Civil War Battlefield Map Art Nouveau Period Museum Deaccessioned,1450,2560
Historic Hamada Shoji Tea Bowl Unrestored,4970,10220
Matched Navajo Chief's Blanket Early 20th Century,10720,17150
Select Newcomb College Vase c.1910 Recently Conserved,7010,17210
Distinguished Military Campaign Map Napoleonic c.1960,5500,12000
Premier 1913 Liberty Head Nickel c.1840,34490,77850
Hermes Kelly Bag 18th Century,12750,24820
Ornate George Ohr Puzzle Mug Georgian Period With Certificate,2910,5290
Ornate Buffalo Nickel Proof Art Nouveau Period Good Condition,30250,47250
Concertina Wheatstone English 19th Century Recently Conserved,26420,60000
Coral Bead Necklace,31950,75000
Early Rickenbacker 360 Electric Guitar,22980,60000
Certified Indian Mughal Miniature Painting Belle Epoque With Certificate,4910,9960
Museum Quality Rushlight Holder Iron c.1920,9870,14040
Early Gordon Parks Photo Essay Print,3170,8970
Historic Reclaimed Church Doors Oak,990,2110
City Plan Paris 1750,430,860
Early Silhouette Portrait Collection Art Nouveau Period,8620,19450
Provenance Yamaha CFX Concert Grand Piano Post-War,28600,60000
Period 1952 Topps Mickey Mantle Card Good Condition,5840,11190
Ornate 1909-S VDB Lincoln Penny c.1970,23270,40000
Taxidermy Pheasant Display Federal Period,480,1330
Mercedes Benz Star Emblem Vintage c.1960,120,290
Continental Psychedelic Rock Concert Poster,950,2020
Estate 1961 Chateau Latour Georgian Period,9040,25000
Antique British Guiana One Cent Magenta c.1910 From Private Collection,2450,8120
Pristine Ziegler Mahal Carpet c.1880 From Private Collection,6520,10380
Ornate Beadwork Purse Victorian Post-War,11160,25000
Continental Greek Tetradrachm From Private Collection,35320,53880
Rare Lucie Rie Stoneware Bowl Mid-Century,18690,40000
Published Mexican Sterling Serving Tray,3750,13010
Alexandrite Pendant 18th Century Recently Conserved,32230,54220
Scarce Railroad Pocket Watch c.1930,33380,73760
Estate Op Art Optical Illusion c.1910,56760,103810
Remarkable American Coin Silver Spoons From Private Collection,8080,20000
Soapstone Animal Carving Estate Fresh,19760,46000
Certified Atari Jaguar Console Sealed c.1900 From Private Collection,2280,6700
Miniature Zulu War Assegai Spear Unrestored,5000,8020
Historic Aston Martin Wings Badge c.1800,1720,2520
Japanese Meiji Bronze Vase c.1820,16120,40310
Important Antique Van Cleef Bracelet,24760,56300
Exhibited Tlingit Chilkat Blanket c.1910 Recently Conserved,2290,7570
Restored Grueby Faience Tile c.1960,15660,29610
Superb Star Wars Vintage Figures Set Mid-Century,5220,13300
Tiffany Wisteria Table Lamp c.1820 Estate Fresh,50,160
Chopard Alpine Eagle With Certificate,56660,113300
Museum Quality Staffordshire Spaniel Pair Estate Fresh,4420,14220
Monumental Waterford Crystal Decanter Set Mid-Century,10080,21260
Chartreuse VEP Green Art Deco Period,2170,5700
Late Impressionist Garden Scene Good Condition,680,2060
Historic Vintage Rolls Royce Hood Ornament,2070,5000
Ornate Standing Liberty Quarter Mid-Century,25860,38170
Museum Quality Carved Coral Cameo Pendant Early 20th Century From Private Collection,18570,42420
Magnificent Japanese Lacquer Writing Box,21700,33110
Important Barograph Recording Aneroid,120,410
Magnificent Vintage Tube Amplifier,7840,18500
Grand Pan Am Airlines Poster 1960s,5990,12000
Provenance Hitching Post Cast Iron,8830,18000
Period Oris Aquis Date,4900,7910
Pristine Antique Bible Leather Bound c.1840 As Found,4850,14950
Matched Terra Cotta Garden Planter Large c.1780,5140,7450
Japanese Koban Gold Estate Fresh,45220,100000
Antique Theremin RCA Original Late Victorian,26990,60000
Published AA Badge Chrome Collection,1010,2210
Documented Antique Weathervane Copper Regency Period,790,1850
Miniature Boot Scraper Cast Iron c.1910,5970,10600
Rolling Ball Clock Brass,7610,18000
Ornate Delft Tulip Vase Art Deco Period,13290,17870
Exhibited Gandhara Stone Buddha Head c.1950,4300,6020
Exhibited Acrylic Abstract,49210,87250
Exhibited Venetian Lattimo Glass Bowl Late Victorian,6790,20080
Museum Quality Vernis Martin Vitrine Display Case Regency Period,9450,24850
Delicate 1794 Flowing Hair Dollar Estate Fresh,21620,52150
Grand Omega Speedmaster Moonwatch Modernist Period,41360,68350
Published Marble Bust,24900,59290
Antique Celestial Globe Edwardian Era,5670,11300
Remarkable Windsor Writing Arm Chair c.1840,6410,21240
Late China Red Revenue Stamp c.1920 Museum Deaccessioned,1910,3400
Oversized Copper Patina Sculpture From Private Collection,11120,28430
Outstanding US Airmail Stamp Collection Belle Epoque Museum Deaccessioned,11630,15650
Certified Swiss Tourism Poster Vintage,1430,3380
Signed Partner's Desk Leather Top c.1900 From Private Collection,4580,14440
Theorem Painting on Velvet Art Nouveau Period,1400,4180
African Beaded Ceremonial Crown Post-War,8600,20920
Exquisite Social Realist Mural Study,59670,131420
Outstanding WWI Trench Art Vase c.1920,8160,12890
Select Georgian Gold Locket c.1960 Estate Fresh,6860,11970
Period 1913 Liberty Head Nickel From Private Collection,27470,63330
Alfred Stieglitz Equivalent Print c.1840 Recently Conserved,10740,30000
Unique Japanese Kimono Silk Vintage Georgian Period,4700,10450
Boucheron Gold Cuff,18350,50860
Scarce Alfa Romeo Enamel Badge,1140,3320
Remarkable Limestone Garden Balustrade Federal Period,3310,9010
Important Falconry Hood Leather Antique Recently Conserved,5310,12000
Indian Mughal Miniature Painting c.1970 Excellent Condition,23720,33440
Unique Louis XVI Commode 19th Century With Provenance,2510,6060
Orrery Planetary Model c.1900,6020,15000
Magnificent Cartier Silk Scarf c.1960 As Found,8910,25000
Fine Sri Lankan Ivory Casket c.1820,22370,52560
Peridot Stud Earrings Recently Conserved,25160,75000
Exceptional Jane Austen First Edition c.1950,14370,26020
Seiko Grand Seiko Spring Drive From Private Collection,29880,63450
Chinese Jade Bi Disc,15210,41120
Ornate Illuminated Medieval Psalter Art Deco Period With Certificate,13720,25100
Select Colonial Blanket Chest,11290,23480
Authentic Sheffield Plate Epergne,9210,20000
Purdey Side by Side Shotgun As Found,2200,2920
Matched Film Noir Movie Poster Original,5800,12000
Exquisite Diane Arbus Twins Print Regency Period Excellent Condition,12320,30000
Late Pietra Dura Inlay Table Top c.1780,9690,25000
Select Penny Bank Mechanical c.1920,1650,4150
Depression Glass Collection,4880,14370
Antique Schuco Micro Racer c.1940,2030,4060
1804 Draped Bust Dollar,17070,36440
Remarkable Concrete Brutalist Form c.1910,32080,80000
Historic Boot Scraper Cast Iron,4380,15030
Resin Cast Figure Early 20th Century,6790,21790
Thermometer Clinical Antique c.1840,990,2210
Premier Greek Tetradrachm Edwardian Era,11300,22180
Notable Pillar Clock Biedermeier,8770,16790
Published Aboriginal Dot Painting Canvas Edwardian Era,2420,8050
Oversized Hot Wheels Redline Collection c.1780 Excellent Condition,2870,7280
Colonial Secretariat Derby Photo Excellent Condition,15850,43100
Scrimshaw Whale Tooth,8670,13060
Delicate Plein Air Coastal Scene Late Victorian,72330,102850
Art Deco Travel Poster Paris,2400,7960
Colonial Commodore 64 Complete System Museum Deaccessioned,8230,26180
Attributed Beatles Concert Poster Original 19th Century,1640,3150
Miniature Kinetic Metal Sculpture Art Nouveau Period Excellent Condition,28120,61240
Antique Murano Glass Chandelier c.1910,11710,25000
Purdey Side by Side Shotgun Mid-Century,1320,1740
Outstanding Gouache Street Scene,13250,29940
Matched Queen Anne Highboy Recently Conserved,1720,6010
Distinguished Emilio Pucci Palazzo Pants Early 20th Century,17240,25600
Distinguished Turkmen Tekke Carpet c.1820,9930,22840
Rare Boer War Medal Group Edwardian Era,9280,20000
Outstanding Waterford Crystal Decanter Set As Found,6600,14370
Authentic Marble Bust c.1800,27030,46600
Mexican Sterling Serving Tray,6770,13650
Superb Russian Niello Silver Box Late Victorian,2660,6220
Sheffield Plate Epergne Post-War,3870,6360
Oversized Desert Storm Challenge Coin Set Estate Fresh,9280,14970
Choice Arts Crafts Pewter Vase,1000,1790
Unique Spanish American War Poster c.1860 From Private Collection,3480,6520
Museum Quality Paul Revere Silver Bowl,6810,10410
Antique Decoy Duck Carved 18th Century,4790,12000
Miniature Chanel Classic Flap Bag,600,1040
Select Architectural Salvage Column Pair From Private Collection,6160,15000
Certified Steuben Crystal Eagle,12160,22600
Distinguished Alabaster Torso Modernist Period,22270,47060
Select Garden Fountain Tiered Stone c.1920,3670,10060
1794 Flowing Hair Dollar Federal Period,20350,29250
Antique Star Wars Vintage Figures Set Belle Epoque Good Condition,1110,3760
Military Field Watch WWII,3930,13400
Exceptional Chinese Chippendale Mirror Belle Epoque,11990,25000
Waterford Crystal Decanter Set c.1820,6700,19610
Ornate GI Joe Prototype 19th Century As Found,7330,15000
Rare Chanel Tweed Jacket Vintage Arts & Crafts Era,17220,35000
Exquisite Mercedes Benz Star Emblem Vintage As Found,1190,3840
Trestle Refectory Table Empire Period From Private Collection,8380,25000
Continental Sea Chart Dutch Golden Age,3440,11050
Early Gouache Street Scene Edwardian Era,42440,120700
Estate Jade Carving Regency Period Unrestored,1150,2850
Certified Jesse Owens Olympic Photo Signed c.1820 Museum Deaccessioned,24160,50000
Miniature LEGO Castle Set Vintage 19th Century,340,1010
Illuminated Medieval Psalter Empire Period Excellent Condition,9430,20710
Select Backgammon Set Leather Vintage Federal Period,5570,12000
Estate Roman Legionary Helmet Replica c.1860,6410,18040
Provenance Woodstock Festival Poster c.1960,5820,12000
Monumental Sarouk Fereghan Rug As Found,6930,18280
Distinguished Oil on Canvas Landscape,1380,3670
Exquisite Marine Chronometer Boxed Late Victorian Unrestored,5600,15640
Tortoiseshell Tea Caddy From Private Collection,3030,6370
Exhibited Confederate Currency Note Regency Period,7770,19440
Historic Wurlitzer Electric Piano c.1800,21730,38360
Authentic Garden Fountain Tiered Stone c.1910 From Private Collection,1880,4490
Published Beatrix Potter First Edition With Certificate,16270,26690
Signed Sevres Porcelain Clock Garniture c.1910,3490,9940
Purdey Side by Side Shotgun c.1840 Good Condition,4110,6390
Magnificent Mdina Glass Paperweight c.1930,1760,2460
Grand Pocket Globe George III Era c.1920,2060,6350
Attributed Hot Wheels Redline Collection Georgian Period,580,1690
Unmatched Bernard Leach Charger Modernist Period,6710,20660
Certified Burmese Lacquerware Box Recently Conserved,15160,31390
Art Nouveau Silver Photo Frame c.1920 Unrestored,8770,20000
Art Nouveau Display Cabinet Recently Conserved,10720,25000
Early Sebastiao Salgado Workers Print Museum Deaccessioned,4760,13730
Early Confederate Currency Note Mid-Century,23050,59580
Early Zeppelin Mail Cover Excellent Condition,17730,50000
Exquisite Khmer Sandstone Apsara Relief Georgian Period,22160,60000
Important Shakespeare First Folio Page Museum Deaccessioned,13730,28600
Onyx Decorative Figure c.1800,30010,65850
Joel Meyerowitz Cape Light Print Good Condition,13740,20170
Theorem Painting on Velvet,2650,5570
Period Shooting Stick Silver Collar c.1820,3150,4710
Period Agatha Christie Signed First Edition Edwardian Era,8580,26170
Museum Quality Queen Anne Highboy c.1860,4730,8750
Unmatched Antique Sapphire Earrings 19th Century Good Condition,30260,63360
Important Vintage Neon Beer Sign,5920,8660
Chinese Scholar's Rock c.1940,25840,60000
Premier Tiffany Wisteria Table Lamp,5870,15710
Arts Crafts Pewter Vase Empire Period,1890,6520
Boer War Medal Group 19th Century Recently Conserved,3850,8290
Distinguished Grueby Faience Tile Belle Epoque,6360,20050
Continental Surveyor's Transit Brass,1170,1800
Museum Quality Persian Miniature Manuscript Page,15320,30500
Castrol Oil Can Collection Late Victorian Museum Deaccessioned,1650,3410
Remarkable Bouillotte Lamp Brass French Regency Period Good Condition,4810,11260
Gilt Bronze Candelabra Pair c.1800,11390,18900
Late Hermes Birkin Bag c.1970,3400,9080
Aboriginal Dot Painting Canvas Art Nouveau Period,18190,40000
Select Chinese Cash Coin Collection c.1860 Unrestored,35020,100000
Original Spain Classic Period Collection,14130,19610
Monumental Ancient Roman Aureus c.1970,38860,100000
Important Tin Robot Battery Operated c.1840,3140,6510
Scarce Tower Clock Movement Antique,220,690
Late Valentino Couture Cape Late Victorian With Provenance,8710,19590
Certified Brass Telescope Victorian c.1900,5150,14090
Antique Blaeu Wall Map c.1930,3400,8030
Windsor Writing Arm Chair Modernist Period,520,1100
Premier Persian Miniature Manuscript Page c.1780,3760,8380
Original Art Deco Silver Cocktail Shaker Georgian Period,8530,16960
Attributed Citizen Chronomaster,6950,20100
Select Jaguar Leaper Hood Ornament Arts & Crafts Era,600,1030
Samurai Armor Partial Set c.1930,5370,9200
Carved Limestone Angel c.1970,16450,23340
Exceptional Papua New Guinea Spirit Mask,3950,13600
Museum Quality Nurses Watch Enamel Dial Museum Deaccessioned,39060,100970
Exceptional Cape of Good Hope Triangular,16060,41840
Museum Quality Loetz Iridescent Art Glass Vase,8680,25000
Remarkable Playmobil First Series Set c.1880 Excellent Condition,1300,3450
Unmatched Lewis Carroll Alice 1st Ed,11430,39350
Corgi Batmobile Original Box Art Nouveau Period,6540,15000
Authentic Sarouk Fereghan Rug Excellent Condition,11370,29540
Select Suzani Embroidered Textile Modernist Period Excellent Condition,250,430
Outstanding Irish Silver Sugar Bowl c.1820 Unrestored,2060,4820
Japanese Kimono Silk Vintage With Provenance,19200,59060
Colonial Betty Lamp Iron Colonial c.1950,9170,19930
Scarce Kilim Flatweave Runner c.1950,5360,9440
Exceptional Currier & Ives Lithograph c.1880 Museum Deaccessioned,3980,9240
Antique Moog Minimoog Synthesizer Georgian Period,13140,21280
Certified Welded Steel Abstract c.1960,13340,17920
Fine Astrolabe Reproduction Empire Period,5560,7310
Chinese Export Silver Tea Caddy,5350,12440
Period Color Field Painting Large,56190,150000
Modernist Composition,46770,82350
Distinguished Mexican Sterling Serving Tray Excellent Condition,9530,20000
Hooked Rug Floral Design Arts & Crafts Era,6340,11670
Delicate Scrimshaw Whale Tooth c.1920,8110,11940
Certified Royal Doulton Character Jug,10700,31490
Notable France Ceres Issue Museum Deaccessioned,24590,42160
Nantucket Lightship Basket,6990,16900
Hamilton Khaki Field Good Condition,42320,120000
Oversized Babe Ruth Signed Baseball c.1940,21160,41500
Remarkable Vintage Fly Fishing Rod Hardy,2390,5050
Ornate Haida Argillite Carving Art Nouveau Period,6360,13000
Late Seated Liberty Half Dollar,23650,41010
Cappiello Campari Poster Belle Epoque,3410,10860
Ornate Apothecary Scale Marble Base Belle Epoque,1470,2030
Pre-Prohibition Bourbon Bottle 19th Century,11640,25000
Select Ashanti Gold Weight Bronze c.1800,18440,37120
Attributed Hermes Kelly Bag Good Condition,14040,22930
Pristine Campaign Officer's Chest c.1950,7030,18350
Oversized Mercury Dime Full Bands c.1950 Recently Conserved,49290,70920
Period Schuco Micro Racer,760,1370
Premier Vacheron Constantin Patrimony Excellent Condition,59110,93790
Garden Fountain Tiered Stone,4680,9470
Exhibited Zuni Fetish Carving Collection,15310,39970
Ashanti Gold Weight Bronze c.1970 Unrestored,1210,4100
Restored Zulu War Assegai Spear c.1780 With Certificate,5120,10470
Monumental Portolan Chart Mediterranean c.1900,700,1990
Original Sevres Porcelain Clock Garniture Federal Period,1050,2190
Early Cabochon Emerald Brooch c.1920,3370,6640
Exquisite Jane Austen First Edition,5100,13040
Hermes Birkin Bag Federal Period,14350,35000
Notable Partner's Desk Leather Top 19th Century Excellent Condition,11680,25000
Grueby Faience Tile Late Victorian,2970,10240
Certified Chinese Snuff Bottle Jade c.1920,28940,60000
Pristine Tin Robot Battery Operated,2890,5450
WWII German Binoculars c.1920 With Certificate,6110,20000
British Guiana One Cent Magenta Modernist Period,12770,25870
Exquisite Chanel Classic Flap Bag,10300,20370
Victorian Botanical Atlas,7630,16340
Estate Neo-Expressionist Canvas c.1910 Recently Conserved,62330,150000
Historic Bugatti Radiator Cap Mid-Century From Private Collection,2320,4160
Authentic Berenice Abbott Manhattan Print Empire Period,13690,28780
Chinese Art Deco Carpet,11370,14910
Sultanabad Mahal Carpet c.1920,1590,3290
Alabaster Torso c.1800,37370,80000
Delicate Cold War Era Spy Camera,6840,18430
Notable Mixed Media Collage,63160,150000
Miniature Chinese Scholar's Rock c.1960,18110,41910
Historic Pave Diamond Bangle,30450,74380
Unmatched Derek Jeter Game Bat 18th Century,22700,50000
Original French Ormolu Mantel Clock c.1800 With Provenance,6180,8300
Roman Legionary Helmet Replica,660,1300
Delicate Staffordshire Spaniel Pair Federal Period With Certificate,13210,22700
Antique Silk Route Trade Map Reproduction,2510,8160
Colonial Declaration of Independence Broadside c.1800,15220,22050
Fine Seiko Grand Seiko Spring Drive,5660,13290
Antique Wrought Iron Chandelier Estate Fresh,4490,10060
Magnificent Lucie Rie Stoneware Bowl With Certificate,2860,6220
Notable Kerosene Lamp Cranberry Glass,5680,16500
Pristine Pewter Miniature Set c.1950 Excellent Condition,28730,61310
Choice Purdey Side by Side Shotgun With Certificate,910,2370
Outstanding Victorian Chaise Lounge 18th Century,11930,25000
Arts & Crafts Mica Shade Lamp c.1860,7630,19960
Historic Vintage Neon Beer Sign c.1880,10910,21610
Choice Ptolemy Atlas Page c.1920 Museum Deaccessioned,530,1250
Fine Art Exhibition Poster Picasso Regency Period,5430,12000
Exceptional Bach Stradivarius Trumpet Mid-Century,16760,54780
Provenance African Bronze Benin Head Mid-Century,1410,4560
Antique Blaeu Wall Map,4520,10090
Scarce Mobil Pegasus Neon Sign Arts & Crafts Era,1370,2040
Exceptional Tlingit Chilkat Blanket c.1920,4630,8640
Oversized Chinese Scroll Painting Landscape,27150,60000
Steering Wheel Nardi Wood c.1960,1760,5000
Miniature WWII Enigma Machine Component Belle Epoque,5090,11770
Delicate Japanese Samurai Sword Katana From Private Collection,8790,22550
Published Cabochon Emerald Brooch,12000,40900
Notable Sporting Gun Cabinet Oak Mid-Century,810,1960
Published Wedgwood Jasperware Plaque Early 20th Century,18800,36970
Select City Plan Paris 1750 Modernist Period,2830,9650
Original Frederick Carder Steuben Aurene Modernist Period,8740,22660
Outstanding Medieval Broadsword 18th Century,7240,19600
Monumental Samurai Armor Partial Set 19th Century,2400,4240
Remarkable Monaco Grand Prix Program 1962 19th Century,1200,2040
Grand Dom Perignon 1996 c.1840,8630,25000
Cookie Board Springerle Art Nouveau Period With Certificate,6090,8770
Distinguished Taxidermy Pheasant Display c.1900,4080,12000
Delicate Sheffield Plate Epergne c.1930,5460,10250
Monumental Tlingit Chilkat Blanket Georgian Period,19460,40000
Cindy Sherman Untitled Film Still c.1900,3190,6560
Bakhtiari Garden Design Rug c.1900,930,1350
Miniature Double Eagle $20 Gold Coin,16100,32530
Unmatched Tiffany Dragonfly Table Lamp,2340,5620
Sundial Pocket Brass c.1930 Unrestored,4830,12720
Vintage Portolan Chart Mediterranean,2520,7530
Morgan Silver Dollar BU,22140,65870
Remarkable Ted Williams Signed Photo c.1930,14570,19320
Mauritius Post Office Stamp Art Deco Period,19870,50000
Mercury Dime Full Bands 18th Century,11260,23910
Confederate Currency Note Late Victorian,17590,24030
Japanese Samurai Sword Katana As Found,11310,34720
Provenance Vintage Ray-Ban Aviators,640,1480
Premier WPA Federal Art Project Poster c.1960,4890,12000
Period Curta Calculator Type II With Certificate,5670,19780
Pristine Surrealist Dreamscape 19th Century,51950,108990
Provenance Chanel Tweed Jacket Vintage Unrestored,4750,11000
Continental Vintage Cartier Watch c.1950 With Provenance,36440,60570
Historic Art Deco Silver Cocktail Shaker,430,980
Signed Staffordshire Spaniel Pair As Found,6470,10170
Superb Pie Safe Punched Tin Post-War Estate Fresh,11820,24200
Distinguished IBM Model M Keyboard Georgian Period Museum Deaccessioned,3140,9560
Exhibited Banjo Clock American Federal Belle Epoque From Private Collection,4370,14780
Ornate Lehmann Wind-Up Toy,2560,8140
Exceptional Skeleton Clock Victorian,1800,4160
Marble Bust Good Condition,19880,59200
Museum Quality Isfahan Silk Rug,5260,17040
Continental Balloon Clock Edwardian,5190,14620
Museum Quality Berlin Woolwork Needlepoint c.1880,8250,12710
Swiss Cantonal Issue Regency Period With Certificate,23990,47510
Diego Maradona Signed Shirt c.1880,1590,2110
Grand Mainbocher Evening Dress,13110,35000
Late Aviation Chart WWII Pacific,3760,12000
Secretariat Derby Photo Early 20th Century,8710,14020
Rare Romanee-Conti Grand Cru 2005,4190,9800
Estate Chartreuse VEP Green c.1820 With Certificate,10060,15820
Renaissance Revival Armoire Estate Fresh,5090,12890
Antique Kashan Carpet c.1930 With Provenance,2250,5910
Early Yoruba Ibeji Twin Figure,7840,25060
Ornate India Scinde Dawk,3230,10040
Op Art Optical Illusion Modernist Period,53270,150000
Boer War Medal Group 19th Century,9670,15300
Outstanding Banjo 5-String Prewar Gibson,14960,39080
Superb Carved Coral Cameo Pendant c.1860 Museum Deaccessioned,3010,8840
Published Falklands War Memorabilia Group,170,300
Edward Steichen Fashion Print c.1940,14250,30000
Authentic Loetz Iridescent Art Glass Vase,11450,16810
Scarce Victorian Silver Toast Rack c.1820,9980,20000
Corbel Carved Wood Victorian c.1970,1930,4530
Gretsch White Falcon Guitar 19th Century Recently Conserved,23650,36600
Distinguished Hydrographic Chart Coastal,5500,11880
Pediment Fragment Stone,3590,11340
Leica M3 Camera Body,1350,2710
Matched Nepalese Bronze Deity Figure,17450,30790
Early Loetz Iridescent Art Glass Vase,4970,16350
Certified Vintage Michelin Man Figure c.1860,540,860
Unmatched 17th Century World Map c.1940,2520,7420
Vintage Tube Amplifier Art Deco Period Unrestored,3320,10520
Meccano Construction Set Vintage Mid-Century Unrestored,4070,10320
Period Shell Oil Porcelain Sign c.1940 With Certificate,510,820
Restored Joe DiMaggio Bat Game Used c.1910,21790,33470
Fine Agatha Christie Signed First Edition With Provenance,11830,29550
Late Marantz 2270 Receiver,2250,5240
Chronometer Deck Watch Naval Edwardian Era,2870,7190
Distinguished Antique Fishing Reel Collection Recently Conserved,210,680
Certified Chess Set Staunton Weighted,5780,12000
Colonial Pele Signed Brazil Shirt,22160,50000
Attributed Soapstone Animal Carving c.1950,36950,56770
Unique Nikon F Camera Body,11920,30000
Premier Vintage Michelin Man Figure,1140,1550
Oversized Ptolemy Atlas Page Federal Period,2500,7200
Delicate Larry Bird Game Worn Sneakers c.1840,4780,7920
Polo Mallet Collection c.1920 From Private Collection,2410,4220
Chinese Scroll Painting Landscape From Private Collection,20590,50540
Unique Pan Am Airlines Poster 1960s,1810,5760
Grand Depression Glass Collection,780,1270
Museum Quality Color Field Painting Large Late Victorian,600,1930
Certified Dom Perignon 1996,4060,12280
Hamilton Khaki Field Post-War,28210,74440
Delicate Finial Cast Iron Roof 19th Century,5630,13120
Estate Purdey Side by Side Shotgun,1780,3590
Attributed Turquoise Silver Cuff,9930,21180
Pristine Carved Ivory Netsuke c.1920,7450,15920
Matched Magnifying Glass Sterling Handle Estate Fresh,5180,14320
Nintendo Game Boy Sealed Late Victorian With Provenance,2220,5890
Sundial Pocket Brass c.1960,5690,15000
Unique Railroad Pocket Watch,1890,3890
Certified Nurses Watch Enamel Dial Good Condition,53820,120000
Fine Gilt Bronze Candelabra Pair c.1910,5580,10660
Norman Rockwell Saturday Evening Post,960,2890
Scarce Vintage Armagnac 1893,6500,14600
Important Frederick Carder Steuben Aurene Belle Epoque,11770,25000
Banjo Clock American Federal,200,480
Ziegler Mahal Carpet,12280,30000
Cadastral Survey Map Antique,2020,4840
Penfolds Grange 1971 c.1840,730,1390
Exhibited Pietra Dura Inlay Table Top c.1960,6060,14710
Select Sea Chart Dutch Golden Age,80,130
Remarkable Currier & Ives Lithograph Early 20th Century,4390,10600
Certified Confederate States Collection Empire Period,20670,50000
Unmatched Mercedes Benz Star Emblem Vintage,1700,3600
Premier Aboriginal Boomerang Carved c.1820 Recently Conserved,13050,38350
Colonial 1804 Draped Bust Dollar Arts & Crafts Era From Private Collection,3830,12870
Outstanding Weller Sicard Vase c.1780 With Provenance,19720,40000
Historic Pele Signed Brazil Shirt Museum Deaccessioned,6790,16280
Distinguished Weller Sicard Vase,7060,11860
Barbie #1 Original 1959 Regency Period,3520,10770
Continental Indian Mughal Miniature Painting Arts & Crafts Era Estate Fresh,3720,6360
Outstanding Khotan Silk Rug c.1860,12080,30000
Mystery Clock Art Deco Federal Period,8410,15970
Fine Agra Palace Carpet,1570,4600
Monumental Louis XVI Commode Late Victorian,9720,25000
Provenance Cast Iron Garden Urn Pair,1330,4560
Outstanding WPA Federal Art Project Poster From Private Collection,680,930
Ancient Roman Aureus c.1960 Excellent Condition,34170,68550
Yamazaki 18 Year Japanese Whisky Mid-Century,11700,19780
Chinese Art Deco Carpet c.1950,5570,8690
Restored Audubon Birds Print,14160,48240
Premier Impressionist Garden Scene Modernist Period From Private Collection,41150,111040
Late Victorian Botanical Atlas With Certificate,15380,27020
Exhibited Hermes Kelly Bag With Provenance,12020,35000
Provincial LEGO Castle Set Vintage Post-War,910,2360
Exquisite Hair Art Memorial Wreath,5360,12110
Civil War Officer's Sword c.1840 Excellent Condition,2820,6750
Vintage Art Deco Chrome Floor Lamp Federal Period,3200,8900
Certified Papier Mache Tray Victorian,9300,25000
Exhibited Jaguar Leaper Hood Ornament Museum Deaccessioned,540,1710
Superb Boulle Marquetry Bracket Clock c.1950,9100,14580
Magnificent Campaign Officer's Chest c.1900,9790,13980
Wax Fruit Under Glass Dome Excellent Condition,9890,19820
Choice Shell Oil Porcelain Sign 18th Century,760,1260
Rare Single Barrel Rye Whiskey,7670,17310
Vintage Colonial Continental Dollar Empire Period,3170,9660
Signed Civil War Battlefield Map Edwardian Era,9260,20000
Level Spirit Brass Surveyor c.1900,4530,9350
Certified Sundial Bronze Armillary c.1930 Good Condition,7200,15000
Fine African Tribal Mask Dogon Georgian Period,15080,24630
Unique Art Deco Silver Cocktail Shaker,7050,20000
Restored Peridot Stud Earrings,27490,75000
Signed 1952 Topps Mickey Mantle Card c.1900,9770,19740
Encaustic Wax Painting,59630,150000
Beadwork Purse Victorian Good Condition,1120,3660
Late Miniature Portrait on Ivory,4900,8070
Provincial Star Wars Vintage Figures Set Early 20th Century,5750,14150
Provenance Marine Chronometer Boxed,1400,3820
Hall Tree Coat Stand 19th Century,8020,16960
IBM Model M Keyboard,12860,30000
Continental Incunabulum Leaf 1480s c.1780,5400,16380
1982 Petrus Pomerol Art Nouveau Period,1290,2700
Authentic Tudor Black Bay Post-War From Private Collection,880,1500
1982 Petrus Pomerol,9750,25000
Fraktur Pennsylvania German Regency Period,60,120
Attributed City Plan Paris 1750,3340,11020
Documented Hennessy Paradis Imperial,2940,6240
Magnificent Topaz Chandelier Earrings,33400,75000
Signed Skeleton Mechanical Watch,8950,13100
Reclaimed Stained Glass Window c.1840,7190,15000
Vintage Neon Beer Sign,12620,30000
Distinguished Hofner 500/1 Bass Guitar As Found,10830,24750
Scarce Terracotta Statuette Excellent Condition,37990,80000
Notable 1794 Flowing Hair Dollar c.1910,38140,58740
Antique Tennis Racket Empire Period As Found,960,1540
Documented Romanee-Conti Grand Cru 2005 c.1960 With Provenance,8810,23530
Grand Stumpwork Embroidery Panel c.1800 Excellent Condition,9390,21110
Published Audubon Birds Print From Private Collection,12630,28610
Oversized Vintage Gucci Bamboo Bag Late Victorian With Certificate,6710,23170
Distinguished Moorcroft Pomegranate Vase c.1940 As Found,12550,34100
Historic Silver Mounted Cut Glass Claret Jug,1060,3170
Magnificent Renaissance Madonna,55210,97100
Remarkable Napoleonic Era Cavalry Saber Unrestored,4680,7700
Historic KPM Berlin Plaque c.1780,8470,24440
Rookwood Art Pottery Vase Late Victorian With Provenance,5640,7620
Jumping Hour Watch Art Deco Art Deco Period,25430,72800
Stone Abstract Form c.1950 Unrestored,6070,8670
Indian Head Gold Eagle Empire Period,39970,100000
Exceptional Zeppelin Mail Cover With Certificate,7200,14820
Colonial Larry Bird Game Worn Sneakers,22080,50000
Authentic Theodolite Surveying Instrument Museum Deaccessioned,6180,15000
Provenance Gandhara Stone Buddha Head Federal Period,11660,20090
Leather Gun Case Victorian Art Deco Period,3190,7080
Outstanding Antique Kashan Carpet Empire Period Unrestored,11900,16680
Exquisite Swiss Cantonal Issue Georgian Period From Private Collection,11450,17760
Tag Heuer Monaco,48070,120000
Unique Victorian Porch Brackets Pair c.1880,2460,8220
Cartier Tank With Certificate,19720,65500
Provincial Schiaparelli Shocking Pink Hat Art Deco Period With Provenance,16680,35000
Provenance Oil on Canvas Landscape,10580,35890
Distinguished Ancient Greek Hoplite Shield Fragment,9400,20000
Pristine Balloon Clock Edwardian c.1920 Excellent Condition,6610,17490
Distinguished Jade Carving Art Nouveau Period,21090,68940
Ornate Cindy Sherman Untitled Film Still c.1780,12470,30000
Perfin Stamp Collection Mid-Century,10060,25710
Notable Realist Portrait,42720,78470
Fine Tachisme Drip Painting As Found,8290,28170
Exhibited Victorian Silver Toast Rack As Found,440,1330
Oversized Surveyor's Transit Brass,6100,13410
Magnificent Meccano Construction Set Vintage,230,680
Psychedelic Rock Concert Poster Arts & Crafts Era,3240,8180
Fine Steiff Teddy Bear 1905 Edwardian Era,3000,9790
Attributed Silk Route Trade Map Reproduction,5370,12000
Estate Treasure Map Replica Framed,2310,5740
Muhammad Ali Fight Poster,110,210
Provincial Newel Post Cap Bronze c.1780 With Provenance,1560,3670
Superb Steering Wheel Nardi Wood Belle Epoque Museum Deaccessioned,2100,4120
Distinguished Peace Dollar Uncirculated c.1880 With Provenance,4550,14020
Exquisite Classic Car Brochure Collection Excellent Condition,1420,2720
Cubist Still Life Modernist Period Excellent Condition,41030,82120
Period Desert Storm Challenge Coin Set Art Deco Period,7620,20000
Estate Sundial Pocket Brass,2900,8360
Sweden Treskilling Yellow c.1800 With Provenance,7040,16200
Miniature Balloon Clock Edwardian,4490,8080
Attributed Hewlett Packard HP-35 Calculator c.1780 With Provenance,600,880
Continental Tlingit Chilkat Blanket Edwardian Era,11190,20600
Premier Silver Gilt Wine Cooler With Certificate,6280,17970
Certified Richard Avedon Portrait Print Late Victorian,11920,30000
Outstanding Ormolu Mounted Marble Urn,5720,12870
Ornate Banjo Clock American Federal,6940,10380
Teddy Ruxpin Working c.1950,2900,6230
Oversized Polo Mallet Collection Empire Period Estate Fresh,5530,12000
Vintage Fly Fishing Rod Hardy,2240,3050
Antique Kashan Carpet,10120,30000
Colonial Architectural Salvage Column Pair,2920,4080
Distinguished Bakelite Telephone Rotary c.1930,6110,13110
Madame Gres Draped Gown,15190,33550
Scarce Tang Dynasty Horse Figure c.1900,5230,12750
Unmatched Tansu Japanese Step Chest Belle Epoque,5710,8650
Outstanding Ancient Roman Aureus c.1940 Good Condition,16480,29360
Vintage Wayne Gretzky Rookie Card Art Nouveau Period,3320,9730
Grand Ceramic Raku Sculpture,23790,73420
Estate Theremin RCA Original,4630,13230
Original Chinese Tang Dynasty Mirror c.1820 Recently Conserved,11100,35820
Unmatched Polynesian Tapa Cloth c.1860,6370,16080
Chronometer Marine Deck c.1900,750,2540
Unmatched Morganite Engagement Ring c.1970,34690,68680
Superb Victorian Porch Brackets Pair,4920,10230
Barber Dime Collection,49040,100000
African Tribal Mask Dogon Late Victorian Estate Fresh,2930,6980
Certified Pietra Dura Inlay Table Top,8640,11710
Rare France Ceres Issue,17980,42680
Joel Meyerowitz Cape Light Print,1080,1790
Restored Mercator Projection Original Early 20th Century Recently Conserved,3970,8960
Continental Napoleonic Era Cavalry Saber Museum Deaccessioned,9120,13670
Attributed Stone Abstract Form,34700,80000
Chopard Diamond Earrings,4740,11530
Fine 1961 Chateau Latour c.1820 Estate Fresh,2190,4200
Historic Renaissance Revival Armoire 19th Century,6200,14180
Architectural Salvage Column Pair 19th Century,5080,15000
Restored Concertina Wheatstone English As Found,810,2020
Microscope Brass Compound With Certificate,6430,10090
Postal History Cover Collection 19th Century,15980,40850
Continental Perfin Stamp Collection Edwardian Era With Provenance,3280,4840
Antique Ptolemy Atlas Page,5100,12000
Vintage Reclaimed Stained Glass Window As Found,1030,2080
Sri Lankan Ivory Casket c.1940 Recently Conserved,4400,14260
Premier Faberge Style Egg Late Victorian,2900,7070
Sailor Valentine Shell Art,5430,16780
Hewlett Packard HP-35 Calculator,8060,23100
Confederate States Collection c.1940,20710,50000
Pristine Railroad Map United States 1870,5970,11320
Unique William Eggleston Color Print Art Nouveau Period,6470,16400
Antique Burmese Lacquerware Box c.1860,29130,60000
Biedermeier Secretaire Edwardian Era,1250,4290
Remarkable Art Nouveau Silver Photo Frame Georgian Period,1140,1700
Early Tiffany Dragonfly Table Lamp c.1880 Estate Fresh,9900,20000
Georgian Tallboy Chest Georgian Period,6050,20820
Olmec Jade Mask Fragment,13700,19410
Early Citizen Chronomaster c.1940 Good Condition,32840,58810
Superb Longines Heritage Diver With Provenance,10590,33180
Declaration of Independence Broadside c.1860,15830,27520
Exceptional Treasure Map Replica Framed Early 20th Century,2200,5170
Portolan Chart Mediterranean,1520,2550
Oversized Art Nouveau Display Cabinet,1440,4180
Remarkable Rolleiflex TLR Camera Recently Conserved,6640,17040
Steinway Model B Grand Piano Late Victorian,8360,17940
Certified Vietnamese Ceramic Bowl Belle Epoque,22410,29800
Provincial Zuni Fetish Carving Collection 18th Century With Provenance,12330,32330
Yoruba Ibeji Twin Figure Federal Period,5620,15670
Masters Tournament Flag Signed c.1920 With Provenance,14510,20170
Tachisme Drip Painting,7530,13580
Mainbocher Evening Dress c.1950,5020,12750
Ludwig Vistalite Drum Kit As Found,22920,48440
Historic Welded Steel Abstract c.1900,28020,61750
Period Blaeu Wall Map,4590,6910
Select Bing Clockwork Boat c.1970 As Found,1080,2560
Candelabrum Bronze Empire,9420,20000
Documented Swiss Tourism Poster Vintage c.1780,1720,3860
Oversized Hermes Kelly Bag c.1950,14760,25080
Buffet R13 Clarinet c.1920,4340,8000
Continental Chinese Cloisonne Vase 18th Century Good Condition,21340,60000
Geological Survey Map Victorian With Certificate,5470,12000
Certified Stephen Shore Uncommon Places Belle Epoque,9390,30000
Exhibited Polynesian Tapa Cloth From Private Collection,12030,26640
Zuni Fetish Carving Collection Federal Period Good Condition,2900,4120
Outstanding Thai Bronze Buddha Seated Excellent Condition,21060,57350
Monumental Imogen Cunningham Magnolia Print Museum Deaccessioned,7520,21080
Certified Annie Leibovitz Portrait Modernist Period With Provenance,1270,2610
Art Deco Wristwatch Arts & Crafts Era,51520,98640
Monumental French Empire Crystal Chandelier c.1860,680,2070
Vacheron Constantin Patrimony c.1860,5010,9630
Choice Circus Poster Barnum Bailey,120,270
Banjo Clock American Federal Modernist Period,5870,13600
Exquisite Ferrari Prancing Horse Badge Collection Museum Deaccessioned,2190,5000
Unique Sheffield Plate Epergne Unrestored,4890,12370
Original Estate Platinum Band,14710,50870
Rare Porcupine Quill Box c.1960,9040,12930
Grand Lalique Crystal Bacchantes Vase Recently Conserved,2710,3530
Cindy Sherman Untitled Film Still Regency Period,3900,12420
Stradivarius Violin Copy Federal Period,4260,12920
Weller Sicard Vase c.1950,9640,19950
Pristine Antique Weathervane Copper Edwardian Era Recently Conserved,6990,15000
Barograph Recording Aneroid,4500,14100
Carved Limestone Angel Unrestored,13610,37060
Notable Lead Garden Cistern Georgian Good Condition,3600,8810
Holland & Holland Double Rifle Modernist Period,4180,11700
Plein Air Coastal Scene Late Victorian,51470,98570
Martin D-28 Acoustic Guitar Modernist Period With Certificate,14210,34690
Rare Bronze Figurine,26850,80000
Monumental Reclaimed Church Doors Oak c.1800 Museum Deaccessioned,620,1980
Important Kutani Porcelain Plate Late Victorian,9980,26500
Important Yamaha CFX Concert Grand Piano c.1960,23000,60000
Distinguished Dom Perignon 1996 Georgian Period With Certificate,12400,25000
Inverted Jenny Stamp Estate Fresh,20560,45110
Select Art Deco Chrome Floor Lamp c.1970,6930,20000
Exceptional Northwest Coast Totem Pole Model,13840,22210
Documented Cast Iron Garden Urn Pair As Found,2880,8170
Published Panerai Luminor Marina,30720,102720
Period Schiaparelli Shocking Pink Hat Empire Period,12450,29250
Indian Head Gold Eagle c.1820,46390,62250
Choice Berlin Woolwork Needlepoint c.1840,7380,15340
Oversized Aboriginal Boomerang Carved Modernist Period Unrestored,19610,35590
Colonial Vacheron Constantin Patrimony c.1950,42680,107950
Grand Paul Revere Silver Bowl c.1920,8550,20000
Aboriginal Dot Painting Canvas c.1920,19670,40000
Published Beatles Concert Poster Original Edwardian Era Museum Deaccessioned,5290,9560
Late Buffalo Nickel Proof,32070,77390
Delicate Silk Route Trade Map Reproduction,2180,6980
Unique 1985 Sassicaia c.1930 Good Condition,3080,7420
Museum Quality Rickenbacker 360 Electric Guitar Excellent Condition,6530,19350
Provincial WWII Aviator Leather Jacket,1190,3130
Fishing Creel Wicker Antique Good Condition,4850,6790
Late Art Deco Wristwatch c.1920,50890,86540
Shooting Stick Silver Collar Empire Period,3370,6620
Ornate Ancient Roman Aureus c.1800,22940,56810
Scarce Mercury Dime Full Bands,24520,43760
Rare Hewlett Packard HP-35 Calculator Edwardian Era,14040,24020
Serena Williams Match Racket,21770,50000
Fine Gutenberg Bible Leaf c.1930,8580,21290
Canterbury Magazine Rack As Found,1930,6560
Exhibited African Tribal Mask Dogon,11330,36690
Provenance Hasselblad 500C Camera c.1800 As Found,630,870
Gouache Street Scene c.1940,58400,128630
Pristine Thai Bronze Buddha Seated c.1860,9490,32230
Herend Figurine Hand Painted Excellent Condition,13630,24280
Provenance Lafite Rothschild 1959 18th Century,6880,12800
Miniature Girandole Mirror Candelabra,7530,20000
Historic Irving Penn Still Life Print,7240,23070
Monumental Chinese Cash Coin Collection c.1840 Unrestored,31340,100000
Hofner 500/1 Bass Guitar,23420,55750
Signed Corgi Batmobile Original Box,3850,6060
Late Retro Ruby Bracelet Federal Period,16450,49100
Museum Quality Wire Mesh Figure Good Condition,7320,11800
Fanlight Transom Window Modernist Period Museum Deaccessioned,2700,7810
Distinguished Tourmaline Bangle Arts & Crafts Era,32600,75000
Provincial Hasselblad 500C Camera c.1910,10930,30000
Grand Antique Fireplace Mantel Marble From Private Collection,2530,3880
Miniature Antique Bible Leather Bound Late Victorian,7500,9860
Antique Buccellati Silver Bowl Regency Period,4070,13410
Delicate Antique Decoy Duck Carved,5140,12000
Ornate Orrery Planetary Model c.1950,1230,2500
Hawaiian Missionaries Stamp c.1900 Museum Deaccessioned,20070,29070
Published Chinese Tang Dynasty Mirror c.1960,7780,26610
Civil War Officer's Sword c.1860,5230,8110
Codex Fragment Medieval Empire Period,22270,30080
Purdey Side by Side Shotgun Arts & Crafts Era,2220,6190
Rare Jane Austen First Edition As Found,4260,9290
Late Japanese Meiji Bronze Vase Regency Period,22340,60000
Cinderella Stamp Album Mid-Century,6420,16960
Pocket Globe George III Era c.1800 Estate Fresh,700,2030
Kutani Porcelain Plate Modernist Period,8680,25280
Premier Maxfield Parrish Print Framed c.1780 With Certificate,2750,6180
Attributed Terracotta Statuette With Provenance,36840,71500
Premier Schiaparelli Shocking Pink Hat,13470,35000
Early Sheffield Plate Epergne,8940,20000
Pristine India Scinde Dawk,22280,50000
Rare Jesse Owens Olympic Photo Signed Late Victorian,10690,17780
Delicate Vintage Armagnac 1893 c.1970,5710,12230
Sardonyx Intaglio Ring,28350,58950
Historic Bronze Figurine Unrestored,17020,55700
Signed Super Bowl I Program 19th Century As Found,1430,2930
Unique Chess Set Staunton Weighted c.1880 Museum Deaccessioned,5670,12000
Rare Walt Whitman Leaves of Grass 1st Ed Federal Period Unrestored,23480,50000
Certified Stumpwork Embroidery Panel,9290,25000
Bugatti Radiator Cap,290,640
Provincial Tavern Clock Act of Parliament Late Victorian,4300,9920
Longcase Grandfather Clock,5130,7180
Provincial Buffet R13 Clarinet c.1900 Recently Conserved,24760,42260
Bakelite Telephone Rotary 19th Century,750,2550
Documented Art Deco Chrome Floor Lamp c.1820,5860,18210
Outstanding Olmec Jade Mask Fragment c.1950,3240,11180
Garnet Cluster Ring Empire Period,19640,33040
Premier Vintage License Plate Collection Arts & Crafts Era,1320,4300
Oil on Canvas Landscape 18th Century,2980,6790
Miniature Cookie Board Springerle Late Victorian Unrestored,5390,18000
Distinguished Bing Clockwork Boat Post-War Unrestored,810,1050
Exhibited Mercury Barometer Stick Type Estate Fresh,2790,8280
Matched Zuni Fetish Carving Collection c.1910,3430,10720
Fine Miniature Portrait on Ivory Mid-Century,10280,21970
Czech Art Glass Sculpture c.1940 Recently Conserved,12300,22540
Unique Mid-Century Arco Floor Lamp Modernist Period,8170,12860
Oversized Nepalese Bronze Deity Figure 19th Century,9310,21560
Star Wars Vintage Figures Set c.1950,6740,14740
Documented Venetian Lattimo Glass Bowl c.1940,940,2910
Remarkable Kosta Boda Art Glass Bowl c.1820 As Found,3640,6880
Late Renaissance Revival Armoire,10140,25000
Signed Einstein Letter,2150,4770
Unmatched Nantucket Lightship Basket,8270,18000
Provenance Indian Brass Temple Bell Empire Period,15020,44290
Original Pocket Globe George III Era,1420,3000
Early Globe Celestial Miniature,1830,3820
Published Campaign Officer's Chest Federal Period,590,1230
Miniature Kosta Boda Art Glass Bowl Empire Period,11290,15120
Historic Level Spirit Brass Surveyor c.1860,2840,6880
Provincial Vintage Pucci Silk Dress Empire Period Good Condition,840,2260
Important Swiss Tourism Poster Vintage,2790,3880
Select Berlin Woolwork Needlepoint Museum Deaccessioned,5370,8910
Original Cookie Board Springerle,4970,15400
Select Bottega Veneta Clutch,3390,4670
Period Art Exhibition Poster Picasso With Provenance,2420,4040
Notable Buffalo Nickel Proof c.1970,41600,100000
Continental Stone Abstract Form Georgian Period Recently Conserved,3310,10970
Unmatched Student Lamp Brass Double 19th Century Recently Conserved,7240,18920
Berlin Woolwork Needlepoint,6470,20850
Ornate Yoruba Ibeji Twin Figure,3200,10960
Fine Tin Robot Battery Operated 18th Century With Provenance,2770,3800
Gilt Bronze Candelabra Pair With Certificate,7490,15480
Exhibited Dobro Resonator Guitar Vintage,22650,60000
Antique Lewis & Clark Expedition Map Empire Period,5840,12000
Antique Tennis Racket Belle Epoque,1260,3430
Watercolor Mountain View As Found,4840,12170
Vacuum Tube Radio Cathedral c.1910,1950,2930
Fine Night Clock Oil Lamp Italian Late Victorian,7450,18000
Oversized Majolica Garden Seat c.1950,6320,20520
Darwin Origin of Species 1st Ed,10890,27160
Rare Lucie Rie Stoneware Bowl,11920,24330
Original Vintage Gucci Bamboo Bag c.1950,1150,1540
African Tribal Mask Dogon,18790,40000
Van Briggle Lorelei Vase From Private Collection,7700,15210
Select Steiff Teddy Bear 1905,4370,10040
Victorian Silver Candelabra c.1880 Estate Fresh,5200,8930
Exhibited Vienna Regulator Wall Clock Edwardian Era,6610,18000
Published WWII Aviator Leather Jacket,4450,11940
Andreas Gursky Rhine II Print 19th Century With Provenance,13980,30000
Monumental Antique Darts Board With Certificate,2530,4270
Museum Quality Hofner 500/1 Bass Guitar c.1900,16950,55550
Boxing Gloves Vintage Leather c.1860 With Certificate,1460,4000
Outstanding Pave Diamond Bangle,14070,33090
Continental Tower Clock Movement Antique,3670,10200
Original African Tribal Mask Dogon Early 20th Century,18480,40000
Silver Trophy Cup Engraved Good Condition,5360,7410
Certified Art Deco Wristwatch,25440,80930
Unique Magnifying Glass Sterling Handle c.1940,2150,5340
Grand Khotan Silk Rug c.1940 Good Condition,7470,19550
Select Richard Avedon Portrait Print,6440,14460
1945 Mouton Rothschild,6200,13470
Continental Reclaimed Stained Glass Window,6750,9920
Vacheron Constantin Patrimony,35630,111840
Chinoiserie Lacquer Screen c.1920 Unrestored,8040,11870
Vintage Corgi Batmobile Original Box With Certificate,6230,14940
Signed William Eggleston Color Print,12010,25710
Notable Carved Stone Garden Bench,410,590
Monumental Bessarabian Floral Kilim c.1840,970,2380
Continental Civil War Battlefield Map,1980,6830
Notable French Foreign Legion Kepi With Certificate,8090,15110
Documented Kosta Boda Art Glass Bowl Museum Deaccessioned,7570,14040
Haida Argillite Carving,14440,21680
Railroad Map United States 1870 c.1900 Recently Conserved,3310,6060
Provincial Sevres Porcelain Urn c.1950,1380,2640
Provenance Bach Stradivarius Trumpet c.1920 Recently Conserved,24660,32530
Soapstone Animal Carving Edwardian Era,11340,14790
Superb Chinese Cloisonne Vase c.1860 From Private Collection,11540,16420
Oversized Pediment Fragment Stone,3820,7650
Georgian Silver Tea Set 18th Century,7390,19810
Reclaimed Church Doors Oak Excellent Condition,3860,11400
Delicate India Scinde Dawk c.1940,12620,43450
Scrimshaw Whale Tooth Museum Deaccessioned,5570,16350
Mercator Projection Original,3160,10750
Exceptional Whale Oil Lamp Antique,2190,3960
Colonial Regency Dining Table Post-War,790,2030
Period Murano Glass Chandelier,8050,12480
Scarce Longines Heritage Diver Good Condition,56330,120000
Remarkable Antique Fishing Reel Collection,2140,2780
Grand Satsuma Vase Meiji Period c.1920,6730,11660
Continental Partner's Desk Leather Top Recently Conserved,10980,15190
Colonial Roseville Sunflower Vase With Certificate,13220,34190
Fine WWI Trench Art Vase c.1780,8020,14490
Vintage Cartier Watch Georgian Period Good Condition,36440,55800
Outstanding Civil War Letters Collection Modernist Period As Found,890,1430
Vintage Michelin Man Figure Post-War As Found,2040,4670
Orrery Planetary Model,4060,6990
Estate Walt Whitman Leaves of Grass 1st Ed Good Condition,300,400
Signed Scrimshaw Whale Tooth Modernist Period Unrestored,7000,14820
Carved Stone Gargoyle c.1910,4160,8640
Unmatched Yves Saint Laurent Le Smoking Jacket,5290,9300
Ludwig Vistalite Drum Kit Post-War,19200,60000
Original Architectural Salvage Column Pair Edwardian Era,6060,15000
Exquisite Yamazaki 18 Year Japanese Whisky Regency Period,6120,11520
Victorian Silver Toast Rack c.1940,1400,2090
Alabaster Torso,33020,71660
Certified Trade Dollar Proof,20230,46080
Important Venini Glass Pendant Light c.1840 Estate Fresh,8720,12010
Fine Post-Impressionist Cityscape Modernist Period,54680,144620
Virginia Woolf First Edition Mid-Century,2060,2750
Ceramic Raku Sculpture c.1950,4180,10110
Vintage Drafting Instrument Set Cased,7340,15000
Early Currier & Ives Lithograph c.1900,3500,6880
Original Antique Weathervane Copper,6730,15000
Continental Man Ray Rayograph Late Victorian,10400,25140
Oversized Jane Austen First Edition Post-War Excellent Condition,4480,8820
Fine Venini Glass Pendant Light c.1900,7170,10880
Grand African Beaded Ceremonial Crown Edwardian Era Unrestored,13330,24470
Colonial Stone Lion Garden Statue Pair,3950,10260
Important Annie Leibovitz Portrait 19th Century From Private Collection,7130,22570
Late Antique Fishing Reel Collection c.1880,5750,12000
Grand Antique Brass Car Horn,490,1610
Drafting Instrument Set Cased,6700,15000
Sailor Valentine Shell Art Excellent Condition,4720,7200
Remarkable Ceramic Raku Sculpture Early 20th Century Good Condition,22230,57480
Signed Silver Mounted Cut Glass Claret Jug 19th Century,7280,11950
Monumental Pointillist Seascape Unrestored,48220,145880
Social Realist Mural Study,52780,99700
Grand Marklin Tin Train Set c.1800,570,900
Cartier Silk Scarf,14330,35000
Remarkable Samurai Armor Partial Set Empire Period,8530,14290
Exceptional Khotan Silk Rug c.1960 Good Condition,7660,10450
Ornate Vacuum Tube Radio Cathedral Arts & Crafts Era,2960,4780
Unmatched Nantucket Lightship Basket Art Nouveau Period Museum Deaccessioned,3550,9130
Antique Fishing Reel Collection Edwardian Era Good Condition,5720,8400
Persian Miniature Manuscript Page Early 20th Century Excellent Condition,10060,20590
Japanese Lacquer Writing Box 19th Century Museum Deaccessioned,15000,42860
Certified Taper Stick Silver Georgian,9440,20000
Unique Hank Aaron Home Run Ball Post-War,5280,12010
Choice Persian Miniature Manuscript Page With Certificate,19930,50000
Gilt Bronze Candelabra Pair Empire Period,5020,16760
Provincial Murano Glass Chandelier 12 Arm 19th Century Estate Fresh,6880,10840
Art Deco Beaded Flapper Dress 19th Century,3090,9280
Unmatched Tiffany Diamond Solitaire With Provenance,14670,21620
Period Lee Friedlander Street Print Federal Period,6280,11160
Antique Chinese Art Deco Carpet,8740,26420
Original Thorens TD-124 Turntable,1770,3430
Unique WPA Federal Art Project Poster 18th Century,3210,5900
Choice Stone Abstract Form,3760,7650
Delicate Op Art Optical Illusion Empire Period With Provenance,17400,29440
Choice Mauritius Post Office Stamp,10780,29360
Matched Japanese Meiji Bronze Vase c.1950 Estate Fresh,22960,60000
Henri Cartier-Bresson Gelatin Print c.1820,2500,7300
WWI Trench Art Vase Georgian Period Recently Conserved,1320,3810
Important Man Ray Rayograph c.1780,4040,7200
Provenance Resin Cast Figure Early 20th Century,31440,80000
Outstanding Art Deco Beaded Flapper Dress 18th Century,3300,9530
Colonial Jaguar Leaper Hood Ornament 18th Century,2250,3680
Charcoal Cityscape Drawing Belle Epoque,55810,76630
Remarkable Retro Ruby Bracelet Regency Period,17620,23850
Outstanding Newel Post Cap Bronze,4200,12360
Cartier Tank Belle Epoque,42920,120000
Unique Cigar Store Indian Figure Excellent Condition,190,340
Unique Navajo Chief's Blanket,12690,24800
Givenchy Audrey Hepburn Dress Modernist Period With Certificate,1240,1740
Colonial Renaissance Madonna c.1820 With Certificate,60310,150000
Matched Macintosh 128K Original c.1910,14760,24680
Antique First Day Cover Collection Regency Period,24120,50000
Rolex Submariner,12660,31410
Restored Berlin Woolwork Needlepoint Modernist Period Recently Conserved,3530,7170
Gilded Rococo Console Table Late Victorian,3080,7790
Shaker Rocking Chair Empire Period,6690,13910
Signed Faberge Style Egg c.1820,2220,4240
Exquisite Cinderella Stamp Album c.1970,21120,50000
Estate F. Scott Fitzgerald Signed Copy c.1960,3760,7680
Choice Purdey Side by Side Shotgun Regency Period With Certificate,550,1320
Sheffield Plate Epergne c.1930,3260,11070
Unique Aneroid Barometer Victorian c.1920,5740,18000
Choice Kilim Flatweave Runner c.1840,13080,30000
Jumping Hour Watch Art Deco,58540,120000
Notable Georgian Silver Tea Set,6560,16600
Antique Wheel Barometer Rosewood c.1780,6120,13580
Lead Garden Cistern Georgian,7020,10790
Wedgwood Jasperware Plaque Edwardian Era Unrestored,4160,11150
Stradivarius Violin Copy Estate Fresh,14660,21780
Choice Kerosene Lamp Cranberry Glass,3610,12560
Fine WWII Enigma Machine Component,420,900
Unmatched Planimeter Measuring Instrument c.1950,2910,4700
Exhibited Irving Penn Still Life Print Georgian Period,4670,7400
Ornate Pele Signed Brazil Shirt c.1780,5490,7770
Grand Antique Tennis Racket Late Victorian With Certificate,3330,7740
Chinoiserie Lacquer Screen As Found,840,1320
Choice Vintage Fly Fishing Rod Hardy With Certificate,4340,9820
Arts & Crafts Mica Shade Lamp Belle Epoque Estate Fresh,1820,4270
Fine Ship Figurehead Carved,3590,11590
Baroque Religious Painting,73760,128160
Colonial Continental Dollar,14310,33240
Vintage Noh Theatre Mask c.1970,19920,60000
Published Edwardian Pearl Necklace c.1780,3350,4990
Certified Pembroke Drop-Leaf Table Georgian Period,320,880
Rolling Ball Clock Brass c.1880,4940,14700
Notable Wilt Chamberlain Jersey Early 20th Century,20300,50000
Scarce 17th Century World Map Georgian Period Estate Fresh,3480,9920
Vintage Pocket Watch Gold Art Deco Period From Private Collection,2820,7980
Terrestrial Library Globe 18th C c.1780 Excellent Condition,4660,12000
Historic 1982 Petrus Pomerol Belle Epoque,9070,18690
Important Ancient Roman Aureus 19th Century,710,2220
Yves Saint Laurent Le Smoking Jacket,5790,13520
Marine Chronometer Boxed c.1970 With Provenance,7830,15670
Important Dorothea Lange Migrant Mother Print,12790,30000
Documented Cigar Store Indian Figure,370,490
Vintage Venetian Lattimo Glass Bowl From Private Collection,12300,17170
Choice Tourmaline Bangle As Found,13480,33760
Ornate Illuminated Medieval Psalter Modernist Period,13510,23900
Important India Scinde Dawk c.1910,11900,40570
Ancient Map Folio c.1880,780,1270
Rare Japanese Samurai Sword Katana Belle Epoque From Private Collection,16690,41040
Derek Jeter Game Bat Recently Conserved,240,440
Pristine Bugatti Radiator Cap c.1910,1770,4150
Fine Industrial Factory Pendant Federal Period,5140,16710
Continental Stradivarius Violin Copy Estate Fresh,2180,6280
Original Chateau Margaux 1990,6600,19080
Important Signed Einstein Letter,15680,33110
Colonial Thai Bronze Buddha Seated c.1860,15580,46290
Vienna Regulator Wall Clock,970,1280
Distinguished Pembroke Drop-Leaf Table c.1920,8650,12990
Pristine Gilt Bronze Candelabra Pair c.1880,8520,23760
Unique Spanish Doubloon As Found,34360,96040
Important Vintage Tube Amplifier Post-War Good Condition,10650,30000
Outstanding Mercator Projection Original Art Nouveau Period,1730,6010
Late Byzantine Gold Solidus Edwardian Era,46880,100000
Premier Windsor Writing Arm Chair c.1800,2750,4800
Exhibited Raku Tea Ceremony Bowl c.1820,12280,27540
Signed Amber Drop Earrings c.1880,26170,41680
Ornate Edwardian Silver Card Case Belle Epoque Recently Conserved,1760,3970
Historic Planimeter Measuring Instrument Georgian Period,7130,15000
Garnet Cluster Ring,36130,60100
Martin D-28 Acoustic Guitar Art Deco Period,22320,46340
Unique Van Briggle Lorelei Vase,8710,29000
Scarce Lantern Clock Brass Reproduction As Found,910,3010
Ornate Hydrographic Chart Coastal Art Nouveau Period With Provenance,2690,5780
Important Soumak Flatweave Bag c.1930,10610,17330
Reclaimed Barn Door Late Victorian,4550,12750
Pristine KPM Berlin Plaque,10270,28880
Important Muhammad Ali Fight Poster Belle Epoque,970,2440
Original Bottega Veneta Clutch,14390,22730
Pietra Dura Inlay Table Top c.1800,1810,4000
Monumental Treasure Map Replica Framed c.1920,5700,12000
Early Newel Post Cap Bronze,1130,3300
Miniature Sony Walkman TPS-L2 Original c.1820,7610,11370
Sebastiao Salgado Workers Print c.1970,470,1510
Colonial Roman Legionary Helmet Replica c.1780,9340,20000
Late Bessarabian Floral Kilim,4660,9550
Authentic Level Spirit Brass Surveyor,670,2290
Attributed Enamel Dial Dress Watch c.1970,56240,111990
Arts & Crafts Oak Settle c.1800,600,1290
Alfa Romeo Enamel Badge Museum Deaccessioned,1580,4850
Wayne Gretzky Rookie Card Mid-Century,21090,50000
Continental Art Deco Travel Poster Paris,100,340
Apothecary Scale Marble Base c.1910 From Private Collection,530,1240
Louis XIII Cognac Baccarat Decanter c.1820,2880,8230
Certified Microscope Brass Compound Arts & Crafts Era,680,1730
Newcomb College Vase Empire Period,18520,31640
Authentic Mercedes Benz Star Emblem Vintage Georgian Period As Found,1680,5000
Pristine Penfolds Grange 1971,6830,9540
Exquisite Yoruba Ibeji Twin Figure Modernist Period,18760,40000
Glass Blown Sculpture,38540,80000
Outstanding Shaker Oval Box Nested Set With Provenance,2960,9670
Chinese Export Silver Tea Caddy Art Nouveau Period,9620,18710
Early Whatnot Corner Shelf Empire Period With Certificate,11740,25000
Scarce Proof Silver Eagle Set c.1880 Estate Fresh,9170,31630
Remarkable Grain Painted Blanket Chest,1660,3090
Published Slide Rule Collection Georgian Period,7960,13710
Exquisite Mercedes Benz Star Emblem Vintage Excellent Condition,980,2440
Monumental Stainless Steel Modern Piece c.1900,10100,26180
Lewis Carroll Alice 1st Ed Arts & Crafts Era,5500,18770
Matched Victorian Cast Iron Gate Modernist Period,5820,15000
Museum Quality Shakespeare First Folio Page,1670,4060
Superb Nurses Watch Enamel Dial Mid-Century Museum Deaccessioned,23040,44790
Superb Victorian Cast Iron Gate c.1930 Estate Fresh,3350,8690
Attributed Hydrographic Chart Coastal Georgian Period,4790,11040
Published Cuckoo Clock Black Forest Art Nouveau Period Unrestored,5980,11390
Antique Linen Press Walnut c.1930,11550,23840
Certified Terracotta Statuette Arts & Crafts Era,14390,44950
Late Emilio Pucci Palazzo Pants Estate Fresh,7650,23750
Unmatched Stone Abstract Form c.1900,38970,80000
Unmatched Whitefriars Tangerine Vase,5510,14460
Fine 1982 Petrus Pomerol,2540,3840
Industrial Factory Pendant,5340,17110
Authentic Postal History Cover Collection c.1780,6870,20440
Original Proof Silver Eagle Set c.1820,46370,100000
Schiaparelli Shocking Pink Hat,13290,35000
Delicate Plein Air Coastal Scene Early 20th Century,72020,150000
Important Theodolite Surveying Instrument,1490,2550
French Foreign Legion Kepi Excellent Condition,590,1770
Unmatched Barbie #1 Original 1959,2330,7080
Period Baluch Prayer Rug c.1780,7990,13620
Unmatched Playmobil First Series Set,2560,6920
Sanborn Fire Insurance Map c.1930,5520,12000
Unique Military Campaign Map Napoleonic As Found,4910,12000
Notable Macintosh 128K Original Edwardian Era As Found,13280,30000
Grand Girard-Perregaux Laureato,54830,111110
Delicate Venetian Lattimo Glass Bowl Recently Conserved,10310,16790
Ornate Japanese Kimono Silk Vintage c.1860,16520,39210
Ernie Ball Music Man StingRay Bass c.1780 Unrestored,15510,31570
Colonial Silver Mounted Cut Glass Claret Jug c.1940,3430,6980
Banjo 5-String Prewar Gibson Art Nouveau Period Museum Deaccessioned,28850,47790
Authentic UN First Issues Collection,310,600
Late Bidjar Iron Rug As Found,1830,5440
Historic Persian Tabriz Silk Rug Unrestored,10110,21820
Restored Le Mans Poster Original 1955 c.1930 Recently Conserved,2380,5000
Monumental First Edition Hemingway Novel 19th Century,12900,43190
Exhibited Tansu Japanese Step Chest Early 20th Century,2720,4650
Matched Tavern Clock Act of Parliament Post-War,8130,18000
Authentic Murano Glass Chandelier 12 Arm,3730,10090
Provincial Jumping Hour Watch Art Deco c.1920 Unrestored,27470,74320
Reclaimed Stained Glass Window c.1910,3060,4990
Certified Signed Einstein Letter Edwardian Era Recently Conserved,16200,47740
Estate Wax Fruit Under Glass Dome Modernist Period,1560,3150
Certified Tiffany Favrile Glass Vase 19th Century,7210,12040
Rare Bakelite Telephone Rotary Belle Epoque With Provenance,12070,30000
Certified Regency Silver Sauce Boat Mid-Century,2940,4390
Continental Rare Single Barrel Rye Whiskey c.1820,9730,13130
Raku Tea Ceremony Bowl c.1860,19150,40000
Unmatched Secretariat Derby Photo c.1970 Unrestored,16880,50000
Documented Yquem Sauternes 1967 c.1920,10680,21380
Exhibited Mainbocher Evening Dress Early 20th Century,16120,32230
Magnificent Teddy Ruxpin Working c.1820 Excellent Condition,1760,2340
Outstanding Tiffany Wisteria Table Lamp,1140,2730
Tower Clock Movement Antique Post-War,940,1510
Remarkable Slide Rule Collection,2920,4650
Provenance Swiss Cantonal Issue c.1900,12310,32490
Remarkable Leather Gun Case Victorian 18th Century,5390,12000
Spanish Doubloon,13090,41180
Surveyor's Transit Brass Estate Fresh,4500,13260
Late Dobro Resonator Guitar Vintage,1930,3840
Signed Gibson Les Paul Standard 1959 19th Century,16350,42820
Penny Black 1840 c.1820 Estate Fresh,6730,9140
Historic Vacheron Constantin Patrimony,46690,83850
American Coin Silver Spoons Modernist Period With Provenance,4640,13940
Antique Haida Argillite Carving,15190,40000
A. Lange & Sohne Saxonia Mid-Century,45140,89970
Miniature Christian Dior Bar Suit Estate Fresh,14220,28680
Premier Rhodes Mark I Stage Piano c.1920,28950,60000
Exhibited Found Object Assemblage Empire Period,25710,41440
Authentic Gilt Bronze Candelabra Pair,7010,19620
Estate Trade Sign Optician Spectacles Modernist Period,2360,5880
Colonial Star Chart Celestial 1800s Belle Epoque Estate Fresh,5670,12000
Restored Irving Penn Still Life Print As Found,2080,4060
Orrefors Crystal Vase Signed,3750,11960
Game Bird Print Set Framed 18th Century,3790,6880
Edwardian Silver Card Case Belle Epoque,7270,20000
Shell Art Valentine Box Georgian Period,2310,5460
Notable Cartier Silk Scarf From Private Collection,4510,9230
Oversized Barograph Recording Aneroid,3950,10680
Roman Legionary Helmet Replica Mid-Century,7480,19860
Late Georgian Silver Tea Set,3850,13280
Masters Tournament Flag Signed 19th Century,22790,42200
Early Vintage Neon Beer Sign As Found,3040,10240
Monumental African Beaded Ceremonial Crown Arts & Crafts Era Estate Fresh,15630,25970
Published Bronze Figurine c.1970,13110,19100
Documented American Coin Silver Spoons,8930,16760
Decoy Shorebird Carved Georgian Period,1450,2490
Pristine Hair Art Memorial Wreath,440,1260
Oversized Balenciaga Couture Gown,9400,16740
Restored Lewis & Clark Expedition Map c.1930 From Private Collection,2110,6300
Vintage Quilt Log Cabin Pattern 18th Century,5780,14690
Published Japanese Meiji Bronze Vase c.1900,16550,24390
Provincial Monaco Grand Prix Program 1962 c.1900,1660,4060
Hooked Rug Floral Design,4680,10080
Scarce Lead Garden Cistern Georgian,7460,15000
Dalmore 50 Year Single Malt Arts & Crafts Era,2260,5810
Provincial Christofle Silver Tureen Georgian Period Good Condition,2490,4770
Colonial Art Deco Silver Cocktail Shaker c.1800,1200,3150
Japan Cherry Blossom Issue Mid-Century,18230,40780
Miniature Tramp Art Frame Layered c.1840 Excellent Condition,3810,6730
Documented Egg Tempera Still Life From Private Collection,45290,82680
Pointillist Seascape,21130,59910
Documented Antique Weathervane Copper c.1920 As Found,2380,7550
Miniature Vacheron Constantin Patrimony 19th Century,53830,72460
Documented Persian Tabriz Silk Rug Empire Period,14700,30000
Signed Christofle Silver Tureen c.1840,6700,20000
Currier & Ives Lithograph c.1950,2760,9050
Remarkable Ansel Adams Yosemite Print,13420,30000
Estate Longines Heritage Diver Unrestored,6820,20930
Unmatched Chronometer Marine Deck Belle Epoque,7170,15000
Polynesian Tapa Cloth 19th Century,13180,34680
Premier Native American Kachina Doll c.1940,13020,36560
Unique Bing Clockwork Boat Belle Epoque As Found,2120,4450
Rare Enamel Locket Gold Chain With Certificate,14560,43720
Colonial Vintage Ferragamo Pumps Empire Period,7650,25820
Estate Shell Art Valentine Box Edwardian Era With Certificate,8510,18800
Miniature Microscope Brass Compound Late Victorian,3380,9920
Rare Ukulele Martin Style 5K,16240,22600
Tribal Caucasian Kazak Rug,1290,2980
Bobby Orr Signed Stick,10570,33960
Pristine Hublot Big Bang,2100,6260
Remarkable Sheffield Plate Epergne Edwardian Era,6200,19850
McIntosh MC275 Amplifier c.1940,11330,30000
Railroad Map United States 1870,860,2540
Ornate Maori Carved Tiki Figure c.1920,170,390
Delicate Fraktur Pennsylvania German,8490,14350
Museum Quality Zulu War Assegai Spear,140,440
Museum Quality Terra Cotta Garden Planter Large Unrestored,1600,4030
Notable George Ohr Puzzle Mug Good Condition,2900,9810
Emily Dickinson Manuscript Good Condition,2950,5750
Valentino Couture Cape,16280,31500
Colonial Hawaiian Missionaries Stamp c.1880,5340,13320
Restored Sand Cast Bronze Relief Belle Epoque,26090,50590
Vintage Theodolite Surveying Instrument Good Condition,4340,12010
Premier Daum Nancy Pate de Verre Regency Period,5340,12280
Miniature Mercury Dime Full Bands,40220,100000
Magnificent Art Deco Silver Cocktail Shaker,8780,20000
Certified Murano Glass Chandelier 12 Arm,4960,10890
Colonial Schiaparelli Shocking Pink Hat 18th Century,3000,5030
Period Colonial Blanket Chest Modernist Period,6350,13170
Exhibited Chanel Classic Flap Bag Late Victorian Recently Conserved,10550,15500
Antique Napoleonic Era Cavalry Saber Edwardian Era,5800,16920
Donegal Arts Crafts Carpet,7470,13980
Sheffield Plate Epergne,3220,7160
Oil on Canvas Landscape,14790,20040
Spain Classic Period Collection Mid-Century,7070,24040
Premier Ansel Adams Yosemite Print c.1920 Good Condition,3690,8600
Exquisite Fortuny Delphos Gown c.1910,15440,35000
Fine Baluch Prayer Rug,11640,30000
Whatnot Corner Shelf c.1960 Estate Fresh,2660,6980
Marantz 2270 Receiver,7070,10740
Soumak Flatweave Bag,13710,30000
Original Monaco Grand Prix Program 1962 Federal Period,810,2440
Original Porcupine Quill Box Modernist Period,2980,4760
Continental Confederate States Collection,18700,50000
Scarce Davenport Writing Desk,2710,7890
Neo-Expressionist Canvas c.1800 From Private Collection,15730,20760
Leica M3 Camera Body Empire Period With Provenance,5260,14780
Scarce Matchbox Lesney Collection,2750,7520
Art Nouveau Opal Pendant 18th Century,11530,19980
Historic Hermes Birkin Bag Regency Period,17480,35000
Documented Rookwood Art Pottery Vase Recently Conserved,14340,34810
Important British Guiana One Cent Magenta,14880,23540
Moorcroft Pomegranate Vase,7340,12760
Weather Vane Rooster Copper Federal Period,8560,16910
Superb American Coin Silver Spoons With Certificate,3220,8040
Miniature Enamel Locket Gold Chain Belle Epoque,24660,67070
Provincial Majolica Garden Seat Empire Period,2700,6980
Turquoise Silver Cuff c.1800 Museum Deaccessioned,18000,28340
Exhibited India Scinde Dawk c.1800,5730,11700
Important French Empire Crystal Chandelier Mid-Century Good Condition,7820,20000
Authentic Krug Collection 1988 18th Century As Found,4610,13610
Authentic Chinese Cash Coin Collection Modernist Period,3970,13430
Delicate Calculating Machine Brunsviga Post-War,4120,9950
Art Nouveau Bronze Table Lamp With Provenance,7460,11920
Bottega Veneta Clutch,10860,23950
Falconry Hood Leather Antique Excellent Condition,3820,5800
Antique Sheraton Card Table,880,2090
Continental Wilt Chamberlain Jersey Recently Conserved,8680,30260
Scarce Pop Art Screen Print c.1780,70780,150000
Monumental Armillary Sphere Desktop,2190,2920
Delicate Gordon Parks Photo Essay Print Edwardian Era,14590,21760
Unmatched Spanish American War Poster Georgian Period,9320,20000
Continental Alphonse Mucha Art Nouveau Print,1640,2300
Provenance Codex Fragment Medieval c.1970 Excellent Condition,22700,45910
Walker Evans FSA Print Museum Deaccessioned,10250,17600
Fanlight Transom Window Empire Period Unrestored,4310,8250
Chopard Alpine Eagle 18th Century,35580,120000
Attributed Antique Kashan Carpet,9010,17220
Superb Victorian Botanical Atlas c.1950,3130,5940
Kilim Flatweave Runner,4100,6660
Provenance Hunting Horn Silver Mounted c.1880 Museum Deaccessioned,3960,11330
Restored Maori Carved Tiki Figure From Private Collection,1890,3000
Exquisite Walking Liberty Half Dollar,290,870
Exceptional Tiger Woods Tournament Putter From Private Collection,8470,14540
Unmatched Nepalese Bronze Deity Figure With Certificate,28780,47680
India Scinde Dawk 19th Century,6330,20580
Fine Multi-Strand Pearl Choker,5550,15500
Outstanding Compass Surveyor's Brass c.1820,4810,7260
Matched Miniature Portrait on Ivory c.1950,820,1370
Certified Bing Clockwork Boat c.1780,6700,15000
Important Shell Oil Porcelain Sign Recently Conserved,2180,5000
Ashanti Gold Weight Bronze,5350,10170
Russian Niello Silver Box Good Condition,2630,7850
Bugatti Radiator Cap c.1960,1610,4740
Egg Tempera Still Life With Provenance,35140,81640
Minimalist Color Field c.1840,56360,150000
Certified Codex Fragment Medieval c.1970,22130,33310
Early Indian Head Gold Eagle,46430,100000
Historic Roman Legionary Helmet Replica Early 20th Century Excellent Condition,2440,6800
Aneroid Barometer Victorian Late Victorian,1290,2840
Matched Ming Dynasty Blue White Vase c.1940,3150,5240
Original Venini Glass Pendant Light c.1900,6650,10920
Filigree Silver Brooch,27040,62940
Premier Roman Legionary Helmet Replica Good Condition,8540,11870
Continental Schiaparelli Shocking Pink Hat c.1960 Excellent Condition,2080,5040
Provenance Jade Carving Georgian Period,3750,11010
Exceptional Theorem Painting on Velvet,2850,7260
Scarce Toulouse-Lautrec Moulin Rouge Poster Good Condition,3500,9710
Continental Navajo Chief's Blanket Unrestored,13470,30000
Published Brass Telescope Victorian,3040,8610
Original Hublot Big Bang,56930,120000
Antique Fender Stratocaster 1962 Late Victorian,25300,41810
Museum Quality Native American Kachina Doll c.1910 As Found,1170,2330
Vintage Dashboard Clock Jaeger c.1860,890,1370
Period Cheval Mirror Mahogany,3200,7740
Original Medieval Broadsword Post-War,5680,12240
Cricket Bat Signed Vintage c.1800,5960,8170
Historic African Bronze Benin Head Georgian Period With Provenance,16700,39900
Unique Hamada Shoji Tea Bowl,10130,32980
Tin Robot Battery Operated c.1910,970,3100
Rare Stephen Shore Uncommon Places Late Victorian,1360,2500
Vintage Railroad Map United States 1870,3690,8160
Unique Tlingit Chilkat Blanket c.1950,14140,19410
Agra Palace Carpet Georgian Period,8200,26500
Cinderella Stamp Album c.1920,5600,15530
Period Pediment Fragment Stone Empire Period Estate Fresh,5330,11780
Remarkable Theorem Painting on Velvet Belle Epoque,5900,8910
Provincial Cadastral Survey Map Antique Arts & Crafts Era,4940,11680
Vintage Steinway Model B Grand Piano c.1930 Unrestored,11490,19820
Garry Winogrand Airport Print Modernist Period,12080,30000
Brass Telescope Victorian Belle Epoque,6370,15000
Unmatched Diane Arbus Twins Print Edwardian Era,5980,10160
Miniature Spain Classic Period Collection Mid-Century,18540,50000
Jesse Owens Olympic Photo Signed c.1940,18600,38550
Notable Soapstone Animal Carving Federal Period,4940,11990
Ornate Mauritius Post Office Stamp c.1960 With Certificate,4910,6450
Papua New Guinea Spirit Mask Late Victorian Recently Conserved,8580,24330
Exquisite Chateau Margaux 1990 c.1780,6710,22000
Important Nikon F Camera Body c.1970,9100,30000
Select Enamel Locket Gold Chain,24440,37210
Certified Toulouse-Lautrec Moulin Rouge Poster,2490,6330
Miniature Portrait on Ivory Art Nouveau Period,12490,25000
Remarkable Kobe Bryant Rookie Card c.1840 Museum Deaccessioned,22340,43470
Choice Cast Iron Garden Urn Pair 18th Century With Certificate,3480,6730
Premier Northwest Coast Totem Pole Model Good Condition,13640,33040
Documented Meccano Construction Set Vintage,3710,9230
Restored Lafite Rothschild 1959 c.1940 Good Condition,560,940
Delicate Brass Telescope Victorian Empire Period With Provenance,2460,3780
Unique Blenko Hand Blown Decanter,2750,9530
Unmatched Peace Dollar Uncirculated Edwardian Era As Found,2830,6360
Stone Abstract Form Good Condition,4690,8720
WPA Federal Art Project Poster,2000,3920
Period Modernist Composition,43870,150000
Early Olympic Games Poster Collection Mid-Century,1910,4300
Fine Tiger Woods Tournament Putter,440,660
Exhibited Polo Mallet Collection,1190,3860
Pewter Miniature Set,12010,29020
Plaster Maquette Recently Conserved,24630,46620
Premier Matchbox Lesney Collection Excellent Condition,2030,3840
Ornate Omega Speedmaster Moonwatch c.1880,17770,42640
Certified British Guiana One Cent Magenta c.1800,15840,21400
Attributed India Scinde Dawk Early 20th Century,4540,12760
Grand Vintage Ferragamo Pumps Unrestored,5700,8190
Garnet Cluster Ring 18th Century,920,1670
Period Pie Safe Punched Tin,2530,7600
Unmatched Thai Bronze Buddha Seated Georgian Period,6250,12540
Restored Girandole Mirror Candelabra c.1800 Good Condition,9920,13750
Ornate Arts & Crafts Mica Shade Lamp Edwardian Era,1160,3760
Superb 1794 Flowing Hair Dollar With Certificate,47140,73630
Betty Lamp Iron Colonial c.1910,9820,18510
Distinguished Lead Garden Cistern Georgian,6650,15000
Wilt Chamberlain Jersey,19360,39320
Heriz Serapi Rug Post-War With Certificate,2070,6880
Published Imari Charger Early 20th Century,11240,20730
Boxing Gloves Vintage Leather,5470,12000
Rare Quezal Art Glass Shade,9620,18840
Exquisite Sterling Silver Cigar Box Art Deco Period,7360,20000
Important WPA Federal Art Project Poster c.1930,700,2140
Antique Industrial Factory Pendant,360,1020
Provincial Vintage Rolls Royce Hood Ornament Mid-Century Good Condition,1600,5000
Rickenbacker 360 Electric Guitar With Certificate,5290,9700
Notable Error Stamp Collection,24250,48590
Estate Currier & Ives Lithograph Early 20th Century From Private Collection,5410,12000
Antique Apothecary Scale Marble Base c.1800,5490,15000
Superb Chanel Classic Flap Bag,4720,12040
Arts & Crafts Oak Settle c.1950 Recently Conserved,520,1420
Magnificent Hank Aaron Home Run Ball c.1970,12510,35890
Magnificent Panerai Luminor Marina c.1780,41660,109630
Oversized Playmobil First Series Set c.1800 With Provenance,3470,10500
Notable Buddy L Pressed Steel Truck,5800,8860
Remarkable Plein Air Coastal Scene c.1860,30450,77130
Matched Gouache Street Scene,43280,104550
Exceptional Navajo Chief's Blanket,11850,30000
Antique Dumbwaiter Tiered Stand With Provenance,2560,8090
Choice Olmec Jade Mask Fragment c.1910 With Certificate,650,1740
Daum Nancy Pate de Verre,5110,15510
Polaroid SX-70 Camera,7290,10660
Colonial Nepalese Bronze Deity Figure,20120,49600
Exquisite Compass Surveyor's Brass,460,1450
Scarce First Day Cover Collection c.1840,10780,34790
Aubusson Tapestry Panel 18th Century With Provenance,13380,30000
Restored Secretariat Derby Photo,15150,27510
Continental Billiard Cue Antique Inlaid c.1970,3150,4310
Antique Aston Martin Wings Badge,880,2050
Arts & Crafts Mica Shade Lamp,1280,2170
Concrete Brutalist Form With Provenance,6020,12490
Original Shell Art Valentine Box c.1940,6360,14130
Restored Nintendo Entertainment System Boxed,13570,30000
Grand Carved Stone Gargoyle c.1820,7240,14400
Oversized Venini Glass Pendant Light Recently Conserved,930,2980
Oversized Yquem Sauternes 1967,12270,25000
Distinguished Cadastral Survey Map Antique,1250,3440
Continental Neo-Expressionist Canvas,45300,97240
Miniature Versace Medusa Evening Gown Excellent Condition,1870,6510
African Beaded Ceremonial Crown As Found,7970,24180
Penny Black 1840,4010,13590
Antique Sarouk Fereghan Rug c.1880 With Provenance,9300,30000
Late GI Joe Prototype,1430,3800
Signed Chateau Margaux 1990 Empire Period,5180,9440
Pristine Sega Genesis Console Boxed As Found,3300,9900
Colonial Colonial Continental Dollar Arts & Crafts Era,30910,47720
Exceptional Louis XIII Cognac Baccarat Decanter c.1970,1160,2670
Estate Maori Carved Tiki Figure c.1840,4840,7310
Period Gordon Parks Photo Essay Print Early 20th Century,8610,13160
Apothecary Scale Marble Base Federal Period With Certificate,5640,15000
Givenchy Audrey Hepburn Dress Belle Epoque,14510,35000
Cindy Sherman Untitled Film Still c.1970,14300,30000
Estate African Tribal Mask Dogon Post-War,4520,7310
Silver Gilt Wine Cooler Edwardian Era,7430,20000
Chanel Tweed Jacket Vintage Modernist Period Excellent Condition,16450,35000
Matched Shell Art Valentine Box,5220,14580
Continental Aboriginal Boomerang Carved Good Condition,19700,30330
Late Stephen Shore Uncommon Places,14450,30000
Superb Enamel Locket Gold Chain,35900,65630
Gretsch White Falcon Guitar,11360,25410
Alphonse Mucha Art Nouveau Print Recently Conserved,2270,3940
Signed Scrimshaw Whale Tooth Mid-Century,490,1430
Vintage Rolls Royce Hood Ornament Estate Fresh,240,590
Restored Kobe Bryant Rookie Card,18710,47450
Restored Balenciaga Couture Gown c.1940 Good Condition,16020,35000
Unmatched Easter Island Moai Replica,16860,40000
Miniature Valentino Couture Cape Late Victorian,9960,16440
Yamazaki 18 Year Japanese Whisky Edwardian Era As Found,9460,13500
Carved Oak Church Pew c.1880,6880,14860
Notable Garnet Cluster Ring,29440,75000
Grand Hot Wheels Redline Collection Excellent Condition,5590,13060
Georgian Silver Tea Set,100,250
Early Japanese Koban Gold Empire Period,21760,74320
Late Holland & Holland Double Rifle With Provenance,1750,3080
Attributed Civil War Officer's Sword 18th Century,140,190
Vintage Astrolabe Reproduction c.1930,7340,11490
Important Playmobil First Series Set,2190,3880
Provenance Signed Einstein Letter,4270,6460
Distinguished Pre-Prohibition Bourbon Bottle c.1930,10320,25000
Unmatched Pietra Dura Inlay Table Top c.1800,3480,5630
Ornate Ancient Greek Hoplite Shield Fragment As Found,7660,18580
Select France Ceres Issue Good Condition,16750,27240
Miniature Portrait on Ivory Unrestored,3910,6440
Continental Bobby Orr Signed Stick c.1970 Recently Conserved,6560,10420
Matched Quezal Art Glass Shade Belle Epoque,6680,20850
Monumental Copper Ale Jug Georgian,4870,10620
Provenance Greek Tetradrachm From Private Collection,37970,65410
Superb Virginia Woolf First Edition With Provenance,14210,25760
Signed Art Nouveau Display Cabinet Excellent Condition,600,1780
French Empire Crystal Chandelier c.1940,3040,9530
Fine Ludwig Vistalite Drum Kit Good Condition,24170,54890
Attributed Fanlight Transom Window With Certificate,2170,7210
Chronometer Deck Watch Naval c.1970,26240,68970
Miniature Quilt Log Cabin Pattern,6990,14700
Late Alexandrite Pendant,21570,69090
Exceptional Depression Glass Collection Federal Period,10340,25000
Early Waterford Crystal Decanter Set c.1780 Good Condition,1470,1960
Antique Heriz Serapi Rug With Certificate,3440,8600
Estate Citizen Chronomaster,5940,17490
Exquisite Star Chart Celestial 1800s Estate Fresh,350,780
Early Lewis & Clark Expedition Map,1060,1740
Historic Girandole Mirror Candelabra,6540,15480
Unmatched Ziegler Mahal Carpet c.1970,3770,7120
Chinese Export Silver Tea Caddy Post-War,460,760
Carved Stone Gargoyle 18th Century Excellent Condition,2110,5390
Published Student Lamp Brass Double With Provenance,7660,16950
Virginia Woolf First Edition c.1930,19550,50000
Fine Student Lamp Brass Double Unrestored,7280,20000
Choice Sevres Porcelain Urn c.1780 Recently Conserved,19350,36960
Oversized A. Lange & Sohne Saxonia Good Condition,55070,120000
Documented Annie Leibovitz Portrait Federal Period From Private Collection,1390,3950
Carved Limestone Angel Museum Deaccessioned,23410,69940
Continental Hard Edge Abstraction c.1950,7270,21460
Apple I Computer Board Art Nouveau Period With Certificate,6330,14520
Signed Dunhill Leather Briefcase,7400,11770
Butter Mold Carved Eagle c.1800,7700,18000
Oversized Omega Speedmaster Moonwatch c.1940,1770,5430
Museum Quality Georgian Silver Tea Set Mid-Century,9330,20000
Copper Patina Sculpture,36560,80000
Miniature Porcupine Quill Box c.1920,5090,13390
Ornate Ptolemy Atlas Page As Found,5660,12000
Exceptional Wurlitzer Electric Piano,13000,43000
Provenance Incunabulum Leaf 1480s c.1820,21150,47980
Estate Hunting Horn Silver Mounted Late Victorian,120,190
Renaissance Madonna Late Victorian Excellent Condition,10670,23640
Restored Secretariat Derby Photo Unrestored,1140,3100
Documented 1990 Screaming Eagle Cabernet,9590,13180
Ormolu Mounted Marble Urn Mid-Century With Provenance,7040,17870
Restored Sporting Gun Cabinet Oak c.1880 Recently Conserved,4640,12000
Distinguished Flemish Verdure Tapestry Good Condition,3450,7290
Oversized Royal Copenhagen Flora Danica Plate Art Deco Period,5120,16660
Unique Marine Chronometer Boxed c.1820 Museum Deaccessioned,2900,5540
Suzani Embroidered Textile Late Victorian Estate Fresh,1570,2470
Provenance Sarouk Fereghan Rug From Private Collection,9600,30000
Exhibited Film Noir Movie Poster Original,960,2160
Provenance Vintage Croquet Set Complete Belle Epoque,5130,12000
Louis XIII Cognac Baccarat Decanter With Certificate,9200,20020
Pristine Comtoise Clock French Provincial c.1970,2920,6840
Colonial Vintage Croquet Set Complete With Certificate,620,1610
Astrolabe Reproduction,900,2180
Choice Quilt Log Cabin Pattern c.1920,6870,15010
Magnificent Postal History Cover Collection c.1950,18970,49300
Mobil Pegasus Neon Sign c.1800 Estate Fresh,1410,2990
Published Haida Argillite Carving,850,1550
Signed Art Deco Travel Poster Paris c.1950,2420,4030
Tolkien Hobbit 1st Ed Federal Period,690,1380
Louis XV Bergere Chair Early 20th Century,840,1680
Rare Shell Oil Porcelain Sign,1560,3710
Andreas Gursky Rhine II Print,3340,7470
Continental Currier & Ives Lithograph,3470,4950
Restored Railroad Pocket Watch,47670,120000
Loetz Iridescent Art Glass Vase,600,1530
Tlingit Chilkat Blanket Estate Fresh,11540,32550
Aboriginal Boomerang Carved Late Victorian Unrestored,7850,22780
Signed Limoges Enamel Box Collection Arts & Crafts Era,4920,12670
Early Fairy Lamp Clarke's Patent,5070,14630
Original Ferrari Owners Manual Regency Period From Private Collection,2430,3660
Magnificent Polo Mallet Collection c.1880 With Provenance,4390,8010
Choice Vietnamese Ceramic Bowl Excellent Condition,2680,5540
Outstanding Beatles Concert Poster Original c.1970 Excellent Condition,1620,4480
Pristine Apothecary Cabinet Late Victorian,8620,16870
Charcoal Cityscape Drawing Art Nouveau Period With Provenance,13820,24210
Miniature Opus One Vertical Collection,6590,13640
Published Mercury Dime Full Bands c.1960 Museum Deaccessioned,49480,100000
Grand Hennessy Paradis Imperial Unrestored,5420,7780
Certified Georgian Silver Candlestick Pair,9690,14110
Pediment Fragment Stone Federal Period,6670,13200
Vintage French Ormolu Mantel Clock,5020,9140
Attributed Plein Air Coastal Scene From Private Collection,7170,10190
Documented Antique Decoy Duck Carved Post-War,2480,7420
Cabbage Patch Kids Original,4940,11930
Penfolds Grange 1971,9320,25000
Vintage Art Exhibition Poster Picasso c.1960,5840,12000
Antique Fireplace Mantel Marble Belle Epoque,150,420
Matched Gibson Les Paul Standard 1959 Late Victorian,15970,27550
Ornate Fishing Creel Wicker Antique c.1930,1670,5220
Arts & Crafts Oak Settle Belle Epoque With Certificate,11270,16300
Historic Boxing Gloves Vintage Leather,3230,11160
Antique 1985 Sassicaia,6300,15440
Colonial Chinese Snuff Bottle Jade,12520,36480
Outstanding Antique Bible Leather Bound,9920,19540
Maori Carved Tiki Figure Excellent Condition,2900,6070
Ornate Kafka Metamorphosis 1st Ed 18th Century,5940,19280
Ornate Omega Speedmaster Moonwatch,6140,18510
Scarce Ancient Greek Hoplite Shield Fragment 19th Century,600,2050
Restored Dulcimer Appalachian Mountain c.1800,28620,47160
Magnificent Partner's Desk Leather Top c.1950 With Certificate,10340,17660
Restored Faberge Style Egg Regency Period,2180,5590
Historic Hawaiian Missionaries Stamp Modernist Period,1420,3690
Christian Dior Bar Suit c.1960 Estate Fresh,16590,24850
Published Antique Van Cleef Bracelet,32910,44670
Chinese Art Deco Carpet Museum Deaccessioned,410,770
Kutani Porcelain Plate With Provenance,2070,6870
Monumental Byzantine Gold Solidus Regency Period,7300,19590
Distinguished Holland & Holland Double Rifle,1590,3290
Pristine Billiard Cue Antique Inlaid Edwardian Era,4270,12000
Authentic Woodstock Festival Poster Modernist Period,5980,12000
Antique Weathervane Copper c.1920 Estate Fresh,4660,7490
Fine Cuckoo Clock Black Forest c.1880,3050,4800
Tom Brady Signed Football,12520,26900
Magnificent Yves Saint Laurent Le Smoking Jacket Early 20th Century,15410,35000
Ornate Tiffany Favrile Glass Vase Late Victorian As Found,5620,9990
Lucie Rie Stoneware Bowl Early 20th Century,14170,28680
Exquisite Thorens TD-124 Turntable Modernist Period,420,700
Mauritius Post Office Stamp c.1820,1070,2990
Oversized Concrete Brutalist Form c.1940 From Private Collection,12200,35760
Cindy Sherman Untitled Film Still Estate Fresh,12920,23160
Armillary Sphere Desktop,4970,10570
Maxfield Parrish Print Framed Belle Epoque Unrestored,2510,5640
Woodstock Festival Poster,3890,8900
Pan Am Airlines Poster 1960s Modernist Period Museum Deaccessioned,4980,12000
Attributed Film Noir Movie Poster Original c.1820 With Provenance,3900,12000
Choice Playmobil First Series Set c.1960 Estate Fresh,3540,5600
Copper Ale Jug Georgian,2490,3370
Majolica Garden Seat Federal Period,11600,25100
17th Century World Map,5720,12000
Gilded Rococo Console Table,1850,6220
British Redcoat Uniform Button Collection Georgian Period With Provenance,2340,3060
Provenance Hublot Big Bang c.1880 With Provenance,56140,93080
Delicate Japan Cherry Blossom Issue,16630,48120
Beadwork Purse Victorian Modernist Period,7460,22980
Matched Skeleton Mechanical Watch Estate Fresh,39600,105030
Colonial Tower Clock Movement Antique c.1860,8390,17020
Corbel Carved Wood Victorian Post-War,7400,15000
Finial Cast Iron Roof,1020,3020
Choice Hermes Birkin Bag Edwardian Era,9050,15700
Exceptional Papua New Guinea Spirit Mask c.1780,8490,23060
Provincial Swiss Cantonal Issue Belle Epoque,6130,8390
Exceptional Wayne Gretzky Rookie Card Regency Period,24470,50000
Hasselblad 500C Camera Federal Period,12780,30000
Historic Steering Wheel Nardi Wood With Certificate,430,810
Panerai Luminor Marina 18th Century,34360,94680
Superb Trade Dollar Proof,33960,100000
Rare France Ceres Issue Belle Epoque,8720,13750
Monumental Oris Aquis Date Post-War,13810,24670
F. Scott Fitzgerald Signed Copy,18910,40420
IBM Model M Keyboard Post-War,3200,9560
Magnificent Slide Rule Collection Regency Period,14150,30000
Exquisite Sultanabad Mahal Carpet Mid-Century Estate Fresh,14570,25360
Moog Minimoog Synthesizer Arts & Crafts Era,20570,37940
Provenance Thematic Space Collection c.1950,15530,22340
Antique Patek Philippe Calatrava c.1880,1650,5470
Pristine Balenciaga Couture Gown From Private Collection,17360,33460
Carved Stone Garden Bench Good Condition,490,1430
Victorian Porch Brackets Pair Arts & Crafts Era Good Condition,150,520
Exquisite Zither Concert Model Antique With Provenance,23760,57320
Aboriginal Dot Painting Canvas,7940,15720
Cricket Bat Signed Vintage Good Condition,3230,9060
Unmatched Gilt Bronze Candelabra Pair,11380,25000
Oversized Carved Limestone Angel,24090,55090
Monumental Pave Diamond Bangle Late Victorian From Private Collection,30130,54870
Geological Survey Map Victorian c.1960 Recently Conserved,2500,8680
Christofle Silver Tureen c.1920,1900,5890
Antique Finial Cast Iron Roof Mid-Century,6780,15000
Premier Antique Tennis Racket Federal Period,3500,10840
Premier India Scinde Dawk c.1820,17420,50000
Kneehole Desk Georgian c.1780,4520,13160
Choice Zeppelin Mail Cover c.1860,6290,13970
Railroad Map United States 1870 Belle Epoque,4720,10430
Robert Mapplethorpe Flower Print Unrestored,6040,18390
Decoy Shorebird Carved c.1970,8840,18000
Superb Georgian Silver Tea Set,1210,2800
Notable Garry Winogrand Airport Print Arts & Crafts Era,14220,30000
Scarce Venetian Lattimo Glass Bowl,8900,23160
Alexandrite Pendant Estate Fresh,17880,25330
Burmese Lacquerware Box Empire Period,27850,44030
Fine Ansel Adams Yosemite Print c.1840 With Provenance,1810,2950
Provenance Hewlett Packard HP-35 Calculator c.1820,13920,30000
Unmatched Atari 2600 Console Boxed Belle Epoque Good Condition,1110,1610
Vintage License Plate Collection c.1900 Excellent Condition,1410,3540
Vintage Star Wars Vintage Figures Set,30,60
Colonial Finial Cast Iron Roof 18th Century,4780,8450
Swiss Tourism Poster Vintage Museum Deaccessioned,2000,3240
Select Steiff Teddy Bear 1905 c.1800,640,1530
Documented Chronometer Marine Deck,4000,8670
Grand Yquem Sauternes 1967 Arts & Crafts Era With Certificate,2920,8990
Pristine Derek Jeter Game Bat,16900,34710
Pastel Nude Study c.1860,66040,150000
Delicate Sporting Gun Cabinet Oak Empire Period,5700,12000
Magnificent Medieval English Groat c.1910,30010,87710
Pristine Magnifying Glass Sterling Handle c.1800,2900,8350
Cappiello Campari Poster Art Deco Period,970,1330
Exhibited Hitching Post Cast Iron,1790,5580
Kerosene Lamp Cranberry Glass Early 20th Century,4540,10280
Delicate Slide Rule Collection c.1960,9110,13780
Estate Mixed Media Collage,11980,29260
Vintage Antique Fishing Reel Collection Federal Period,220,460
Distinguished Aboriginal Boomerang Carved,16690,22030
Exhibited Pre-Prohibition Bourbon Bottle Belle Epoque,3470,7490
Colonial Admiralty Chart British Navy Art Nouveau Period,3600,5370
Period Bentley Flying B Mascot,1850,2640
WWII Aviator Leather Jacket,5000,13640
Provincial Drafting Instrument Set Cased Arts & Crafts Era Recently Conserved,240,700
Gordon Parks Photo Essay Print c.1860 Unrestored,9740,26200
Unique Argand Lamp Silver Plated c.1910 Excellent Condition,3450,5180
Sarouk Fereghan Rug Georgian Period,14900,30000
Silk Route Trade Map Reproduction c.1970 Museum Deaccessioned,5590,12000
Exquisite Atmos Clock Jaeger-LeCoultre Recently Conserved,7820,16440
Miniature Astrolabe Reproduction c.1800 Unrestored,4220,12850
Early Vintage Ray-Ban Aviators Estate Fresh,15370,33210
Choice Cindy Sherman Untitled Film Still c.1940,9780,29080
Estate Vintage Tube Amplifier c.1860 As Found,13840,30000
Surveyor's Transit Brass c.1950 Estate Fresh,1840,5800
Provenance Leica M3 Camera Body,10930,30000
Taxidermy Pheasant Display c.1820 Good Condition,5240,6840
Chartreuse VEP Green,4480,11880
Noh Theatre Mask c.1950,14770,27660
Betty Lamp Iron Colonial 18th Century,1940,3140
Grain Painted Blanket Chest With Certificate,320,990
Attributed Hair Art Memorial Wreath c.1960,3060,7260
Cassandre Normandie Poster c.1820,4980,12000
Matched Currier & Ives Lithograph Late Victorian Unrestored,5450,12000
Vintage Bulgari Necklace,3960,7140
Provincial 1804 Draped Bust Dollar,25330,62030
Exquisite Chronometer Deck Watch Naval With Certificate,38330,52100
Attributed Persian Miniature Manuscript Page 18th Century Recently Conserved,3200,8280
Irish Silver Sugar Bowl,4920,12390
Early Cabochon Emerald Brooch c.1860,5960,11020
Matched Ted Williams Signed Photo,18470,38140
Tibetan Thangka Painting c.1820,20840,60000
Attributed Vietnam War Flight Helmet With Certificate,5890,19360
Exceptional Vintage License Plate Collection,1070,3470
Colonial Found Object Assemblage,38280,80000
Magnificent Royal Copenhagen Flora Danica Plate Belle Epoque,11420,29850
Notable Bernard Leach Charger Federal Period From Private Collection,17000,26820
Astrolabe Reproduction c.1880,1900,5670
Scarce JBL Paragon Speaker System,8320,12510
Delicate Bakelite Telephone Rotary Arts & Crafts Era With Certificate,9760,17910
Oversized Fauvism Floral Study c.1910 Good Condition,49000,150000
Colonial Lyrical Abstraction Canvas,33610,85040
Colonial Chartreuse VEP Green c.1910,6950,18780
Notable Bronze Figurine c.1940,7910,22240
Aneroid Barometer Victorian,5200,13360
Premier Multi-Strand Pearl Choker Modernist Period With Certificate,11560,16930
Signed Plaster Maquette c.1960 As Found,31270,54800
Fine Ancient Roman Aureus,2650,8130
Vienna Regulator Wall Clock Federal Period With Provenance,6100,18000
Hermes Birkin Bag Edwardian Era Unrestored,8850,17640
Chinese Cloisonne Vase Modernist Period,29320,60000
Attributed Georg Jensen Silver Pitcher Federal Period Estate Fresh,8960,20000
Exhibited Atari Jaguar Console Sealed Recently Conserved,1410,2980
Provenance Illuminated Medieval Psalter 19th Century,21170,50000
Rickenbacker 360 Electric Guitar Federal Period,1270,2630
Published Op Art Optical Illusion c.1960,23360,56520
Distinguished Pointillist Seascape,30470,50920
Autoharp Oscar Schmidt Antique,6380,11320
Regency Silver Sauce Boat Late Victorian,6320,17230
Antique Art Deco Travel Poster Paris,750,1970
Oversized Selmer Mark VI Tenor Saxophone c.1950,3870,5060
Monumental Holland & Holland Double Rifle c.1950 As Found,5580,7860
Outstanding Whirligig Carved Sailor c.1800 Unrestored,7540,13420
Published Antique Sapphire Earrings Mid-Century,32240,72270
Certified Chinese Snuff Bottle Jade,29840,42840
Exceptional Georgian Tallboy Chest,10960,25000
Restored Shaker Rocking Chair,4080,13100
Apple I Computer Board Modernist Period As Found,7560,25200
Antique Hofner 500/1 Bass Guitar c.1780,11860,36340
Unmatched Tibetan Thangka Painting 19th Century,18160,60000
Published Sundial Pocket Brass,6410,15000
Globe Celestial Miniature,5980,13540
Magnificent Longines Heritage Diver,30160,68160
Magnificent Ancient Map Folio c.1940,17630,50000
Spanish American War Poster,2580,8380
Estate Cape of Good Hope Triangular 19th Century,18640,50000
Astrolabe Reproduction c.1780,7210,15000
Magnificent Fender Stratocaster 1962 With Certificate,18600,50990
Published Atari 2600 Console Boxed c.1880,8710,24370
Miniature Hunting Horn Silver Mounted,1000,1520
Edward Steichen Fashion Print,13600,30000
Unique Art Deco Figurative Painting c.1950 From Private Collection,18130,40250
Provenance Fortuny Delphos Gown c.1800,10280,16590
Remarkable Banjo Clock American Federal Edwardian Era,3220,9280
Alphonse Mucha Art Nouveau Print,3210,11210
Documented Chronometer Deck Watch Naval,42140,89380
Dobro Resonator Guitar Vintage With Certificate,2520,7140
Distinguished Mercury Barometer Stick Type,1370,2820
Important Archery Bow Yew Longbow,250,600
Falconry Hood Leather Antique,4040,9920
Mercury Barometer Stick Type With Certificate,5380,11310
Stone Abstract Form Late Victorian Recently Conserved,18940,30080
Admiralty Chart British Navy Empire Period,5640,12000
Certified Student Lamp Brass Double,5180,7830
Published Byzantine Gold Solidus,34150,100000
Tiffany Wisteria Table Lamp Early 20th Century As Found,8890,25000
Grand Royal Doulton Character Jug c.1940 Good Condition,15180,40000
Rare Handel Reverse Painted Lamp c.1970 Excellent Condition,700,1300
Film Noir Movie Poster Original c.1800,80,150
Signed Georgian Silver Candlestick Pair,1570,4780
Select Topaz Chandelier Earrings Art Nouveau Period Excellent Condition,710,1380
Maori Carved Tiki Figure Early 20th Century,17890,40000
Exquisite Astronomical Regulator Clock c.1920,7850,10490
Gilt Bronze Candelabra Pair c.1960 Estate Fresh,11680,25000
Important Native American Kachina Doll c.1910,4140,9110
Miniature Carved Oak Church Pew c.1880,5800,12340
Penny Bank Mechanical Art Deco Period,710,1200
Pristine Aquamarine Tiara,6200,12670
Vintage Sultanabad Mahal Carpet c.1940,12270,30000
Magnificent Betty Lamp Iron Colonial c.1920,1690,3250
Porcupine Quill Box,2260,3160
Vintage Neon Beer Sign Arts & Crafts Era As Found,7940,26400
Art Deco Illustrated Novel Good Condition,15240,46220
Scarce Archery Bow Yew Longbow,1520,4930
Distinguished Thai Bronze Buddha Seated c.1920 Museum Deaccessioned,27940,60000
Monumental Nintendo Entertainment System Boxed 18th Century,9850,26650
Yamazaki 18 Year Japanese Whisky c.1920,3500,4590
Estate Martin D-28 Acoustic Guitar Art Deco Period Estate Fresh,6950,15870
Historic Soviet Constructivist Propaganda Poster Estate Fresh,3830,9190
Toulouse-Lautrec Moulin Rouge Poster c.1960,870,1720
Vintage Fortuny Delphos Gown c.1970,6160,15380
Pristine Carved Limestone Angel c.1780,33950,47440
Chanel Classic Flap Bag c.1970 Recently Conserved,8840,27280
Signed Quilt Log Cabin Pattern,2710,6630
Qing Dynasty Famille Rose Bowl c.1920,540,750
Oversized Berenice Abbott Manhattan Print,14280,30000
Museum Quality Jane Austen First Edition c.1920,18260,40200
Published Val Saint Lambert Vase Museum Deaccessioned,9620,23940
Ornate Nikon F Camera Body Modernist Period As Found,14860,30000
Silver Gilt Wine Cooler c.1910,8910,20000
Antique Tennis Racket c.1840,5850,12000
Pristine Macallan 25 Year Single Malt,12450,25000
Museum Quality Zenith El Primero Arts & Crafts Era With Provenance,26320,57700
Ornate Stumpwork Embroidery Panel c.1950,7600,20370
Exceptional Cappiello Campari Poster Empire Period As Found,3930,6860
Cheval Mirror Mahogany Edwardian Era,2170,4510
Exquisite Plaster Maquette With Certificate,31350,48960
American Coin Silver Spoons,6290,17540
Premier Alfred Stieglitz Equivalent Print c.1960 Good Condition,1460,2480
Exquisite Candelabrum Bronze Empire 18th Century,8320,13960
Early Brass Telescope Victorian Edwardian Era,6850,15000
Continental Mexican Sterling Serving Tray,2810,9680
Antique Nurses Watch Enamel Dial,55860,120000
Rare Kutani Porcelain Plate With Provenance,12770,33910
Provincial Spanish Doubloon c.1930 From Private Collection,40790,100000
France Ceres Issue From Private Collection,23460,50000
African Bronze Benin Head c.1940,15490,29480
Student Lamp Brass Double c.1820,6040,20000
Outstanding Hot Wheels Redline Collection Federal Period With Certificate,4120,9450
Grand 1952 Topps Mickey Mantle Card Post-War,14700,28100
Berlin Woolwork Needlepoint Early 20th Century,4160,11590
Moog Minimoog Synthesizer,9740,17410
Select Japanese Ukiyo-e Woodblock Print,3360,7120
Early Carved Limestone Angel,15810,24210
Late Toulouse-Lautrec Moulin Rouge Poster c.1780,5350,12000
Pristine Military Campaign Map Napoleonic Empire Period,3190,5970
Unmatched Alfred Stieglitz Equivalent Print Mid-Century,12550,30000
Antique Fireplace Mantel Marble,1140,2880
Sporting Gun Cabinet Oak Early 20th Century,1940,2950
Magnificent Bing Clockwork Boat,340,1050
Grand Sand Cast Bronze Relief,29560,80000
Plaster Maquette c.1820,27820,59130
Concertina Wheatstone English c.1800 From Private Collection,17760,38480
Exhibited Saint Louis Crystal Goblet Set Georgian Period With Certificate,4680,12060
Unmatched Billiard Cue Antique Inlaid c.1950,3880,12000
Select Panerai Luminor Marina c.1840,38660,71960
Superb Painted Fireboard Scene c.1940 Estate Fresh,3750,7170
Vintage Hublot Big Bang Good Condition,17480,35390
Vintage Ray-Ban Aviators,10970,22010
Cameo Shell Brooch,5260,7830
GI Joe Prototype c.1930 As Found,2160,4100
Colonial Miniature Portrait on Ivory 19th Century,6890,14140
Ernie Ball Music Man StingRay Bass Belle Epoque,19050,49720
Museum Quality Penny Black 1840 c.1800,15900,30930
Ornate Cheval Mirror Mahogany,11860,25000
Period Emily Dickinson Manuscript c.1940,24140,38470
Ornate Pewter Miniature Set c.1920 As Found,37290,80000
Notable Medieval English Groat c.1940 Recently Conserved,19990,64740
Sea Chart Dutch Golden Age,1970,5300
Rare Zenith El Primero,41960,64130
Antique Barograph Recording Aneroid c.1860,4600,14340
Antique Vintage Rolls Royce Hood Ornament Post-War,1410,3130
Magnificent Japanese Kimono Silk Vintage,6200,11190
Gilt Bronze Candelabra Pair 18th Century,5210,7340
Exceptional Olympic Gold Medal Replica c.1970,24700,48250
Antique Bible Leather Bound Good Condition,19150,50000
Authentic Isfahan Silk Rug c.1840,12540,21690
Late Barbie #1 Original 1959 c.1920 As Found,3200,9800
Carousel Horse Carved Wood c.1880,8160,18000
Distinguished French Foreign Legion Kepi Post-War,6230,13260
Outstanding Porsche Enamel Dealer Sign,1000,3460
Certified Antique Kashan Carpet Post-War Museum Deaccessioned,12240,28320
Bach Stradivarius Trumpet,6360,9460
Exquisite Game Bird Print Set Framed,3850,5350
Japanese Tea Ceremony Kettle Arts & Crafts Era From Private Collection,19680,50500
Estate Signed Dickens Volume,2500,5240
Notable Conn 8D French Horn Post-War,2350,4870
Magnificent Boot Scraper Cast Iron,1150,1640
Signed Ancient Roman Aureus Late Victorian,30660,100000
Superb Cast Iron Garden Sculpture Recently Conserved,29710,42590
Miniature Chopard Alpine Eagle c.1800,28410,81840
Pop Art Screen Print Federal Period,65340,94470
Ornate Color Field Painting Large Late Victorian With Provenance,16220,40320
Unmatched Medieval Broadsword c.1930,8360,20000
Victorian Botanical Atlas Regency Period,1480,2000
Monumental Oil on Canvas Landscape Modernist Period,57310,150000
Taper Stick Silver Georgian c.1960,1530,3230
Antique Qing Dynasty Famille Rose Bowl Regency Period With Certificate,190,340
Vintage Gucci Bamboo Bag Georgian Period,1780,4970
Late Sarouk Fereghan Rug With Provenance,12090,30000
Monumental Derek Jeter Game Bat Modernist Period,20660,50000
Antique Ernie Ball Music Man StingRay Bass,20340,46620
Premier Carriage Clock Brass Repeating Post-War With Certificate,510,1060
Thorens TD-124 Turntable Regency Period,610,1050
Vintage Cartier Watch c.1960,17520,58710
Colonial Bakhtiari Garden Design Rug c.1930 With Certificate,7760,19140
Mobil Pegasus Neon Sign c.1950 From Private Collection,2360,5000
Exhibited Compass Surveyor's Brass,1880,3000
Walking Liberty Half Dollar c.1780,12910,22920
Tanzanite Tennis Bracelet c.1780,15970,42860
Yoruba Ibeji Twin Figure Estate Fresh,8560,28300
Colonial Tramp Art Frame Layered Museum Deaccessioned,1820,3050
William Eggleston Color Print Post-War Unrestored,10190,30000
Indian Head Gold Eagle c.1970 Museum Deaccessioned,41190,100000
Hermes Kelly Bag,16160,35000
Outstanding Hunting Horn Silver Mounted,4820,12000
Provenance Hasselblad 500C Camera c.1940 With Provenance,5870,15250
Ornate Accordion Hohner Gola Museum Deaccessioned,25280,60000
Unmatched Pele Signed Brazil Shirt 19th Century,15250,29280
Ornate Silver Trophy Cup Engraved c.1880,4690,11540
Late Atmos Clock Jaeger-LeCoultre Belle Epoque,6010,12960
Provenance Pele Signed Brazil Shirt Art Deco Period From Private Collection,22890,32490
Original Christian Dior Bar Suit As Found,300,530
Select Wire Mesh Figure c.1900,30920,58430
Campaign Officer's Chest c.1840,2800,8100
Early Vintage Ferragamo Pumps c.1960,9120,27720
Premier Ship's Bell Clock Chelsea Art Deco Period,2400,7040
Seed Pearl Collar Necklace,12580,18960
Rare Bracket Clock Georgian Ebony Unrestored,4410,12970
Scarce Antique Tennis Racket Georgian Period,1980,4660
Oversized Newcomb College Vase,15350,31440
Miniature Chrysoprase Brooch,4510,9520
Hot Wheels Redline Collection,3800,12870
Early Tempera on Panel c.1910 Unrestored,31220,80650
Wax Fruit Under Glass Dome Mid-Century As Found,5660,10360
Pristine African Bronze Benin Head As Found,11600,33860
Lehmann Wind-Up Toy Museum Deaccessioned,3320,5960
Vintage Magnifying Glass Sterling Handle Belle Epoque Good Condition,2460,5990
Pristine Native American Kachina Doll Mid-Century With Certificate,8460,16880
Published Noh Theatre Mask,1890,2880
Original 1804 Draped Bust Dollar Art Nouveau Period Recently Conserved,10540,33610
Limoges Enamel Box Collection,9500,17400
Versace Medusa Evening Gown Art Nouveau Period Good Condition,16920,24560
1794 Flowing Hair Dollar Post-War,46580,77850
Restored Currier & Ives Lithograph Regency Period,3160,4570
Early Cape of Good Hope Triangular,21050,50000
Estate Dinky Toys Collection Boxed,5220,9820
Signed Chopard Alpine Eagle c.1800 From Private Collection,48600,117540
Attributed Spain Classic Period Collection Post-War As Found,12630,25520
Impressionist Garden Scene With Certificate,68180,90370
Continental Carriage Clock Brass Repeating,8460,18000
Monumental Industrial Factory Pendant c.1950,4550,14900
Student Lamp Brass Double c.1910,6100,19900
Taper Stick Silver Georgian c.1950,7050,20000
Continental Diego Maradona Signed Shirt,11770,26150
Hudson River School Landscape,9560,25230
Distinguished Super Bowl I Program Belle Epoque,19120,48100
Ornate Imogen Cunningham Magnolia Print 19th Century As Found,12930,30000
Select Pewter Miniature Set,13600,24690
Select Rare Single Barrel Rye Whiskey,11370,15330
Bidjar Iron Rug,11040,27240
Period Victorian Silver Candelabra Art Deco Period,1360,2380
Whirligig Carved Sailor Estate Fresh,8590,16570
Civil War Letters Collection Arts & Crafts Era,16240,41090
Miniature Roman Legionary Helmet Replica Museum Deaccessioned,840,1180
Provincial Encaustic Wax Painting c.1800,47290,150000
Teddy Ruxpin Working,7230,11570
Select Railroad Map United States 1870 c.1930,5930,12000
Ornate Revolutionary War Musket c.1920 With Provenance,9530,20000
Noh Theatre Mask Mid-Century Museum Deaccessioned,29210,60000
Museum Quality Tiffany Diamond Solitaire c.1820,670,880
Gouache Street Scene c.1930,27770,55550
Delicate Butler's Tray Table c.1780,6760,20420
Remarkable Indian Head Gold Eagle c.1820,44290,78680
Choice Diego Maradona Signed Shirt,5040,6580
Magnificent Mystery Clock Art Deco Art Deco Period,6020,16190
Pristine Turquoise Silver Cuff Early 20th Century,16870,23760
Antique Fireplace Mantel Marble c.1820,2600,3900
Published Tower Clock Movement Antique c.1780,7900,18000
Certified Sand Cast Bronze Relief,38420,56180
Cold War Era Spy Camera Georgian Period,9720,14600
Select Alphonse Mucha Art Nouveau Print,60,130
Notable French Ormolu Mantel Clock,5680,18000
Certified Buccellati Silver Bowl,6170,8680
Quilt Log Cabin Pattern c.1930 As Found,690,1370
Beatrix Potter First Edition Belle Epoque Excellent Condition,22130,50000
Tavern Clock Act of Parliament,6640,16270
Provincial Tom Brady Signed Football,17780,32890
Important Steinway Model B Grand Piano c.1930,9130,26240
Pan Am Airlines Poster 1960s,3920,11100
Late Candelabrum Bronze Empire Empire Period As Found,9270,20000
Magnificent Turquoise Silver Cuff c.1900 As Found,3490,7370
Oversized Carved Wood Totem c.1970,13160,26650
Select Weller Sicard Vase,11560,38910
Museum Quality Fairy Lamp Clarke's Patent Edwardian Era,1450,3240
Antique Bidjar Iron Rug c.1800,13910,30000
Exquisite Zither Concert Model Antique c.1900,15070,43940
Remarkable Original Ferrari Owners Manual Edwardian Era,1860,5000
Atmos Clock Jaeger-LeCoultre Arts & Crafts Era,3030,6090
Monumental Chinese Export Silver Tea Caddy c.1840 As Found,6350,17240
Pristine Audemars Piguet Royal Oak c.1940,43170,63460
First Day Cover Collection 19th Century,9010,31270
Delicate Lafite Rothschild 1959,6850,19530
Select Boer War Medal Group Estate Fresh,8040,12980
Indian Mughal Miniature Painting,22300,55810
Provenance Tiffany Sterling Flatware Set Early 20th Century,2980,3910
Notable Diego Maradona Signed Shirt,8630,25240
Arts & Crafts Oak Settle c.1880,3850,11060
Ornate Georg Jensen Silver Pitcher,610,1040
Noh Theatre Mask,7870,16840
Important Sevres Porcelain Urn,19890,40000
Moorcroft Pomegranate Vase c.1860,5810,11110
Choice Imari Charger,1120,2440
Ornate Loetz Iridescent Art Glass Vase As Found,3290,11410
Authentic Mercedes Benz Star Emblem Vintage,960,1450
Superb Dorothea Lange Migrant Mother Print Unrestored,1900,5390
Ancient Map Folio Unrestored,16200,33770
Original Vintage Neon Beer Sign c.1960,7120,14360
Restored Apothecary Scale Marble Base c.1940,2840,5000
Exceptional Medieval English Groat c.1960,22620,49650
Vintage Hydrographic Chart Coastal Estate Fresh,4180,12000
Teddy Ruxpin Working Regency Period,1390,3020
Ship Figurehead Carved Late Victorian,6070,18000
Documented Stumpwork Embroidery Panel,4120,7550
Rare Medieval Broadsword,3200,4530
Gretsch White Falcon Guitar c.1970,27320,60000
Estate Carriage Clock Brass Repeating c.1880,4410,9870
Schiaparelli Shocking Pink Hat Mid-Century Recently Conserved,3040,9240
Published Fishing Creel Wicker Antique Post-War,4860,9260
Jesse Owens Olympic Photo Signed c.1800 Museum Deaccessioned,19480,50000
Late Persian Miniature Manuscript Page c.1840 As Found,22570,47100
Fine Bentley Flying B Mascot,1940,5000
Original Tin Robot Battery Operated Unrestored,7210,15000
Late Orrefors Crystal Vase Signed Early 20th Century,9450,25000
Original Audubon Birds Print As Found,14020,47880
Documented Ormolu Mounted Marble Urn,10640,25000
Late Girandole Mirror Candelabra c.1840,3380,11240
Restored Terracotta Statuette Estate Fresh,39630,59420
Published Mercury Dime Full Bands c.1880,23210,50850
Signed Chanel Tweed Jacket Vintage c.1840,15460,26200
Continental Khotan Silk Rug Empire Period As Found,14310,30000
Estate Brass Telescope Victorian,3320,6050
Important Concrete Brutalist Form c.1970 Estate Fresh,39110,80000
Certified Grueby Faience Tile,6240,13770
Notable France Ceres Issue Federal Period,13440,35770
Museum Quality Japanese Ukiyo-e Woodblock Print,4650,12000
Miniature Faberge Style Egg,1910,4600
Nintendo Entertainment System Boxed c.1840,9650,20370
Remarkable Robert Mapplethorpe Flower Print c.1820,1910,3740
Khmer Sandstone Apsara Relief,9090,11980
Waterford Crystal Decanter Set 18th Century,11710,25000
Late Ansel Adams Yosemite Print c.1900 Excellent Condition,6950,19560
Fine Resin Cast Figure c.1970,20770,54310
Exquisite Art Nouveau Silver Photo Frame c.1960,2380,7510
Distinguished Art Deco Automobile Mascot Arts & Crafts Era,2410,4900
Silhouette Portrait Collection c.1800,1420,2540
Restored Van Briggle Lorelei Vase c.1840,2120,5730
Bentley Flying B Mascot 19th Century,1650,2520
Magnificent Surrealist Dreamscape Excellent Condition,1560,4620
Joe DiMaggio Bat Game Used Belle Epoque With Provenance,8140,24820
Original Cartier Tank Art Deco Period,9020,19690
Antique Bible Leather Bound As Found,20100,33560
Ferrari Prancing Horse Badge Collection Museum Deaccessioned,240,580
Dunhill Leather Briefcase Arts & Crafts Era,12850,24320
Colonial Delft Tulip Vase,19420,40000
Signed Backgammon Set Leather Vintage Arts & Crafts Era,520,1340
Notable Tribal Caucasian Kazak Rug Mid-Century From Private Collection,8650,19260
Boer War Medal Group,4630,6360
Ornate Atari Jaguar Console Sealed,3180,10060
Provenance Enamel Dial Dress Watch,41940,64270
Bronze Figurine,37470,80000
Historic Thermometer Clinical Antique,3640,10990
Museum Quality Industrial Factory Pendant,4520,9180
Nepalese Bronze Deity Figure As Found,7910,23090
Art Deco Illustrated Novel Early 20th Century With Certificate,10250,25660
Monumental Cuckoo Clock Black Forest Unrestored,8620,18000
Authentic WWII Aviator Leather Jacket Art Deco Period,2010,4010
Penny Bank Mechanical,6470,10250
Psychedelic Rock Concert Poster Late Victorian,1870,4800
Grand Walker Evans FSA Print Art Nouveau Period,12500,30000
Documented Rookwood Art Pottery Vase,10060,29140
Estate Meccano Construction Set Vintage,360,560
Lanvin Art Deco Evening Bag c.1940,14460,35000
Unmatched Bobby Orr Signed Stick,1160,2220
Ornate Sinumbra Lamp Cut Glass Shade Early 20th Century,250,680
Hermes Birkin Bag c.1880,12590,32310
Grand Blancpain Fifty Fathoms Excellent Condition,15780,43030
Period Sepik River Ancestor Figure c.1950 From Private Collection,2400,6320
Fine Mobil Pegasus Neon Sign c.1840,1790,5000
Scarce Military Campaign Map Napoleonic c.1960,4420,12000
Notable Pointillist Seascape c.1840 With Certificate,59550,150000
Authentic Korean Celadon Bowl 19th Century,29340,42860
Premier Beadwork Purse Victorian Late Victorian With Provenance,12300,23670
Imogen Cunningham Magnolia Print c.1940 Unrestored,1970,5920
Choice Tlingit Chilkat Blanket Federal Period,2180,6930
Continental Ship Figurehead Carved,3560,11880
Historic Baccarat Crystal Wine Glasses,11900,25000
Venini Glass Pendant Light c.1900 Unrestored,3320,10110
Important Victorian Silver Toast Rack,800,2540
Indian Head Gold Eagle c.1970,26880,66570
Exquisite 17th Century World Map As Found,3960,11560
Restored Tower Clock Movement Antique Post-War,3160,10200
Vintage Zuni Fetish Carving Collection With Certificate,8470,12720
Continental Limestone Garden Balustrade c.1940,7210,15000
Monumental Sega Genesis Console Boxed,3250,8010
Restored Dumbwaiter Tiered Stand Regency Period From Private Collection,10470,25000
Venetian Lattimo Glass Bowl As Found,8020,14890
Antique Arts & Crafts Mica Shade Lamp c.1840,4240,7880
Provenance Vintage Fly Fishing Rod Hardy,4210,12000
Published Fresco Fragment 19th Century,34020,113030
Garden Fountain Tiered Stone c.1880,4700,10580
Pristine Psychedelic Rock Concert Poster c.1820,2810,9520
Early Antique Sapphire Earrings c.1860,33880,54470
Superb F. Scott Fitzgerald Signed Copy Regency Period,18970,49620
Versace Medusa Evening Gown With Certificate,14360,20760
Fine Ortelius Theatrum Orbis Page c.1910,2760,9380
British Guiana One Cent Magenta Edwardian Era From Private Collection,3200,10960
Published Tortoiseshell Tea Caddy Early 20th Century,1860,5090
Boxing Gloves Vintage Leather c.1820 Good Condition,1340,3250
Dalmore 50 Year Single Malt,7580,21650
Unique Weller Sicard Vase,19580,29670
Trade Dollar Proof,7110,18290
Qashqai Tribal Bag,9260,24160
Superb Zuni Fetish Carving Collection c.1960,7050,17350
Continental Art Deco Mantel Clock c.1920,1810,4600
Kosta Boda Art Glass Bowl,9180,19320
Restored Leica M3 Camera Body,5640,10170
Historic Bottega Veneta Clutch,7080,12020
Museum Quality Cuckoo Clock Black Forest,1860,2410
Matched Pairpoint Puffy Boudoir Lamp,1940,3120
Art Deco Automobile Mascot Federal Period Recently Conserved,1710,4810
Signed Dickens Volume,9140,27270
Late Agatha Christie Signed First Edition Mid-Century,11430,30210
Provenance Hooked Rug Floral Design,8400,12460
Whale Oil Lamp Antique,5010,15290
Provenance James Joyce Ulysses 1st Ed c.1940,20250,50000
Tribal Caucasian Kazak Rug Early 20th Century,6070,19730
Rare Secretariat Derby Photo Early 20th Century,5110,11580
Surveyor's Transit Brass Regency Period,260,380
Vintage Croquet Set Complete Post-War,4410,5970
Bakelite Telephone Rotary,7460,16230
Matched Pembroke Drop-Leaf Table c.1930,6210,14070
Published Seiko Grand Seiko Spring Drive Arts & Crafts Era,35590,120000
Authentic Purdey Side by Side Shotgun,2540,4060
Magnifying Glass Sterling Handle,6350,15000
Signed Czech Art Glass Sculpture,6900,10410
Pristine WWII Aviator Leather Jacket From Private Collection,1330,2530
Important Longcase Grandfather Clock,1380,1830
Lee Friedlander Street Print Federal Period Excellent Condition,4570,11700
Exhibited Cuckoo Clock Black Forest Museum Deaccessioned,7500,17800
Delicate Van Briggle Lorelei Vase c.1780,5160,14460
Documented Resin Cast Figure c.1860 Unrestored,29400,63090
Compass Surveyor's Brass Arts & Crafts Era,4810,15000
Exceptional 1985 Sassicaia c.1860,11860,25000
Rare Luminist Harbor View c.1960,44420,150000
Early Isfahan Silk Rug c.1920 As Found,6050,14180
Estate Louis XVI Commode Museum Deaccessioned,2960,7400
Exquisite Wheel Barometer Rosewood Museum Deaccessioned,4410,15140
Cinderella Stamp Album c.1800,18060,28130
Shaker Oval Box Nested Set c.1950,6030,16660
Museum Quality Beatles Concert Poster Original c.1970 With Certificate,170,280
Restored Chopard Alpine Eagle Belle Epoque,38450,112250
Incunabulum Leaf 1480s 18th Century,10370,15200
Signed Roman Legionary Helmet Replica Edwardian Era,4080,10310
Museum Quality Sterling Silver Cigar Box,4070,9710
Late Tang Dynasty Horse Figure,9150,15370
Vintage Tube Amplifier,5350,11440
Matched Newel Post Cap Bronze With Certificate,2480,5680
Estate Diego Maradona Signed Shirt Post-War,3760,8490
Unique Noh Theatre Mask c.1800,3560,10600
Important Geological Survey Map Victorian Recently Conserved,4130,7630
Medieval English Groat,2060,6970
Tiffany Wisteria Table Lamp Belle Epoque,2330,7550
Provenance Tavern Sign Iron Bracket c.1800,2960,4060
Unmatched Decoy Shorebird Carved Late Victorian,230,350
French Foreign Legion Kepi Art Deco Period,2810,7600
Chanel Tweed Jacket Vintage,15450,31910
Museum Quality Lanvin Art Deco Evening Bag c.1840,14280,24040
Rare Cinderella Stamp Album c.1820 From Private Collection,21020,44130
Medieval Broadsword c.1970 From Private Collection,1580,2740
Attributed Sultanabad Mahal Carpet c.1930,10630,13860
1985 Sassicaia,2030,6200
Mid-Century Arco Floor Lamp,7400,20000
Late Versace Medusa Evening Gown c.1960,15810,30830
Grand Antique Wrought Iron Chandelier,880,2560
Confederate States Collection Georgian Period With Provenance,11170,24300
Vintage Korean War Dog Tags,7350,20000
Important Suzani Embroidered Textile,760,1860
Provenance Vintage Fly Fishing Rod Hardy Empire Period Estate Fresh,2850,7130
Yves Saint Laurent Le Smoking Jacket Good Condition,12380,35000
Ornate Chinese Cash Coin Collection c.1840,13600,18820
Exquisite Victorian Porch Brackets Pair Belle Epoque From Private Collection,7140,15000
Art Deco Illustrated Novel,5060,14430
Unmatched Opus One Vertical Collection,8020,14970
Error Stamp Collection c.1900 As Found,20900,50000
Provenance Turquoise Silver Cuff 19th Century,27470,46980
Fine Gouache Street Scene c.1880,46540,82880
Kilim Flatweave Runner Good Condition,9320,14240
Unique Isfahan Silk Rug Edwardian Era With Certificate,8410,27100
Andreas Gursky Rhine II Print With Provenance,3210,9800
Certified Louis XIII Cognac Baccarat Decanter c.1900,1880,3110
Late Marble Bust Mid-Century,34150,51460
Notable Indian Mughal Miniature Painting c.1820,5830,11000
Pristine Impressionist Garden Scene c.1970 Good Condition,45140,77920
Taper Stick Silver Georgian c.1900,8960,20000
Oversized Walker Evans FSA Print,12700,27700
Period French Foreign Legion Kepi c.1820 With Certificate,8940,20000
Magnificent Krug Collection 1988,230,340
Exhibited Meissen Porcelain Figurine,2630,6880
Historic Aneroid Barometer Victorian Good Condition,5500,12760
Superb Carved Limestone Angel 19th Century Recently Conserved,14740,23070
Authentic Baluch Prayer Rug c.1900,850,1330
Remarkable Matchbox Lesney Collection,930,2240
Matched Ludwig Vistalite Drum Kit,14260,18760
Hunting Horn Silver Mounted c.1820 Estate Fresh,5190,12000
Delicate GI Joe Prototype Belle Epoque,820,1150
Monumental Chinese Scroll Painting Landscape Federal Period Unrestored,14380,37760
Authentic Incunabulum Leaf 1480s Modernist Period,2000,2650
Important Zulu War Assegai Spear,3410,6400
Limoges Enamel Box Collection Modernist Period,2120,3300
Opus One Vertical Collection,11260,25000
Restored Matchbox Lesney Collection,5230,14450
Fraktur Pennsylvania German,8640,18000
Pristine Silver Gilt Wine Cooler Empire Period,7000,10830
Miniature 1794 Flowing Hair Dollar 19th Century,22340,36720
Enamel Dial Dress Watch,44450,120000
Published Diane Arbus Twins Print,8510,11440
Late Standing Liberty Quarter,23510,33590
Estate Khmer Sandstone Apsara Relief c.1900,4620,9000
Aviation Chart WWII Pacific,5820,12000
Restored Garry Winogrand Airport Print Georgian Period,4150,7250
Early Pocket Globe George III Era Arts & Crafts Era,1240,2440
Remarkable Vintage Gucci Bamboo Bag c.1940,1160,3480
Provenance Cape of Good Hope Triangular c.1970,9440,20660
Pristine Japanese Tea Ceremony Kettle Modernist Period,11420,19750
Delicate Steinway Model B Grand Piano c.1820 Good Condition,29690,60000
Slide Rule Collection Edwardian Era With Certificate,11550,30000
Choice Maori Carved Tiki Figure,18060,40000
Published Mark Twain Signed Manuscript Page,13980,35060
Grand Whale Oil Lamp Antique Mid-Century Estate Fresh,2750,7470
Miniature Leica M3 Camera Body,6920,13150
Provenance Tansu Japanese Step Chest c.1940 As Found,12250,25000
Filigree Silver Brooch Arts & Crafts Era,27340,50100
Scarce American Coin Silver Spoons,8950,19410
Select Matchbox Lesney Collection Modernist Period,3770,7980
Zither Concert Model Antique Estate Fresh,28370,60000
Outstanding Standing Liberty Quarter Late Victorian As Found,39640,65980
Restored Easter Island Moai Replica Estate Fresh,11910,31750
Museum Quality Haida Argillite Carving Edwardian Era,10860,33380
Lionel Standard Gauge Train Mid-Century,6270,15000
Emilio Pucci Palazzo Pants c.1860,480,690
Quilt Log Cabin Pattern c.1780 Excellent Condition,2600,7980
Estate Transformers G1 Optimus Prime Early 20th Century From Private Collection,5870,15000
Ornate Resin Cast Figure Art Deco Period With Provenance,39670,80000
Unique Cigar Store Indian Figure 19th Century,2820,9600
Circus Poster Barnum Bailey Art Nouveau Period Recently Conserved,960,1730
Madame Gres Draped Gown Modernist Period,4500,14980
Late Fencing Foil Set Antique Georgian Period,520,1560
Antique Fender Stratocaster 1962 From Private Collection,17300,60000
Ukulele Martin Style 5K,6410,12780
Fine Jackie Robinson Dodgers Cap c.1880 Good Condition,17540,44990
Superb Reclaimed Stained Glass Window Good Condition,2820,7920
Microscope Brass Compound,1200,1970
Important Penfolds Grange 1971,4660,9150
Certified Regency Silver Sauce Boat,7310,20000
Longines Heritage Diver,25040,32660
Fine Vietnamese Ceramic Bowl Post-War,8620,16970
Corgi Batmobile Original Box Arts & Crafts Era,3360,5160
Colonial 1804 Draped Bust Dollar c.1860,31070,95780
Oversized Bidjar Iron Rug Post-War,8230,26720
Late Aston Martin Wings Badge Mid-Century Good Condition,440,1000
Vintage Hermes Kelly Bag c.1820 Unrestored,15090,21140
Superb Korean Celadon Bowl c.1800 From Private Collection,22970,60000
Super Bowl I Program,16070,50000
Balloon Clock Edwardian Mid-Century Museum Deaccessioned,6900,18000
Delicate Hair Art Memorial Wreath Unrestored,360,1240
Important Rolex Submariner,25710,80880
Monumental Dutch Marquetry Cabinet c.1910,5040,8930
Choice Bing Clockwork Boat Mid-Century From Private Collection,4540,12180
Signed Girard-Perregaux Laureato,49650,69890
Historic Marble Bust 19th Century,2430,7580
Outstanding Newel Post Cap Bronze c.1930,6100,11580
Standing Liberty Quarter Post-War,38160,100000
Ornate Orrefors Crystal Vase Signed c.1920,10080,13880
Antique Sheraton Card Table Empire Period,8790,16450
Kafka Metamorphosis 1st Ed c.1800 Good Condition,11380,16270
Dobro Resonator Guitar Vintage Early 20th Century,29050,44960
Provenance Irish Silver Sugar Bowl c.1940,3180,7920
Rare Buffalo Nickel Proof Art Deco Period,7540,10920
Restored Carnival Glass Punch Bowl Set,8030,15860
Matched Tribal Caucasian Kazak Rug Art Deco Period Good Condition,7840,27160
Yamazaki 18 Year Japanese Whisky c.1860,990,1590
Flemish Verdure Tapestry c.1960,10150,17570
Important Post-Impressionist Cityscape c.1920,7870,16960
Pocket Globe George III Era,340,910
Vintage Edwardian Silver Card Case Good Condition,5540,10470
Distinguished Barbie #1 Original 1959 Unrestored,6420,15000
Restored Durand Pulled Feather Vase,9260,16550
Scarce Windsor Writing Arm Chair c.1970 With Certificate,8960,22780
Period Kilim Flatweave Runner Art Nouveau Period,5870,9540
Scarce Bakelite Telephone Rotary,5680,19780
Hall Tree Coat Stand Late Victorian,3260,7320
Ashcan School Street Scene c.1920,10620,22440
Kosta Boda Art Glass Bowl c.1800,6870,17360
Matched US Airmail Stamp Collection,22330,50000
Shaker Oval Box Nested Set,350,730
Secretariat Derby Photo c.1900,1380,2250
Castrol Oil Can Collection Belle Epoque,1630,4690
Remarkable Silk Route Trade Map Reproduction With Provenance,3750,8720
Restored Girard-Perregaux Laureato Good Condition,38920,120000
Superb Architectural Salvage Column Pair Federal Period,5880,12280
Webb Cameo Glass Vase,6860,11560
Diego Maradona Signed Shirt c.1910,6600,20070
Herend Figurine Hand Painted c.1820,7090,21670
Choice Murano Glass Chandelier 12 Arm,7830,20000
Hublot Big Bang,18890,42140
1961 Chateau Latour,11760,20430
Monumental Soumak Flatweave Bag c.1950,7970,18410
Rare Zeppelin Mail Cover,24310,37870
Estate French Foreign Legion Kepi c.1880,2280,2980
Cigar Store Indian Figure With Certificate,3960,13250
Exceptional Proof Silver Eagle Set,43140,57610
Early Zulu War Assegai Spear c.1920 Museum Deaccessioned,1730,3050
Miniature Sony Walkman TPS-L2 Original,4680,10680
Distinguished Stainless Steel Modern Piece,25000,69850
Period Mandolin Gibson F-5 Lloyd Loar Recently Conserved,9560,25610
Cameo Shell Brooch Edwardian Era With Provenance,13700,36290
Grand Sevres Porcelain Urn Excellent Condition,14440,30780
Byzantine Gold Solidus Excellent Condition,29180,83060
Museum Quality Art Deco Diamond Ring c.1780,15370,39170
Distinguished Joel Meyerowitz Cape Light Print Federal Period Museum Deaccessioned,1830,4150
Distinguished Baluch Prayer Rug,260,460
Antique Holland & Holland Double Rifle,2280,5450
Tavern Clock Act of Parliament Mid-Century,6750,18000
Ancient Roman Aureus,22960,41170
Provincial Labradorite Pendant Recently Conserved,5570,11540
Oversized Commodore 64 Complete System c.1780 With Certificate,7460,11640
Documented Mexican Sterling Serving Tray c.1930,7380,10960
Skeleton Clock Victorian,7130,12020
Early Wheel Barometer Rosewood,8460,12600
Rare Vacheron Constantin Patrimony c.1910,12070,22960
Codex Fragment Medieval,14330,33940
Hofner 500/1 Bass Guitar Mid-Century Estate Fresh,12180,40860
Delicate Garden Fountain Tiered Stone Belle Epoque,5630,12180
Museum Quality Colonial Blanket Chest,10090,15030
Vintage Stradivarius Violin Copy,25310,58990
Moorcroft Pomegranate Vase c.1880,14100,36960
Distinguished Porsche Enamel Dealer Sign,1170,1760
Historic Native American Kachina Doll,8370,20800
F. Scott Fitzgerald Signed Copy c.1960 With Provenance,18170,29970
Premier Dunhill Leather Briefcase c.1780,4820,12930
Notable Art Deco Travel Poster Paris From Private Collection,2420,4520
Tang Dynasty Horse Figure,8750,12110
Delicate Louis XIII Cognac Baccarat Decanter c.1960,12140,25000
Nantucket Lightship Basket c.1950,2380,3690
Provincial Aubusson Tapestry Panel c.1950,3620,9950
Distinguished Slide Rule Collection Good Condition,4090,13700
Antique Victorian Garden Bench Iron,610,810
Antique Onyx Decorative Figure Mid-Century With Provenance,1570,4200
Delicate Inverted Jenny Stamp Art Nouveau Period Excellent Condition,13160,36980
Commodore 64 Complete System With Certificate,5530,14450
Exquisite Nantucket Lightship Basket Late Victorian,700,1620
Premier Cassandre Normandie Poster,2070,6970
Important City Plan Paris 1750 c.1840,2090,6990
Colonial Signed Einstein Letter c.1820,21580,39560
Historic Madame Gres Draped Gown Late Victorian,4240,8440
Exhibited Silver Mounted Cut Glass Claret Jug,3590,4870
Rare Ancient Map Folio Modernist Period,18120,25330
Matched Copper Patina Sculpture Mid-Century Recently Conserved,25610,40150
Select Antique Tennis Racket Georgian Period,1880,3510
Early Polynesian Tapa Cloth Museum Deaccessioned,2270,5140
Signed Robert Mapplethorpe Flower Print,9120,15530
Provenance Whittled Walking Cane Georgian Period,140,280
Provenance Whittled Walking Cane Empire Period,4440,12060
Outstanding Steering Wheel Nardi Wood,590,1550
Exceptional Estate Survey Map Colonial c.1970,4410,12000
Quilt Log Cabin Pattern Empire Period,5930,14800
Matched Fresco Fragment,59800,150000
Hot Wheels Redline Collection c.1960 Unrestored,5880,9040
Limestone Garden Balustrade c.1970,3360,6580
Corbel Carved Wood Victorian c.1970 Unrestored,6610,15000
Remarkable Hank Aaron Home Run Ball,10650,19900
Exhibited Regency Silver Sauce Boat Excellent Condition,7160,10520
Signed Whirligig Carved Sailor,4310,10130
Pristine Chronometer Marine Deck c.1900,3520,9550
Colonial City Plan Paris 1750 Georgian Period With Provenance,5960,12000
Pristine Tolkien Hobbit 1st Ed From Private Collection,24050,50000
Restored Victorian Porch Brackets Pair Arts & Crafts Era,6780,15000
Premier Thermometer Clinical Antique,630,1210
Delicate Saint Louis Crystal Goblet Set c.1900,2840,3960
Exquisite Charcoal Cityscape Drawing c.1970,9970,16770
Choice Richard Avedon Portrait Print c.1780,14130,30000
Grand Paul Revere Silver Bowl Arts & Crafts Era,7370,20000
Loetz Iridescent Art Glass Vase 19th Century Estate Fresh,7340,11600
Exquisite Steinway Model B Grand Piano,29630,60000
Choice Antique Brass Door Hardware Set c.1920,2750,9020
Continental Native American Kachina Doll,3850,6320
Colonial Sailor Valentine Shell Art c.1910 Excellent Condition,6940,16520
Miniature Cast Iron Garden Sculpture c.1780,17740,30260
Original Olympic Games Poster Collection,4140,8420
Provincial Ashanti Gold Weight Bronze Federal Period,8160,15840
Authentic Labradorite Pendant Post-War Estate Fresh,17840,23940
Hydrographic Chart Coastal Edwardian Era,4680,6920
Notable Art Deco Travel Poster Paris Unrestored,2000,6970
Original Ferrari Owners Manual With Certificate,2380,4760
Monumental Confederate Currency Note With Provenance,44200,68590
Fine Boucheron Gold Cuff Arts & Crafts Era,1310,2950
Val Saint Lambert Vase Art Deco Period,3730,4950
Estate Larry Bird Game Worn Sneakers,3730,7710
Delicate Ancient Map Folio c.1950,6360,14830
City Plan Paris 1750 Museum Deaccessioned,550,1630
Exceptional Renaissance Revival Armoire,4400,8260
Sweden Treskilling Yellow Estate Fresh,16790,30110
Original Japanese Lacquer Writing Box c.1940,29720,60000
Provenance Cabochon Emerald Brooch Recently Conserved,26590,64030
Remarkable Aboriginal Boomerang Carved Post-War,2820,8850
Monumental Silhouette Portrait Collection c.1800 Recently Conserved,1750,3790
Documented Grueby Faience Tile c.1910,3260,7770
Vintage 1990 Screaming Eagle Cabernet c.1860,4280,14250
Choice Hammond B3 Organ From Private Collection,6130,12220
Bronze Figurine Art Deco Period,7480,22240
Period Atmos Clock Jaeger-LeCoultre Regency Period With Provenance,3710,8180
Diamond Riviere Necklace Regency Period,7790,14870
Pristine Spanish Doubloon c.1820 Estate Fresh,42530,74780
Choice Audubon Birds Print,2520,7530
Published US Airmail Stamp Collection 18th Century Recently Conserved,4290,10570
Remarkable Boucheron Gold Cuff,37140,75000
Polo Mallet Collection 19th Century,150,310
Reclaimed Church Doors Oak Unrestored,1170,4030
Unmatched Cappiello Campari Poster,2700,4440
Continental Chanel Tweed Jacket Vintage,9950,20140
Fine Joe DiMaggio Bat Game Used c.1970,23140,37720
Scarce Teddy Ruxpin Working With Certificate,2040,4920
Night Clock Oil Lamp Italian Recently Conserved,3410,10660
Jade Bangle Bracelet c.1910,21830,67140
Magnificent Stumpwork Embroidery Panel Modernist Period,400,1100
Matched Carved Stone Gargoyle Federal Period,2100,5100
Monumental Finial Cast Iron Roof Georgian Period,2260,3900
Newcomb College Vase Modernist Period,14770,33590
Magnificent Oushak Wool Carpet Late Victorian,14270,23550
Vintage Pocket Globe George III Era,3780,11910
Unmatched Georg Jensen Silver Pitcher,7420,16260
Documented Atari Jaguar Console Sealed,1730,3080
Restored Wedgwood Jasperware Plaque,2230,4320
Distinguished Hooked Rug Floral Design c.1910,3640,7180
Rare Multi-Strand Pearl Choker,11390,37790
Miniature Waterford Crystal Decanter Set c.1960,1700,3690
Louis XVI Commode Belle Epoque,5840,13730
Grand Delft Tulip Vase With Provenance,450,790
Oversized Steering Wheel Nardi Wood Art Nouveau Period Unrestored,2440,5000
Unmatched Mandolin Gibson F-5 Lloyd Loar Unrestored,5330,12690
McIntosh MC275 Amplifier,9810,24210
Period Terrestrial Library Globe 18th C,3000,8610
Signed Cadastral Survey Map Antique,5530,12000
Exhibited Ashanti Gold Weight Bronze Recently Conserved,18500,25130
Admiralty Chart British Navy Late Victorian,2130,3050
Provenance Czech Art Glass Sculpture Late Victorian,5030,12360
Sevres Porcelain Clock Garniture,2430,4710
Early Georgian Silver Candlestick Pair Recently Conserved,6020,19300
Confederate Currency Note,7520,19110
Mercedes Benz Star Emblem Vintage,2440,5000
Documented Partner's Desk Leather Top Estate Fresh,1380,1940
Oversized Shaker Oval Box Nested Set,620,1600
Restored 1952 Topps Mickey Mantle Card,830,2130
Colonial Civil War Letters Collection Good Condition,180,360
Provenance Japanese Lacquer Writing Box,1420,2370
Certified Carved Oak Church Pew,11420,21820
Exceptional Industrial Factory Pendant c.1820 Good Condition,5580,9340
Desert Storm Challenge Coin Set Empire Period,1710,4160
WWI Trench Art Vase c.1780,9170,20000
Rare Celtic Harp Hand Carved,20950,60000
Jesse Owens Olympic Photo Signed Modernist Period Recently Conserved,19970,28140
Continental Carousel Horse Carved Wood,6650,17240
Bronze Figurine Good Condition,39340,80000
Colonial Perfin Stamp Collection Good Condition,15930,45220
Superb Topaz Chandelier Earrings 18th Century,6240,20050
Cookie Board Springerle,5530,7990
Macallan 25 Year Single Malt,8080,12380
Historic Chrysoprase Brooch Federal Period,12070,27600
Colonial Larry Bird Game Worn Sneakers c.1900 Estate Fresh,4570,9870
Silver Gilt Wine Cooler Museum Deaccessioned,4940,7040
Atari 2600 Console Boxed Edwardian Era,9140,29840
Astronomical Regulator Clock Modernist Period Unrestored,7540,18000
French Empire Crystal Chandelier,2470,4490
Unmatched Tachisme Drip Painting c.1930,44990,76830
Exhibited Regency Dining Table Late Victorian,1690,3540
Period Limestone Garden Balustrade Art Nouveau Period,4150,12840
Estate Double Eagle $20 Gold Coin,22730,65600
Tramp Art Frame Layered Museum Deaccessioned,1030,2520
Circus Poster Barnum Bailey c.1780 Good Condition,1160,1720
Van Briggle Lorelei Vase,7510,13440
Rare French Empire Crystal Chandelier,3750,8770
Level Spirit Brass Surveyor,3710,9810
Documented Theremin RCA Original c.1970,17120,27230
Attributed Dunhill Leather Briefcase c.1780,7860,12020
Exquisite Sporting Gun Cabinet Oak,5570,12000
Terracotta Statuette Mid-Century,9640,12810
Pristine Art Deco Automobile Mascot c.1930 With Certificate,930,1900
Faberge Style Egg Mid-Century,1560,4760
Unmatched Astrolabe Reproduction c.1820,450,1320
Exceptional Roseville Sunflower Vase 18th Century,3120,4880
Choice Persian Tabriz Silk Rug Empire Period,7450,22150
Magnificent Sailor Valentine Shell Art With Certificate,7990,18000
Matched Seated Liberty Half Dollar,31650,100000
Outstanding Plaster Maquette With Provenance,27420,56070
Continental Sextant Ebony Frame Unrestored,5050,15000
Aboriginal Dot Painting Canvas Mid-Century Good Condition,9580,14390
Superb Colonial Blanket Chest c.1970,240,650
Late Orrefors Crystal Vase Signed Art Deco Period As Found,180,310
Gandhara Stone Buddha Head,27300,60000
Premier Bugatti Radiator Cap,1290,3610
Buccellati Silver Bowl,9580,20000
Pristine Equestrian Saddle Vintage English c.1780,5220,9900
Delicate Hair Art Memorial Wreath Edwardian Era,3620,6550
Magnificent 1961 Chateau Latour c.1860 Good Condition,2320,7760
Matched Nintendo Game Boy Sealed,660,1720
Historic AA Badge Chrome Collection,2100,5000
Restored Kutani Porcelain Plate,7780,20100
Ornate Revolutionary War Musket With Provenance,9180,20000
Magnificent Ashanti Gold Weight Bronze,8550,23090
Ornate F. Scott Fitzgerald Signed Copy c.1970,8940,16030
Attributed Tanzanite Tennis Bracelet c.1900,26060,40230
Provincial Louis Vuitton Trunk Antique Art Deco Period With Provenance,6040,14140
Remarkable Porcupine Quill Box,4510,9550
Estate Globe Celestial Miniature,4930,12750
Notable Tiffany Dragonfly Table Lamp,2560,7540
Fine Stradivarius Violin Copy,8390,20720
Museum Quality Tiffany Sterling Flatware Set Art Nouveau Period,5710,18440
Colonial Steiff Teddy Bear 1905 c.1970 From Private Collection,3980,11840
Alfred Stieglitz Equivalent Print,13010,30000
Pastel Nude Study,38630,120700
Colonial Arts & Crafts Oak Settle,3080,5960
Matched Victorian Emerald Brooch,34640,58880
Hans Coper Spade Form Excellent Condition,11390,14980
Stradivarius Violin Copy As Found,13100,26330
Historic Henri Cartier-Bresson Gelatin Print Unrestored,2260,7540
Whittled Walking Cane Arts & Crafts Era,350,1210
Distinguished Daum Nancy Pate de Verre c.1800,9240,18770
Vintage Mdina Glass Paperweight c.1960 Recently Conserved,4970,13800
Ornate Vintage Neon Beer Sign Federal Period Good Condition,3480,11230
Rare Partner's Desk Leather Top c.1800 Good Condition,10090,25000
Unique Flemish Verdure Tapestry Mid-Century Recently Conserved,12430,24200
Scarce Cheval Mirror Mahogany Modernist Period With Certificate,11100,18840
Monumental Digital LED Watch 1970s With Provenance,40240,119710
Fine Wedgwood Jasperware Plaque Post-War,18020,40000
Continental Astrolabe Reproduction c.1910 Excellent Condition,4500,8050
Published Bing Clockwork Boat,1500,3860
Japanese Woodblock Print Hokusai,11420,39670
Historic Bakelite Telephone Rotary c.1960 Excellent Condition,12510,30000
Superb Rolleiflex TLR Camera,12080,30000
Authentic Error Stamp Collection,2360,4210
Continental Betty Lamp Iron Colonial c.1840 Excellent Condition,9960,19640
Important Auto Racing Trophy 1960s Late Victorian As Found,590,1510
Certified Kilim Flatweave Runner c.1880 As Found,1350,4170
Important Pairpoint Puffy Boudoir Lamp Edwardian Era,5120,10050
Late Trade Dollar Proof c.1940,640,1930
Japanese Koban Gold Modernist Period Recently Conserved,4000,8900
Boulle Marquetry Bracket Clock Museum Deaccessioned,11710,25000
Antique Tavern Clock Act of Parliament c.1900,1080,3210
Distinguished Girandole Mirror Candelabra,1200,2700
Pristine Nintendo Game Boy Sealed Edwardian Era,700,2360
Jade Carving,1050,2940
Restored Victorian Cast Iron Gate c.1900 With Certificate,3580,4960
Khmer Sandstone Apsara Relief c.1910 Estate Fresh,7680,26120
Oversized Rare Single Barrel Rye Whiskey Art Deco Period,9360,25000
Persian Tabriz Silk Rug Unrestored,2590,8210
Superb Blancpain Fifty Fathoms Recently Conserved,7700,24910
Early Bessarabian Floral Kilim Art Deco Period As Found,12520,29430
US Airmail Stamp Collection c.1820,4260,6160
Morgan Silver Dollar BU c.1960 With Provenance,10840,33580
Choice Post-Impressionist Cityscape,33530,99780
Premier Amber Drop Earrings,9270,16320
Scarce Raku Tea Ceremony Bowl Post-War,1610,5580
Colonial Sheraton Card Table Federal Period,7550,17390
Colonial Moog Minimoog Synthesizer c.1920 Unrestored,23640,60000
Exceptional Fender Stratocaster 1962 Edwardian Era,5910,8120
Exhibited Brass Telescope Victorian Arts & Crafts Era,3920,5770
Matched Steiff Teddy Bear 1905 c.1920 As Found,4510,6020
Colonial Hennessy Paradis Imperial c.1970,12380,23660
Imari Charger Museum Deaccessioned,4740,11360
Ornate Estate Survey Map Colonial c.1820,5220,12000
Continental Longines Heritage Diver c.1780 Recently Conserved,54490,120000
Colonial Mauritius Post Office Stamp Late Victorian,19590,41260
Cookie Board Springerle Late Victorian,7350,18000
1804 Draped Bust Dollar Early 20th Century From Private Collection,1360,1950
Premier Skeleton Clock Victorian,8370,18000
Published Mainbocher Evening Dress,4440,6640
Ornate Stumpwork Embroidery Panel,7030,10360
Monumental GI Joe Prototype Unrestored,6360,14590
Restored Vintage Ferragamo Pumps 19th Century,3620,9820
Magnificent Super Bowl I Program c.1820 Recently Conserved,16960,26150
Documented Civil War Letters Collection Good Condition,17980,50000
Distinguished Miniature Portrait on Ivory c.1860,8910,14190
Unique UN First Issues Collection With Certificate,16000,25530
Ornate Kosta Boda Art Glass Bowl 18th Century,890,2980
Venetian Lattimo Glass Bowl c.1930,1940,2800
Historic Seiko Grand Seiko Spring Drive c.1910,54040,101950
Remarkable Edwardian Silver Card Case,370,660
Museum Quality Castrol Oil Can Collection Modernist Period From Private Collection,1860,3470
Vintage Inverted Jenny Stamp 18th Century,14520,41380
Exceptional Swiss Cantonal Issue,16470,44660
Superb Leather Gun Case Victorian,1420,4860
Olympic Gold Medal Replica,14660,36420
Premier Dulcimer Appalachian Mountain,18050,37170
Attributed Brass Telescope Victorian,7090,14120
Rolleiflex TLR Camera,4530,12110
Estate Matchbox Lesney Collection c.1860 Good Condition,380,1280
Kneehole Desk Georgian c.1800 Unrestored,6000,8990
Miniature Zulu War Assegai Spear Art Nouveau Period,7280,17980
American Coin Silver Spoons Mid-Century,2270,7210
Delicate Silver Mounted Cut Glass Claret Jug 19th Century With Certificate,4600,6520
Original Beadwork Purse Victorian,2800,3700
Ornate Victorian Gas Wall Sconce Pair Unrestored,8220,18700
Select Proof Silver Eagle Set Art Nouveau Period From Private Collection,40640,100000
Important Native American Kachina Doll Mid-Century,7040,11780
Unmatched Sultanabad Mahal Carpet From Private Collection,5630,17360
Late Antique Wrought Iron Chandelier Late Victorian With Provenance,4630,15000
Notable China Red Revenue Stamp c.1900,23360,40180
Provenance Fishing Creel Wicker Antique,5680,11360
Remarkable Antique Fireplace Mantel Marble c.1820,80,260
Ornate Joe DiMaggio Bat Game Used With Provenance,9250,27370
Tiffany Dragonfly Table Lamp Modernist Period With Certificate,4070,11790
Important Depression Glass Collection c.1780,4450,13550
Grand Portolan Chart Mediterranean,1660,5480
Matched Diamond Riviere Necklace Post-War,19260,54870
Saint Louis Crystal Goblet Set c.1780,6410,10840
Premier Sega Genesis Console Boxed,4600,14730
Venini Glass Pendant Light Art Nouveau Period,1910,3930
Carousel Horse Carved Wood,1430,3450
Estate Baroque Religious Painting,36600,83930
Select Steiff Teddy Bear 1905 18th Century Good Condition,3740,9600
Exceptional Sheffield Plate Epergne,7560,16190
Ferrari Prancing Horse Badge Collection Unrestored,2050,5000
Attributed Balenciaga Couture Gown Art Nouveau Period,6650,8970
Signed Balloon Clock Edwardian c.1970 Good Condition,800,1120
Superb Arts & Crafts Mica Shade Lamp,940,3060
Miniature Signed Einstein Letter Arts & Crafts Era,6270,9430
Atmos Clock Jaeger-LeCoultre,3840,9230
Remarkable Olmec Jade Mask Fragment,1740,5140
Rare Seed Pearl Collar Necklace Empire Period,35540,63910
Delicate Baccarat Crystal Wine Glasses Mid-Century,10020,25000
Period Suzani Embroidered Textile,10660,30000
Period Error Stamp Collection c.1780,240,750
Blaeu Wall Map c.1880,2440,3890
Vernis Martin Vitrine Display Case,8690,21710
Fine Shakespeare First Folio Page Art Deco Period,19140,50000
Period Sultanabad Mahal Carpet,9200,16560
Scarce Raku Tea Ceremony Bowl Post-War Museum Deaccessioned,16180,25640
Certified Meccano Construction Set Vintage,740,2510
WWII German Binoculars c.1940,1010,1970
Bakhtiari Garden Design Rug With Certificate,9390,27400
Soapstone Animal Carving c.1960,27960,80000
Notable Digital LED Watch 1970s Early 20th Century With Certificate,21000,60940
Historic Girard-Perregaux Laureato Edwardian Era,55030,115210
Scarce Indian Head Gold Eagle Arts & Crafts Era Excellent Condition,40190,100000
Auto Racing Trophy 1960s c.1840,2430,5000
Published Fraktur Pennsylvania German Arts & Crafts Era,5720,10280
Grand Polaroid SX-70 Camera Unrestored,8560,13160
Grand Barograph Recording Aneroid,5690,15000
Archery Bow Yew Longbow Empire Period,950,2190
Superb Schuco Micro Racer c.1910,4260,14510
Rare Yquem Sauternes 1967 c.1900,3540,11340
Lewis & Clark Expedition Map,790,1780
Fine Beatles Concert Poster Original Georgian Period,5070,12000
Published Alphonse Mucha Art Nouveau Print c.1780,2930,4710
Fine Stone Lion Garden Statue Pair Arts & Crafts Era,2290,6560
Whale Oil Lamp Antique Early 20th Century Museum Deaccessioned,3430,7460
Attributed Victorian Silver Toast Rack c.1950 Good Condition,7900,20000
Grand Falconry Hood Leather Antique c.1960,1610,4280
Historic Longcase Grandfather Clock,1840,3860
Estate Vintage Tube Amplifier Good Condition,650,1620
Provenance Alfred Stieglitz Equivalent Print,14860,30000
Authentic Diamond Riviere Necklace Modernist Period With Provenance,32260,54920
Pristine Tiger Woods Tournament Putter c.1820,620,1400
Exhibited William Eggleston Color Print,9970,17190
Estate Slide Rule Collection,4670,14130
Sextant Ebony Frame c.1880 Recently Conserved,6000,11070
Quezal Art Glass Shade Federal Period,7180,21590
Lehmann Wind-Up Toy,450,780
Notable Berenice Abbott Manhattan Print c.1880,7630,18930
Original Mainbocher Evening Dress Good Condition,3710,5980
Chanel Tweed Jacket Vintage c.1780,14490,28110
City Plan Paris 1750 Regency Period,5680,12000
Grand Original Ferrari Owners Manual c.1950,2400,4060
Exhibited Vietnam War Flight Helmet Edwardian Era Unrestored,4730,15290
Japanese Woodblock Print Hokusai c.1950,17780,42850
Vintage Romanee-Conti Grand Cru 2005 c.1960,6320,15870
Edward Steichen Fashion Print Regency Period Unrestored,11150,23430
Khmer Sandstone Apsara Relief Mid-Century With Certificate,29170,60000
Colonial 1945 Mouton Rothschild With Provenance,11450,25000
Georgian Gold Locket,10120,21470
Exhibited Aquamarine Tiara Art Deco Period,1070,3060
Monumental Atari 2600 Console Boxed c.1840,9570,30000
Corbel Carved Wood Victorian 18th Century,7010,15000
Superb Samurai Armor Partial Set Arts & Crafts Era,1950,4920
Louis XIII Cognac Baccarat Decanter,260,810
Grand Dulcimer Appalachian Mountain,5540,14450
Exceptional Persian Tabriz Silk Rug With Provenance,9600,17650
Choice Garry Winogrand Airport Print Federal Period,11730,30000
Pediment Fragment Stone c.1880,4470,10400
Museum Quality Barograph Recording Aneroid,7140,15000
Soapstone Animal Carving,35490,80000
Published Robert Mapplethorpe Flower Print,7980,12850
Matched Indian Mughal Miniature Painting c.1970 Excellent Condition,28020,53580
Superb Sarouk Fereghan Rug c.1900,6760,13820
Choice Portolan Chart Mediterranean Late Victorian,4240,11150
Matched WWII German Binoculars c.1860,4610,6020
Superb Saint Louis Crystal Goblet Set,10020,13660
Superb Tolkien Hobbit 1st Ed c.1920 As Found,9710,18170
Documented French Foreign Legion Kepi Art Nouveau Period With Provenance,1860,5890
Norman Rockwell Saturday Evening Post c.1880 Estate Fresh,2760,7910
Attributed Wax Fruit Under Glass Dome Belle Epoque,2290,3080
Historic Pewter Miniature Set c.1940,20880,47980
Period Spain Classic Period Collection c.1800 With Provenance,18520,50000
Matched Chinese Export Silver Tea Caddy,6770,20000
Museum Quality Cartier Silk Scarf c.1820,10300,27490
Brass Telescope Victorian,1550,5260
Matched Limoges Enamel Box Collection,7050,16340
George Ohr Puzzle Mug,9180,29390
Documented Revenue Stamp Collection Unrestored,13100,17490
Magnificent Walking Liberty Half Dollar,47540,100000
Restored Empire Mahogany Bookcase Art Nouveau Period,7660,25000
Macintosh 128K Original Art Deco Period,14190,21250
Restored Isfahan Silk Rug Mid-Century,10150,23100
Provenance Carved Stone Gargoyle,4530,13030
Ceramic Raku Sculpture Excellent Condition,24580,49180
Super Bowl I Program c.1900 As Found,4670,15840
Published Lee Friedlander Street Print c.1930 Unrestored,8310,16280
Atari Jaguar Console Sealed Belle Epoque,230,560
Attributed Bing Clockwork Boat c.1920,4610,10650
Exquisite Olympic Games Poster Collection c.1880,1440,4250
Boot Scraper Cast Iron 18th Century,2970,5690
Vintage Treasure Map Replica Framed c.1910,3610,5900
Rare Digital LED Watch 1970s,34850,52350
Vintage Neon Beer Sign Art Deco Period With Provenance,1840,5740
Berlin Woolwork Needlepoint Mid-Century,620,1610
Unique Vintage Neon Beer Sign,6250,19450
Scarce Kutani Porcelain Plate c.1940,8740,15390
Notable Stephen Shore Uncommon Places c.1970,4280,8010
Oversized Minimalist Color Field Early 20th Century Estate Fresh,32550,85640
Unique Bobby Orr Signed Stick From Private Collection,8670,11600
Morganite Engagement Ring,16350,29330
Matched Turkmen Tekke Carpet Federal Period,13760,30000
Art Deco Chrome Floor Lamp From Private Collection,8530,19190
Castrol Oil Can Collection,510,1290
Premier Film Noir Movie Poster Original c.1820,2020,6750
Fijian War Club Carved c.1930,4290,12030
Estate Renaissance Revival Armoire,3220,6840
Estate Chinese Jade Bi Disc c.1780,23170,42460
Notable Garry Winogrand Airport Print 19th Century,6240,8470
Early Mobil Pegasus Neon Sign Early 20th Century From Private Collection,2470,5000
Estate Swiss Cantonal Issue,8690,16150
Early Compass Surveyor's Brass c.1960,2140,5040
Magnificent Secretariat Derby Photo Estate Fresh,8960,12630
Delicate Pan Am Airlines Poster 1960s c.1820,3550,6860
Museum Quality Antique Kashan Carpet c.1880 Unrestored,5550,17430
Agatha Christie Signed First Edition,12960,33730
Panoramic City View Lithograph,3180,8480
Military Campaign Map Napoleonic,2400,8400
Distinguished Brass Samovar Russian c.1880,4070,6680
Documented Audemars Piguet Royal Oak,36520,118940
Distinguished Declaration of Independence Broadside,500,1400
Distinguished Desert Storm Challenge Coin Set From Private Collection,7000,20000
Late Alexandrite Pendant Edwardian Era Unrestored,33090,75000
Signed Yoruba Ibeji Twin Figure c.1820,13230,34940
Miniature Gordon Parks Photo Essay Print,8390,25560
Olmec Jade Mask Fragment Museum Deaccessioned,9940,24800
Delicate Welded Steel Abstract Early 20th Century,34310,80000
Notable Vintage Croquet Set Complete,5400,11070
Unmatched Kafka Metamorphosis 1st Ed Regency Period Excellent Condition,22540,33350
Original Theorem Painting on Velvet,520,1480
Mexican Sterling Serving Tray Modernist Period Recently Conserved,2190,3140
Beatles Concert Poster Original Unrestored,4670,12000
Reclaimed Church Doors Oak 18th Century As Found,750,2290
Continental Carved Ivory Netsuke c.1940,20250,38630
Restored Wimbledon Championship Trophy Replica c.1860,13280,40440
Turkmen Tekke Carpet,8590,19940
Unmatched Tortoiseshell Tea Caddy,6750,10970
Annie Leibovitz Portrait,3890,7530
Lafite Rothschild 1959,5330,16920
Double Eagle $20 Gold Coin,13900,31960
Published Patek Philippe Calatrava Excellent Condition,38210,91320
Currier & Ives Lithograph Belle Epoque Unrestored,1320,4460
Antique Galle Cameo Glass Vase Art Nouveau Period From Private Collection,9070,22370
Pristine Post-Impressionist Cityscape Empire Period,25580,54590
Hall Tree Coat Stand c.1940,11560,25000
Exceptional Raku Tea Ceremony Bowl Late Victorian As Found,9520,27700
Matched Wilt Chamberlain Jersey Belle Epoque Unrestored,11570,25170
Soapstone Animal Carving With Provenance,37460,80000
Period Woodstock Festival Poster c.1800,970,2540
Ted Williams Signed Photo Post-War,11130,25090
Select Skeleton Clock Victorian c.1960 Good Condition,7670,18000
Fine Vintage Rolls Royce Hood Ornament c.1930,70,190
Documented Czech Art Glass Sculpture Empire Period,9010,25000
Continental James Joyce Ulysses 1st Ed c.1780,2110,2850
Exceptional Carved Coral Cameo Pendant Empire Period Museum Deaccessioned,13780,37330
Outstanding Robert Mapplethorpe Flower Print Empire Period Estate Fresh,9370,26340
Currier & Ives Lithograph,1270,3190
Vernis Martin Vitrine Display Case Edwardian Era As Found,270,710
Attributed Agra Palace Carpet Belle Epoque Recently Conserved,4880,13890
Museum Quality Biedermeier Secretaire With Certificate,330,670
Mercury Barometer Stick Type c.1800,7520,18000
Purdey Side by Side Shotgun Art Deco Period With Provenance,4780,9170
Le Mans Poster Original 1955 c.1940,290,720
Ornate Larry Bird Game Worn Sneakers c.1940,20060,43390
Scarce Silver Gilt Wine Cooler Arts & Crafts Era,6580,20000
Miniature Stumpwork Embroidery Panel c.1860,10600,25000
Matched Vintage Pucci Silk Dress,12820,19690
Signed Chinese Export Silver Tea Caddy,8120,11470
Provincial Handel Reverse Painted Lamp c.1970 Museum Deaccessioned,8350,20000
Onyx Decorative Figure c.1910,16600,21900
Late Vintage Rolls Royce Hood Ornament,2240,4020
Documented Sheffield Plate Epergne,840,2050
Grand Majolica Garden Seat,9860,31560
Shaker Oval Box Nested Set Regency Period,5730,14450
Serena Williams Match Racket Georgian Period,8680,30200
Certified Lee Friedlander Street Print Arts & Crafts Era,2920,4920
Superb Durand Pulled Feather Vase Georgian Period,11120,25000
Grand Chinese Art Deco Carpet Art Nouveau Period As Found,9020,16160
Period Modernist Composition Good Condition,73150,150000
Tribal Caucasian Kazak Rug c.1910,14040,19030
Restored Thorens TD-124 Turntable Early 20th Century,210,480
George Ohr Puzzle Mug c.1840,19310,39710
Grand Breguet Classique c.1800,29780,101000
Satsuma Vase Meiji Period Arts & Crafts Era,12000,18400
Military Field Watch WWII Post-War,56120,120000
Hall Tree Coat Stand c.1970 Museum Deaccessioned,3840,11990
Notable Pembroke Drop-Leaf Table c.1910,2680,7690
Late Vintage Armagnac 1893 With Provenance,1480,5060
Multi-Strand Pearl Choker,22340,68380
Select Abstract Expressionist Work,29540,93830
Scarce Chinese Cloisonne Vase Arts & Crafts Era,24040,60000
Oversized Maori Carved Tiki Figure Post-War With Provenance,12480,18930
Armillary Sphere Desktop Belle Epoque,3690,6520
Continental Reclaimed Barn Door c.1900,7170,15000
Exquisite Cartier Silk Scarf Arts & Crafts Era,7300,13450
Chateau Margaux 1990 Art Deco Period Estate Fresh,7300,9630
Late Carved Stone Garden Bench Unrestored,7470,15000
Period Wilt Chamberlain Jersey,22280,39700
Oversized Shakespeare First Folio Page,17450,31350
Outstanding Mexican Sterling Serving Tray Federal Period Unrestored,9490,20000
Original Sextant Ebony Frame c.1800 Museum Deaccessioned,3600,6220
Buffet R13 Clarinet,23700,51990
Published Tolkien Hobbit 1st Ed,15390,20120
Scarce Cartier Tank Unrestored,23980,61590
Tavern Sign Iron Bracket,2510,5110
Restored Betty Lamp Iron Colonial c.1800 Excellent Condition,360,610
Medieval Broadsword Art Deco Period,8860,20000
Buccellati Silver Bowl Unrestored,5440,8860
Sinumbra Lamp Cut Glass Shade,8360,17930
Delicate Retro Ruby Bracelet Post-War,36020,75000
Vintage Campaign Officer's Chest,770,2370
Continental Fauvism Floral Study c.1960,58810,101770
Published Nikon F Camera Body As Found,530,1810
Miniature Taxidermy Pheasant Display c.1900,3630,10150
Ornate Art Deco Chrome Floor Lamp Mid-Century,450,1550
Remarkable Spanish American War Poster,8950,19110
Original Ormolu Mounted Marble Urn c.1900 Good Condition,10680,24370
Late Spanish Doubloon 18th Century,21480,55200
Premier Lehmann Wind-Up Toy c.1940,7090,11700
Exquisite Transformers G1 Optimus Prime Art Deco Period,7300,15000
Fairy Lamp Clarke's Patent Good Condition,6930,12900
Colonial IBM Model M Keyboard From Private Collection,10880,29260
Period Buffalo Nickel Proof,18700,64210
Monumental 1985 Sassicaia Regency Period,5760,17380
Unmatched Fijian War Club Carved,950,2190
Rare Classic Car Brochure Collection With Certificate,1600,4800
Documented City Plan Paris 1750,4350,12000
Vintage Macintosh 128K Original Belle Epoque,6570,22520
Provenance Hunting Horn Silver Mounted,3180,6830
Continental Dalmore 50 Year Single Malt Post-War,8960,21030
Cast Iron Garden Urn Pair c.1780 Excellent Condition,6960,15000
Vintage Military Campaign Map Napoleonic Arts & Crafts Era,1450,4510
Rolling Ball Clock Brass Good Condition,4740,13720
Estate Shell Art Valentine Box c.1970,11490,25000
Vintage Sundial Pocket Brass Late Victorian Excellent Condition,5710,9950
Distinguished Tower Clock Movement Antique c.1840,8090,18000
Remarkable Carved Oak Church Pew Georgian Period Museum Deaccessioned,4370,7230
Monumental Commodore 64 Complete System,9740,16000
Provenance Vintage Pocket Watch Gold Unrestored,9230,14340
Early Chinese Snuff Bottle Jade,420,730
Late Antique Celestial Globe c.1930,240,770
Restored Windsor Writing Arm Chair Belle Epoque Unrestored,12260,25000
Provincial Christofle Silver Tureen,2040,5190
Exceptional Romanee-Conti Grand Cru 2005 Georgian Period Unrestored,6620,22670
Antique Reclaimed Stained Glass Window,130,270
Vintage Ferragamo Pumps,1250,2880
Late Dorothea Lange Migrant Mother Print Late Victorian,9360,14300
Cindy Sherman Untitled Film Still,9760,26890
Select Art Deco Illustrated Novel c.1930 From Private Collection,6830,20130
Helmut Newton Fashion Print Late Victorian With Certificate,10750,25840
Published Sevres Porcelain Clock Garniture c.1800,280,660
Late Ukulele Martin Style 5K Unrestored,18010,57410
Grand Diane Arbus Twins Print c.1900,14750,22080
Exhibited Illuminated Medieval Psalter Arts & Crafts Era With Provenance,23360,50000
Pristine Georgian Tallboy Chest c.1960 As Found,6260,17380
Antique Beatrix Potter First Edition c.1880,17110,50000
Cindy Sherman Untitled Film Still Empire Period,6100,9180
Emily Dickinson Manuscript Post-War Museum Deaccessioned,8660,12750
Colonial Pop Art Screen Print With Certificate,40540,127380
Aquamarine Tiara Belle Epoque,10450,17730
Grand Art Deco Silver Cocktail Shaker c.1910,4590,15440
Blancpain Fifty Fathoms 18th Century Recently Conserved,12080,31950
Outstanding Art Nouveau Bronze Table Lamp c.1960,3510,6840
Porcupine Quill Box c.1950,1870,6460
Restored Mercury Barometer Stick Type Regency Period,960,1540
Super Bowl I Program Early 20th Century Good Condition,14270,19440
Pristine Holland & Holland Double Rifle,1410,3080
Ship's Bell Clock Chelsea,6300,15580
Documented Givenchy Audrey Hepburn Dress c.1910,15320,35000
Provenance Frederick Carder Steuben Aurene Late Victorian As Found,300,620
Historic Betty Lamp Iron Colonial c.1820,3330,4410
Documented Wheel Barometer Rosewood,2520,8070
Important Seed Pearl Collar Necklace c.1970 Excellent Condition,2860,9660
Buffet R13 Clarinet Georgian Period Unrestored,10730,34680
Exquisite Mexican Sterling Serving Tray Unrestored,4060,6150
Unique Victorian Chaise Lounge c.1940,420,540
Exhibited Morgan Silver Dollar BU c.1920,3460,11850
Scarce Depression Glass Collection,7600,22370
Unmatched Lee Friedlander Street Print Early 20th Century,6780,9220
Select Cartier Tank Regency Period,50640,94600
Polynesian Tapa Cloth,4640,14930
Matched Dobro Resonator Guitar Vintage c.1970,7280,15360
Planimeter Measuring Instrument Art Nouveau Period With Certificate,1050,2830
Superb Photorealist Urban Scene c.1800,9890,13290
Provincial Realist Portrait 18th Century From Private Collection,29490,86090
Scarce Rolling Ball Clock Brass Post-War,8960,18000
Continental Bessarabian Floral Kilim c.1840,12180,30000
Magnificent Shakespeare First Folio Page Early 20th Century,17650,29360
Historic Emily Dickinson Manuscript,7830,10560
Early Meissen Porcelain Figurine c.1840,17710,40000
Leather Gun Case Victorian,2920,3840
Cabbage Patch Kids Original c.1820 As Found,5180,15000
Important African Beaded Ceremonial Crown c.1820,14040,40000
Attributed Thermometer Clinical Antique From Private Collection,3030,7620
Monumental Webb Cameo Glass Vase 18th Century,110,260
Outstanding Dinky Toys Collection Boxed Belle Epoque,5260,8330
Authentic Arts Crafts Pewter Vase,2990,6220
Aviation Chart WWII Pacific Early 20th Century,3680,9840
Signed Backgammon Set Leather Vintage Unrestored,5270,9790
Magnificent Sundial Bronze Armillary,4860,15000
Exceptional Revolutionary War Musket c.1860,8410,18640
Pave Diamond Bangle With Provenance,11600,24020
Star Chart Celestial 1800s Museum Deaccessioned,4470,9510
Georgian Silver Tea Set c.1840,7330,10690
KPM Berlin Plaque Mid-Century,7170,21430
Delicate Nurses Watch Enamel Dial,28510,43960
Thai Bronze Buddha Seated,15340,50370
Copper Ale Jug Georgian Federal Period,7710,13450
Choice Pewter Miniature Set Art Nouveau Period,1480,3740
Tortoiseshell Tea Caddy Early 20th Century Museum Deaccessioned,8510,21210
Choice Transformers G1 Optimus Prime c.1900 From Private Collection,1610,5310
Magnificent Fishing Creel Wicker Antique Late Victorian Recently Conserved,4450,12000
Exceptional Schiaparelli Shocking Pink Hat Empire Period,13920,19740
Vintage Armagnac 1893,8600,25000
Ornate Rickenbacker 360 Electric Guitar 19th Century,14170,37010
Magnificent Cape of Good Hope Triangular,5770,11670
Period Spanish Doubloon Edwardian Era,47050,100000
Rare Louis XV Bergere Chair Recently Conserved,10960,25000
Miniature Portrait on Ivory c.1950,10650,14470
Unmatched Sundial Pocket Brass Mid-Century,5380,13890
Victorian Military Medals Group,8120,12630
Published Tempera on Panel c.1910,17320,32540
Late Hasselblad 500C Camera c.1950,14140,30000
Lanvin Art Deco Evening Bag,13170,35000
Antique Cuckoo Clock Black Forest c.1910,4370,15000
Fine Photorealist Urban Scene Modernist Period As Found,54530,150000
Fijian War Club Carved,9440,14010
AA Badge Chrome Collection Modernist Period,1800,3240
Medieval English Groat 18th Century With Provenance,9720,16500
Documented Photorealist Urban Scene,15130,31110
Original Alphonse Mucha Art Nouveau Print Regency Period,1890,5960
Superb Chinese Jade Bi Disc Georgian Period Unrestored,7370,10390
Khotan Silk Rug Late Victorian Excellent Condition,13860,30000
Regency Dining Table,300,700
Trestle Refectory Table Art Deco Period,4700,15030
Exquisite Marble Bust,21010,48430
Exhibited Venini Glass Pendant Light Museum Deaccessioned,8810,20000
Period Buccellati Silver Bowl c.1860 As Found,7260,9990
Rare Standing Liberty Quarter,24300,40670
Mark Twain Signed Manuscript Page,13820,29800
Boxing Gloves Vintage Leather c.1960 Good Condition,680,2330
Restored Russian Niello Silver Box c.1900,4360,9710
Superb Thai Bronze Buddha Seated,11340,35640
Scarce Pastel Nude Study Federal Period,60700,150000
Ornate Star Wars Vintage Figures Set Edwardian Era,5760,15000
Art Deco Mantel Clock,2320,6920
Grand Limoges Enamel Box Collection As Found,2140,6770
Distinguished Ferrari Prancing Horse Badge Collection c.1880 Estate Fresh,220,470
Persian Miniature Manuscript Page Federal Period,8250,23960
Revolutionary War Musket,3880,9070
Miniature Art Nouveau Silver Photo Frame,2320,7920
Unique Arts & Crafts Mica Shade Lamp Good Condition,370,1030
Historic Whirligig Carved Sailor c.1860,2930,5460
Romanee-Conti Grand Cru 2005 Georgian Period,3370,5000
Swiss Cantonal Issue,18170,31900
Colonial Autoharp Oscar Schmidt Antique 18th Century,26690,42620
Provenance India Scinde Dawk c.1970,1060,2240
Fine Civil War Officer's Sword Early 20th Century,380,1060
Historic Tiffany Wisteria Table Lamp,4130,14130
Fine Cheval Blanc 1947,2060,6450
Authentic Stephen Shore Uncommon Places,12290,22120
Scarce Vintage Michelin Man Figure c.1900,1490,3800
Oversized Macallan 25 Year Single Malt,6700,14780
Museum Quality Soviet Constructivist Propaganda Poster,2360,4360
Attributed Leica M3 Camera Body Post-War,7290,21610
Choice Chinese Cash Coin Collection Regency Period,18510,24920
Provincial Bobby Orr Signed Stick,4190,6330
Native American Kachina Doll From Private Collection,13050,37780
Dom Perignon 1996 c.1950,1080,3290
Early Paul Revere Silver Bowl c.1780 Unrestored,1440,2200
Scarce First Edition Hemingway Novel c.1860,14960,26970
Historic Cast Iron Garden Urn Pair,6640,15000
Larry Bird Game Worn Sneakers With Provenance,9790,17110
Matched Northwest Coast Totem Pole Model,9030,28780
Reclaimed Barn Door,1080,2370
Estate Inuit Soapstone Carving 19th Century,12690,38990
Grand Opus One Vertical Collection c.1940 With Provenance,2570,5900
Historic Sheffield Plate Epergne,1960,5100
Macallan 25 Year Single Malt Post-War,10250,19680
Scarce Hydrographic Chart Coastal Georgian Period From Private Collection,4200,6510
Taper Stick Silver Georgian As Found,3020,4120
Colonial Vintage Armagnac 1893 Art Deco Period,3480,9390
Plein Air Coastal Scene,27850,92160
Published Astrolabe Reproduction Art Deco Period Good Condition,7250,15000
Antique Wrought Iron Chandelier c.1820,950,1910
Oversized Bottega Veneta Clutch c.1960,7620,13660
Gretsch White Falcon Guitar As Found,7270,22070
Tansu Japanese Step Chest c.1900,7780,15460
Notable Woodstock Festival Poster With Certificate,2570,3640
Matched African Bronze Benin Head Art Deco Period,17610,40000
Mandolin Gibson F-5 Lloyd Loar Mid-Century,10460,32630
Restored Planimeter Measuring Instrument,500,850
Distinguished Murano Glass Chandelier 12 Arm c.1960,9780,20000
Art Deco Silver Cocktail Shaker Federal Period,2090,7020
Exquisite Peace Dollar Uncirculated c.1940 Recently Conserved,20150,66760
Samurai Armor Partial Set Excellent Condition,7310,20000
Theorem Painting on Velvet Modernist Period,3440,5560
Choice Polo Mallet Collection,990,2830
Gandhara Stone Buddha Head c.1800,21680,51250
Masters Tournament Flag Signed c.1970,23580,50000
Important Annie Leibovitz Portrait Georgian Period As Found,3030,4440
Important Vintage Bulgari Necklace,26420,75000
Original Hall Tree Coat Stand Excellent Condition,9460,17970
Provenance Military Campaign Map Napoleonic c.1800 As Found,5300,12000
Late Vietnamese Ceramic Bowl c.1780,26230,60000
Continental Nintendo Game Boy Sealed c.1940,2630,7130
Standing Liberty Quarter Edwardian Era,6940,19700
Pocket Globe George III Era Unrestored,3500,5940
Published Sanborn Fire Insurance Map c.1840,5320,12000
Unmatched Ceramic Raku Sculpture,35310,80000
Provincial Vietnamese Ceramic Bowl Mid-Century,16100,44660
Mercury Dime Full Bands Federal Period With Certificate,36830,99130
Scarce Sevres Porcelain Urn Edwardian Era,6060,11290
Restored Sundial Bronze Armillary,2910,4980
Provenance Calculating Machine Brunsviga From Private Collection,760,2100
Reclaimed Stained Glass Window Belle Epoque,4200,9540
Provenance Buccellati Silver Bowl,5620,15540
Chinese Art Deco Carpet Belle Epoque,14170,30000
Provincial Calculating Machine Brunsviga Good Condition,2530,3700
Pristine Ancient Roman Aureus Georgian Period,40310,100000
Miniature Reclaimed Church Doors Oak,2650,7230
Antique Weller Sicard Vase Art Deco Period Good Condition,3590,7410
Early Steuben Crystal Eagle,8530,16160
Ornate Lewis Carroll Alice 1st Ed c.1860,11240,23430
Notable Shakespeare First Folio Page c.1910,14260,37580
Continental Medieval English Groat Mid-Century With Certificate,43570,100000
Attributed Pewter Miniature Set Excellent Condition,6580,23020
Period Korean Celadon Bowl,4320,5790
Attributed Joel Meyerowitz Cape Light Print c.1950 Recently Conserved,13780,30000
Hawaiian Missionaries Stamp c.1880 From Private Collection,23750,50000
Miniature Brass Samovar Russian Empire Period,9570,20000
Medieval Broadsword,3680,10020
Certified Heriz Serapi Rug Regency Period Good Condition,6730,14280
Notable Vintage Pucci Silk Dress Late Victorian,12370,33210
Historic Circus Poster Barnum Bailey 18th Century,3490,11810
Pristine Architectural Salvage Column Pair As Found,2320,7610
Pristine Corbel Carved Wood Victorian c.1970,3690,8950
Matched Hamilton Khaki Field c.1940 With Provenance,19160,49050
Choice Mixed Media Collage Mid-Century,12610,18090
Thorens TD-124 Turntable,7460,17990
Soumak Flatweave Bag Regency Period,11160,26270
Buccellati Silver Bowl c.1910,5310,8860
Distinguished Jane Austen First Edition Belle Epoque Recently Conserved,3380,5700
Vietnam War Flight Helmet Belle Epoque,4820,8840
Premier Walt Whitman Leaves of Grass 1st Ed Modernist Period,21500,45000
Authentic Balloon Clock Edwardian,1300,4380
Certified Walking Liberty Half Dollar,22140,65560
Terra Cotta Garden Planter Large,6220,13880
Remarkable Limoges Enamel Box Collection Georgian Period,2560,4190
Mauritius Post Office Stamp,7990,27770
Provenance Brass Telescope Victorian Edwardian Era,3380,6930
Certified Newel Post Cap Bronze As Found,5520,7240
Estate Valentino Couture Cape,7190,18640
Rare McIntosh MC275 Amplifier c.1920,11790,25930
Antique Bessarabian Floral Kilim c.1860,4820,10580
Oversized Northwest Coast Totem Pole Model c.1920,15610,40000
Published Longcase Grandfather Clock Early 20th Century,8940,18000
Continental Whale Oil Lamp Antique c.1940,2300,4540
Historic Norman Rockwell Saturday Evening Post,4600,12000
Fine Tower Clock Movement Antique 18th Century Recently Conserved,6690,8890
Oversized IWC Portugieser Chronograph c.1960 With Certificate,5850,19940
Remarkable Vietnam War Flight Helmet,1970,4160
Stone Lion Garden Statue Pair c.1970 Recently Conserved,330,920
Antique Pillar Clock Biedermeier c.1900,5610,18000
Signed Revolutionary War Musket Belle Epoque,4540,6290
Zuni Fetish Carving Collection c.1780,3230,6720
Outstanding Faberge Style Egg Federal Period,10340,25000
Psychedelic Rock Concert Poster c.1920,5720,7750
Signed Victorian Garden Bench Iron Federal Period,3640,10080
Provincial Neo-Expressionist Canvas Art Nouveau Period,48820,67040
Museum Quality Hamada Shoji Tea Bowl c.1920,19740,40000
Navajo Chief's Blanket,3280,9460
Indonesian Wayang Puppet Antique c.1800,12600,38560
Antique Stainless Steel Modern Piece With Provenance,14080,48190
Renaissance Revival Armoire,10170,25000
Lladro Porcelain Figure c.1950,3450,8620
Premier Georgian Gold Locket Post-War,9150,20990
Authentic Blaeu Wall Map,830,1690
Gordon Parks Photo Essay Print,4830,10940
Original Wilt Chamberlain Jersey c.1910,500,720
Late Wheel Barometer Rosewood,4350,8270
Sweden Treskilling Yellow c.1860,9570,27360
Vintage Stone Lion Garden Statue Pair Early 20th Century,2670,8240
Distinguished Newel Post Cap Bronze c.1880,6010,8950
Unique Oscar Wilde Signed Letter Art Deco Period As Found,5590,13530
Continental Mystery Clock Art Deco,5950,9940
Exquisite Empire Mahogany Bookcase Belle Epoque,12370,25000
Remarkable Louis Vuitton Trunk Antique,6620,19940
Select Masters Tournament Flag Signed Unrestored,1850,6340
Choice Tlingit Chilkat Blanket c.1840,15300,33790
Butter Mold Carved Eagle c.1840,8700,12660
Restored Carved Limestone Angel Edwardian Era,11330,23760
Published Hepplewhite Sideboard,2510,5800
Authentic Chess Set Staunton Weighted c.1840 With Provenance,2290,6460
Antique Wax Fruit Under Glass Dome,7640,17180
Sepik River Ancestor Figure,6640,20340
Historic Silver Trophy Cup Engraved Edwardian Era,6950,13700
Admiralty Chart British Navy c.1970 Good Condition,1830,5130
Signed Patek Philippe Calatrava,52280,120000
Period Carved Wood Totem 18th Century,12080,38100
1990 Screaming Eagle Cabernet,11470,25000
Hermes Birkin Bag c.1940,9170,24800
Exhibited JBL Paragon Speaker System Arts & Crafts Era,14630,28810
Certified Yves Saint Laurent Le Smoking Jacket Good Condition,13000,23650
Exceptional Tavern Sign Iron Bracket Edwardian Era,7690,18000
Signed Victorian Military Medals Group c.1950,2870,5340
Roman Legionary Helmet Replica c.1940 Unrestored,6340,19570
Scarce Oscar Wilde Signed Letter,15930,50000
Tolkien Hobbit 1st Ed Early 20th Century,14960,19650
Fine Swiss Tourism Poster Vintage c.1860 Estate Fresh,1010,1690
Monumental Tempera on Panel Mid-Century,31100,62450
Museum Quality 17th Century World Map Edwardian Era,1930,4590
1909-S VDB Lincoln Penny c.1880,26980,55920
Oversized Chopard Alpine Eagle c.1960,23000,40760
Fender Stratocaster 1962,10750,18280
Matched Backgammon Set Leather Vintage,5260,12000
Continental Tramp Art Frame Layered,8070,13110
Choice First Day Cover Collection Federal Period,9530,28960
Monumental Circus Poster Barnum Bailey Recently Conserved,1610,3740
Distinguished Art Nouveau Bronze Table Lamp c.1860 With Provenance,8200,11730
Choice Monaco Grand Prix Program 1962 Art Deco Period,2370,4650
Selmer Mark VI Tenor Saxophone Belle Epoque,26870,36390
Rare Nantucket Lightship Basket,1280,4140
Matched Tansu Japanese Step Chest c.1900,2670,6260
Grand Sevres Porcelain Urn Recently Conserved,11950,36580
Pediment Fragment Stone c.1900,6500,15000
Pristine Shell Art Valentine Box,760,1050
Exquisite Chinese Scroll Painting Landscape,27720,52000
Authentic Sterling Silver Cigar Box,8250,14110
Choice Ludwig Vistalite Drum Kit c.1950,20150,59510
Authentic Agatha Christie Signed First Edition Arts & Crafts Era,3990,7680
Cheval Blanc 1947 Art Deco Period,4720,12130
Estate Copper Ale Jug Georgian,7350,11390
Continental Original Ferrari Owners Manual c.1780,1880,2770
Holland & Holland Double Rifle Early 20th Century,2030,4380
Oversized Carnival Glass Punch Bowl Set 19th Century,1620,3020
Unmatched KPM Berlin Plaque Estate Fresh,17640,40000
Edwardian Silver Card Case c.1780,5250,6940
Donegal Arts Crafts Carpet c.1950,6110,17890
Provincial AA Badge Chrome Collection c.1900,470,1450
Archery Bow Yew Longbow,2290,4060
Notable Mercedes Benz Star Emblem Vintage,1200,2030
Unique Victorian Cast Iron Gate c.1950,5840,15000
Provincial Mercator Projection Original c.1910 From Private Collection,720,1800
Estate Penfolds Grange 1971 c.1910,1720,3180
Exhibited Night Clock Oil Lamp Italian c.1920,2040,3900
Ornate Webb Cameo Glass Vase Art Nouveau Period,11850,25000
Early Hans Coper Spade Form Post-War Estate Fresh,6520,20000
Select Castrol Oil Can Collection,70,140
Superb WWII Aviator Leather Jacket With Provenance,9400,20000
Scarce Cartier Silk Scarf Unrestored,14620,34000
Select Chinese Cloisonne Vase c.1920,6290,10640
Distinguished Backgammon Set Leather Vintage,720,1180
Grand Art Nouveau Display Cabinet,4720,11920
Marine Chronometer Boxed c.1970,5890,12760
Distinguished 1952 Topps Mickey Mantle Card Georgian Period Estate Fresh,9320,28890
Grand Hair Art Memorial Wreath Mid-Century,7450,22680
Estate Silk Route Trade Map Reproduction c.1930,1450,3290
Continental Pop Art Screen Print,66730,150000
Early Mauritius Post Office Stamp,10670,22140
Important Imogen Cunningham Magnolia Print Post-War Recently Conserved,14680,30000
Distinguished Soumak Flatweave Bag,1580,4440
Northwest Coast Totem Pole Model 18th Century,5500,12320
Delicate Pediment Fragment Stone,7420,15000
Vintage Nintendo Game Boy Sealed Post-War,4340,13340
Walt Whitman Leaves of Grass 1st Ed,20440,50000
Certified Klipschorn Speaker Pair c.1880 Good Condition,9980,28220
Unmatched Banjo 5-String Prewar Gibson c.1800 With Certificate,20850,47450
Premier Ming Dynasty Blue White Vase,9700,29960
Provincial Ferrari Prancing Horse Badge Collection Unrestored,580,1070
Antique Weathervane Copper,2160,4590
Zither Concert Model Antique c.1910,310,1070
Fine Sporting Gun Cabinet Oak,210,620
Delicate Stephen Shore Uncommon Places Modernist Period,14160,30000
Provenance Vintage Armagnac 1893,8600,20930
Certified Maori Carved Tiki Figure 19th Century,12260,40000
Estate Yoruba Ibeji Twin Figure,15310,24420
Period Plein Air Coastal Scene,74460,150000
Cartier Silk Scarf Museum Deaccessioned,17440,35000
Tortoiseshell Tea Caddy,9020,18440
Continental Lewis Carroll Alice 1st Ed,23400,50000
Authentic Seated Liberty Half Dollar,31380,97030
Delicate Turkmen Tekke Carpet c.1840,390,700
Choice Chinese Cash Coin Collection Georgian Period Recently Conserved,31790,83780
Haut-Brion 1989 Modernist Period,900,2380
Museum Quality Chinese Chippendale Mirror With Provenance,11090,25000
Notable Oil on Canvas Landscape Post-War,13450,37230
Documented Signed Dickens Volume Arts & Crafts Era Unrestored,9740,16480
Grand Silk Route Trade Map Reproduction c.1920,3610,9520
Exhibited Tiffany Sterling Flatware Set Arts & Crafts Era,5860,9730
Confederate Currency Note Modernist Period Recently Conserved,10070,33600
Original Multi-Strand Pearl Choker c.1860 From Private Collection,5110,8120
Exquisite Sega Genesis Console Boxed Federal Period,970,1830
Estate Limoges Enamel Box Collection c.1940,410,770
Matched Thermometer Clinical Antique Regency Period,730,2270
Ming Dynasty Blue White Vase c.1880,19630,40000
Provincial Audemars Piguet Royal Oak Art Nouveau Period,240,330
Scarce Tom Brady Signed Football,2590,7180
Cast Iron Fire Engine c.1970,2500,4270
Premier 1794 Flowing Hair Dollar Good Condition,23040,74060
Oversized Circus Poster Barnum Bailey c.1970,500,1530
Fine Soumak Flatweave Bag,15000,30000
Attributed Oris Aquis Date c.1950,1000,1920
Signed Federal Period Console Modernist Period,6830,20990
Falconry Hood Leather Antique Museum Deaccessioned,270,930
Vintage Gucci Bamboo Bag c.1950,14490,28700
Signed Sultanabad Mahal Carpet c.1940,3550,12300
Historic Murano Glass Chandelier 12 Arm c.1900,940,1510
Exceptional Art Nouveau Bronze Table Lamp,2780,6300
Ornate Macintosh 128K Original 18th Century Good Condition,3640,12750
Tourmaline Bangle As Found,15680,53120
Distinguished WWII Propaganda Poster,8000,19540
Historic Hunting Horn Silver Mounted,2310,7370
Scarce Sweden Treskilling Yellow 18th Century,400,1340
Haut-Brion 1989 Modernist Period Unrestored,10920,25000
Distinguished Daum Nancy Pate de Verre c.1780,3080,4430
Bakhtiari Garden Design Rug Good Condition,9580,30000
Lewis Carroll Alice 1st Ed Empire Period From Private Collection,20120,50000
Fine Mid-Century Arco Floor Lamp Post-War With Provenance,7030,17820
Miniature Haut-Brion 1989 Empire Period,9560,17360
Museum Quality Art Deco Chrome Floor Lamp Federal Period,2600,7730
Notable Carriage Clock Brass Repeating Empire Period,1710,3640
Monumental Turkmen Tekke Carpet c.1840,1830,3660
Provenance Sea Chart Dutch Golden Age,1810,3440
Provenance Valentino Couture Cape Art Deco Period,12020,35000
Rare Single Barrel Rye Whiskey c.1840,7320,18410
Rare Marantz 2270 Receiver Late Victorian With Provenance,5520,7700
Monumental Steuben Crystal Eagle 19th Century,8440,19780
Unique Modernist Composition c.1960,58820,150000
Colonial Compass Surveyor's Brass,6970,15000
Baluch Prayer Rug,9230,17060
Steering Wheel Nardi Wood,1420,2420
Exceptional Onyx Decorative Figure c.1960,14160,36820
Tourmaline Bangle,34020,75000
Vintage Matchbox Lesney Collection,1200,4180
Astrolabe Reproduction c.1920,1610,2640
Matched Ashanti Gold Weight Bronze Edwardian Era Unrestored,2500,6460
Ancient Greek Hoplite Shield Fragment 18th Century,6120,8260
Minimalist Color Field With Provenance,38700,69400
Period Mystery Clock Art Deco,2290,7000
Sevres Porcelain Clock Garniture Federal Period,1020,3200
Colonial Chinese Scroll Painting Landscape Excellent Condition,22630,44060
Select Admiralty Chart British Navy c.1940 As Found,1680,2920
Select Inuit Soapstone Carving,16630,40000
Antique Wax Fruit Under Glass Dome Belle Epoque,1530,4820
Historic Agra Palace Carpet With Certificate,1950,3550
Vienna Regulator Wall Clock 18th Century Recently Conserved,2350,8200
Hepplewhite Sideboard,11880,23660
Choice Vintage Fly Fishing Rod Hardy Late Victorian,3580,7210
Provenance Versace Medusa Evening Gown From Private Collection,7140,10400
Exquisite Wurlitzer Electric Piano Belle Epoque,18790,44100
Rookwood Art Pottery Vase,8180,15440
Early Cartier Tank,50650,84810
Provincial Hewlett Packard HP-35 Calculator Unrestored,13380,30000
Scarce Penny Bank Mechanical,3920,13700
Antique Silver Gilt Wine Cooler Art Nouveau Period,4920,12420
Unmatched Cinderella Stamp Album With Certificate,6960,23150
Antique Ted Williams Signed Photo Estate Fresh,5480,11340
Vintage Bach Stradivarius Trumpet Post-War,9440,17930
James Joyce Ulysses 1st Ed,690,2200
Published Alfred Stieglitz Equivalent Print c.1780 Unrestored,2830,9510
Published Longines Heritage Diver Recently Conserved,4620,11460
Colonial Psychedelic Rock Concert Poster Early 20th Century,1100,2120
Auto Racing Trophy 1960s,1950,4580
Outstanding Zulu War Assegai Spear Post-War,7710,17860
Original Bakhtiari Garden Design Rug Estate Fresh,6170,10530
Antique Victorian Botanical Atlas c.1970,13500,21540
LEGO Castle Set Vintage c.1900,550,1200
Unmatched Cabbage Patch Kids Original Federal Period With Certificate,4460,13870
Proof Silver Eagle Set,16820,50240
Celtic Harp Hand Carved Mid-Century,8720,20500
Museum Quality Cast Iron Garden Urn Pair 19th Century Estate Fresh,170,560
Remarkable Carnival Glass Punch Bowl Set c.1900,10770,24650
Colonial Roseville Sunflower Vase Empire Period,2520,4860
Colonial A. Lange & Sohne Saxonia As Found,51250,75730
Magnificent Medieval Broadsword From Private Collection,2420,5720
Notable Lucie Rie Stoneware Bowl c.1780 Good Condition,10310,27870
Rare Polynesian Tapa Cloth Post-War Good Condition,2990,4130
Continental Loetz Iridescent Art Glass Vase,8600,25000
Art Deco Illustrated Novel Empire Period,24280,45600
Provincial Derek Jeter Game Bat Estate Fresh,6770,11750
Attributed Alexandrite Pendant Edwardian Era,9750,26500
Outstanding Shell Art Valentine Box,11490,25000
Delicate Bing Clockwork Boat,6990,13420
Restored Depression Glass Collection,4270,6550
Illuminated Medieval Psalter With Certificate,2510,3420
Documented Fishing Creel Wicker Antique c.1880 As Found,2120,4140
Fine Sultanabad Mahal Carpet c.1940,13770,30000
Chanel Classic Flap Bag c.1960,8430,17360
Historic Nantucket Lightship Basket Art Deco Period,1620,5080
Miniature Sextant Ebony Frame,3760,12740
Oversized Michael Jordan Game Jersey Post-War,4730,14500
Provenance Retro Ruby Bracelet Late Victorian,29660,62010
Distinguished Aviation Chart WWII Pacific c.1840,1180,2230
Fine Wax Fruit Under Glass Dome c.1900 With Provenance,3480,10970
Colonial Lee Friedlander Street Print Unrestored,4720,14250
Distinguished Lyrical Abstraction Canvas,51850,128680
Scarce Alphonse Mucha Art Nouveau Print Georgian Period,1030,3470
Important Louis Vuitton Trunk Antique,5930,11040
Important Decoy Shorebird Carved Art Nouveau Period,5340,12740
Outstanding Mandolin Gibson F-5 Lloyd Loar 18th Century,26510,59990
Fine Ted Williams Signed Photo c.1920,530,1380
Vintage Rolls Royce Hood Ornament,440,1360
Ashanti Gold Weight Bronze Late Victorian,4600,11740
Superb Vintage Michelin Man Figure Art Deco Period,1240,2880
Signed Sultanabad Mahal Carpet Mid-Century,10960,26680
Pristine Chinese Cash Coin Collection c.1950,37170,100000
Outstanding Autoharp Oscar Schmidt Antique Arts & Crafts Era,24220,60000
Estate Whittled Walking Cane Mid-Century,4760,15180
Early Victorian Military Medals Group c.1970,9930,20000
Heriz Serapi Rug,14610,22410
Grand Miniature Portrait on Ivory c.1910 Excellent Condition,7250,13360
Historic Cookie Board Springerle,1220,3100
Sundial Pocket Brass,1400,2380
Period Shell Oil Porcelain Sign,2140,4760
Museum Quality Trade Sign Optician Spectacles Empire Period With Certificate,7340,9830
Grand Byzantine Gold Solidus As Found,43890,97140
KPM Berlin Plaque Federal Period,15650,22210
Marklin Tin Train Set c.1930,70,180
Fine Rolling Ball Clock Brass Empire Period,8070,18000
Sega Genesis Console Boxed,2810,9420
Larry Bird Game Worn Sneakers,15000,20000
Restored Depression Glass Collection Early 20th Century Recently Conserved,9350,14880
Attributed Soapstone Animal Carving 19th Century,1020,2910
Delicate Alphonse Mucha Art Nouveau Print c.1930,4330,6100
Rare Colonial Continental Dollar Late Victorian,12980,38410
Yves Saint Laurent Le Smoking Jacket c.1900,9520,24410
Monumental First Day Cover Collection 18th Century With Certificate,23560,50000
Important Chinese Chippendale Mirror c.1900,8280,25000
Provenance IBM Model M Keyboard Early 20th Century,7520,12950
Compass Surveyor's Brass,5750,15000
Oversized Coral Bead Necklace c.1930,21050,69650
Imari Charger Early 20th Century,240,560
Shell Oil Porcelain Sign,210,730
Miniature Cameo Shell Brooch With Provenance,35090,75000
Restored Railroad Pocket Watch Early 20th Century,23700,69530
Colonial Louis XV Bergere Chair c.1940 Good Condition,10190,15980
Original Chopard Alpine Eagle c.1940,19130,62550
Orrefors Crystal Vase Signed Edwardian Era Museum Deaccessioned,6140,11840
Pristine 1990 Screaming Eagle Cabernet,5420,14870
Period Faberge Style Egg c.1780,4140,11290
Exquisite A. Lange & Sohne Saxonia,10280,33190
Carved Stone Gargoyle c.1820,2870,9890
Pristine Revenue Stamp Collection Georgian Period,22780,50000
Superb Dinky Toys Collection Boxed c.1930 With Certificate,5680,15000
Antique Boot Scraper Cast Iron Empire Period With Certificate,4040,5740
Signed Victorian Gas Wall Sconce Pair Post-War,4800,14880
Marantz 2270 Receiver c.1880 With Certificate,11250,20770
Rare Oushak Wool Carpet Arts & Crafts Era,7960,25820
Gilt Bronze Candelabra Pair Estate Fresh,9890,25000
Unmatched Kosta Boda Art Glass Bowl Early 20th Century From Private Collection,6660,13980
Vintage Croquet Set Complete Good Condition,820,2800
Hard Edge Abstraction,73200,130530
Matched Terracotta Statuette Post-War,26900,79020
Outstanding Standing Liberty Quarter,21880,59970
Sebastiao Salgado Workers Print Mid-Century,4200,10750
Early Navajo Chief's Blanket c.1960 With Certificate,2230,7160
Original Japanese Lacquer Writing Box Art Deco Period,12150,16480
Period Roman Legionary Helmet Replica Georgian Period,9750,20000
British Redcoat Uniform Button Collection,6130,17000
Signed LEGO Castle Set Vintage c.1960,240,720
Unique Candelabrum Bronze Empire c.1820,350,920
Vintage Carved Limestone Angel,21260,57640
Ornate Zenith El Primero c.1900 With Certificate,8930,28970
Marine Chronometer Boxed c.1820,4220,9870
Tortoiseshell Tea Caddy Art Deco Period,2160,5500
Vintage Michelin Man Figure Good Condition,530,1660
Original Chinese Art Deco Carpet Regency Period,6640,13130
Exceptional Incunabulum Leaf 1480s c.1780,5980,10600
Acrylic Abstract c.1800,41470,122120
Early Art Deco Beaded Flapper Dress Early 20th Century Excellent Condition,8650,20920
Unique Beatles Concert Poster Original Federal Period Good Condition,3480,8810
Important Crimean War Medal c.1930,1360,2700
Provenance Barbie #1 Original 1959 Edwardian Era,1760,2940
American Coin Silver Spoons c.1920,2060,2910
Documented Emily Dickinson Manuscript Federal Period,5660,12400
Exhibited Frederick Carder Steuben Aurene Art Deco Period,5130,13310
Native American Kachina Doll,12610,30350
Period Gandhara Stone Buddha Head,16250,49310
Museum Quality Alfred Stieglitz Equivalent Print,9530,18210
Oversized Lafite Rothschild 1959,2340,6960
Late French Foreign Legion Kepi c.1920,5830,16900
Matched Chippendale Secretary Desk,11380,25000
Remarkable Victorian Cast Iron Gate c.1820,4390,7740
Outstanding Sporting Gun Cabinet Oak,1890,4050
Fine French Foreign Legion Kepi c.1820,1550,4900
Ornate Japanese Samurai Sword Katana Estate Fresh,23830,54980
Important Woodstock Festival Poster Belle Epoque As Found,5040,6790
Exceptional Classic Car Brochure Collection,340,680
Premier Penny Black 1840 As Found,13740,24360
Oversized Mercedes Benz Star Emblem Vintage c.1910 With Provenance,570,1600
Chinoiserie Lacquer Screen c.1940 As Found,11310,24010
Notable Pediment Fragment Stone c.1800 Museum Deaccessioned,6370,12060
Monumental Japanese Samurai Sword Katana Empire Period,14250,44680
Superb Rhodes Mark I Stage Piano Early 20th Century,15560,25660
Concrete Brutalist Form,30970,76320
Vacuum Tube Radio Cathedral,11980,18080
Citrine Statement Necklace,26250,75000
Monumental Accordion Hohner Gola c.1950 From Private Collection,25850,60000
Revolutionary War Musket Recently Conserved,9680,20000
Provincial Norman Rockwell Saturday Evening Post Late Victorian,1140,2920
Matched IBM Model M Keyboard,10930,30000
Historic Ziegler Mahal Carpet Mid-Century,8180,20030
Attributed Aston Martin Wings Badge With Provenance,1420,3820
Equestrian Saddle Vintage English 19th Century,5650,9430
Monumental Haida Argillite Carving Art Nouveau Period,15170,40000
Soumak Flatweave Bag Modernist Period,1990,4510
Superb Irish Silver Sugar Bowl With Certificate,10000,20000
Bentley Flying B Mascot Unrestored,280,510
Buddy L Pressed Steel Truck,2380,5400
Select Art Deco Chrome Floor Lamp c.1780,6600,17440
Important Chopard Alpine Eagle c.1800,59840,120000
Estate Carriage Clock Brass Repeating,3420,9780
Published Pave Diamond Bangle Art Deco Period,1170,2810
Woodstock Festival Poster 19th Century,4260,7550
Remarkable Paul Revere Silver Bowl,6320,10680
Remarkable Bracket Clock Georgian Ebony Good Condition,6820,18000
Distinguished 1909-S VDB Lincoln Penny With Certificate,24380,71180
Regency Dining Table c.1940,5840,15350
Pristine Martin D-28 Acoustic Guitar c.1910,14990,25480
Oversized Teddy Ruxpin Working Arts & Crafts Era,3970,12600
Outstanding Macallan 25 Year Single Malt Georgian Period,3390,4930
Original Theremin RCA Original Arts & Crafts Era,3600,5690
Provincial Military Field Watch WWII c.1860,46990,120000
Yamaha CFX Concert Grand Piano,430,1050
Rare Single Barrel Rye Whiskey c.1970,8100,21950
Oversized Vintage Gucci Bamboo Bag Excellent Condition,14840,34930
Olympic Games Poster Collection Regency Period,4220,9450
Attributed Banjo Clock American Federal Empire Period Museum Deaccessioned,1340,2890
Early Macallan 25 Year Single Malt Edwardian Era With Certificate,10620,25000
Colonial Shell Art Valentine Box 18th Century Museum Deaccessioned,1120,1980
Unmatched Kilim Flatweave Runner c.1840 With Provenance,1540,3730
Estate Survey Map Colonial Regency Period,820,1830
Period Carriage Clock Brass Repeating c.1910 As Found,8470,18000
Documented Carved Ivory Netsuke c.1860,5780,10910
Exceptional Art Deco Mantel Clock,6640,16940
Signed Renaissance Madonna,51730,150000
Signed Chinoiserie Lacquer Screen Belle Epoque,7400,24060
Pristine Carriage Clock Brass Repeating Post-War Recently Conserved,380,750
Early Agatha Christie Signed First Edition c.1920,19760,37170
Grand Porcupine Quill Box From Private Collection,9550,25000
Restored UN First Issues Collection Art Deco Period,19900,28270
Vintage Rare Single Barrel Rye Whiskey With Provenance,9350,20270
Published Japanese Meiji Bronze Vase Early 20th Century,12070,35200
Decoy Shorebird Carved c.1960,8600,18000
Period Armillary Sphere Desktop Early 20th Century,1410,4420
Exceptional African Tribal Mask Dogon Post-War,18960,40000
Indian Mughal Miniature Painting Art Deco Period,11860,40270
Choice Compass Surveyor's Brass,4590,6770
Continental Tramp Art Frame Layered c.1930,6820,10670
Notable Armillary Sphere Desktop c.1930,780,1590
Drafting Instrument Set Cased c.1930,6070,15000
Oversized UN First Issues Collection Post-War,23120,50000
Museum Quality Victorian Silver Candelabra,1060,1610
Psychedelic Rock Concert Poster,90,310
Ornate Taper Stick Silver Georgian Arts & Crafts Era,2650,3830
Published Vernis Martin Vitrine Display Case c.1930,7270,13590
Certified Tiffany Wisteria Table Lamp 19th Century,530,1350
Select British Guiana One Cent Magenta,4610,12290
Martin D-28 Acoustic Guitar Empire Period,28980,60000
Estate Civil War Battlefield Map c.1880 With Certificate,1810,4640
Attributed JBL Paragon Speaker System Federal Period Good Condition,12370,30000
Vintage Croquet Set Complete c.1960 Recently Conserved,1470,4380
Vintage Fly Fishing Rod Hardy c.1820,3390,6440
Provenance Gilt Bronze Candelabra Pair Edwardian Era Recently Conserved,3570,11760
Wilt Chamberlain Jersey Unrestored,10660,35710
Exquisite Cheval Blanc 1947 c.1780,3370,5450
Exceptional Olympic Games Poster Collection,1450,4010
Matched Revenue Stamp Collection c.1940 Good Condition,19060,37450
Distinguished City Plan Paris 1750 c.1950 Estate Fresh,4930,9630
Notable Fender Stratocaster 1962,5380,16600
Important Antique Brass Car Horn c.1780 Excellent Condition,2230,5000
Student Lamp Brass Double c.1930 Unrestored,5400,15940
Perfin Stamp Collection Arts & Crafts Era As Found,9000,12280
Bottega Veneta Clutch From Private Collection,6350,16160
Outstanding Game Bird Print Set Framed,2030,7080
Signed Sarouk Fereghan Rug Modernist Period,11160,24660
Scarce Chinese Art Deco Carpet c.1950,2840,6600
Fine 1909-S VDB Lincoln Penny c.1860,1400,3990
Important Kerosene Lamp Cranberry Glass c.1960,4180,10920
Notable Tolkien Hobbit 1st Ed c.1930,7960,27350
Chartreuse VEP Green 19th Century,11250,25000
Antique Darts Board c.1820,5020,7330
Remarkable Chinese Jade Bi Disc Regency Period From Private Collection,22030,60000
Vintage Penny Black 1840 Modernist Period,13840,26170
Cigar Store Indian Figure Mid-Century,160,370
Wilt Chamberlain Jersey Museum Deaccessioned,20240,26360
Delicate Antique Weathervane Copper Empire Period,830,1320
Premier Polynesian Tapa Cloth Unrestored,460,1090
Van Briggle Lorelei Vase Estate Fresh,8910,15130
Superb Realist Portrait c.1940,40820,106560
Remarkable Tiffany Dragonfly Table Lamp Empire Period From Private Collection,7480,11360
Restored William Eggleston Color Print,7390,9660
Museum Quality Carriage Clock Brass Repeating,4550,15580
Late Inuit Soapstone Carving Unrestored,19760,40000
Exhibited Flemish Verdure Tapestry With Provenance,4860,13300
Fine Mercury Barometer Stick Type c.1880,5420,17120
WWII Enigma Machine Component,4340,11240
Fine Seed Pearl Collar Necklace c.1960,10950,28710
Late Richard Avedon Portrait Print Unrestored,8600,14160
Monaco Grand Prix Program 1962,2330,5000
Signed Antique Decoy Duck Carved Good Condition,230,680
Magnificent Buccellati Silver Bowl,540,1440
Antique Ormolu Mounted Marble Urn Good Condition,6530,13860
Unique Dobro Resonator Guitar Vintage Belle Epoque,28740,60000
Documented Hooked Rug Floral Design,2600,5140
Exhibited Blenko Hand Blown Decanter c.1860 With Provenance,3100,8150
Scarce Ceramic Raku Sculpture,12410,35800
Period Seiko Grand Seiko Spring Drive,30780,73570
Unique Tudor Black Bay Art Deco Period,2390,6180
Signed Medieval English Groat Regency Period,25290,75340
Period Mauritius Post Office Stamp,17320,43720
Scarce Hawaiian Missionaries Stamp c.1960,6240,20000
Continental Cadastral Survey Map Antique Post-War,3830,6220
Watercolor Mountain View,50000,75630
Outstanding Edward Steichen Fashion Print From Private Collection,9880,27860
Givenchy Audrey Hepburn Dress Edwardian Era,13250,35000
Exhibited Dunhill Leather Briefcase Federal Period From Private Collection,16760,31070
Matched Victorian Military Medals Group Arts & Crafts Era,4530,14810
Signed Bach Stradivarius Trumpet c.1960,9150,18120
Ornate Whirligig Carved Sailor Early 20th Century As Found,4540,12860
Original Armillary Sphere Desktop c.1780,5200,8950
Select Equestrian Saddle Vintage English Empire Period,120,190
Provincial Ashanti Gold Weight Bronze c.1780,7450,14780
Vintage Victorian Porch Brackets Pair Georgian Period,2130,5600
Unmatched Klipschorn Speaker Pair Art Nouveau Period Good Condition,8270,17460
Premier AA Badge Chrome Collection,50,140
Estate Secretariat Derby Photo Regency Period,4960,12120
Cartier Silk Scarf Good Condition,5440,17410
Vintage Wimbledon Championship Trophy Replica,18200,23850
Bracket Clock Georgian Ebony,5880,8570
Unique Hair Art Memorial Wreath c.1920,4410,13440
Brass Samovar Russian,3760,11540
Oversized Cinderella Stamp Album,1380,1990
Museum Quality Atmos Clock Jaeger-LeCoultre,5010,10130
Cassandre Normandie Poster Unrestored,2400,6430
Outstanding Art Nouveau Bronze Table Lamp c.1820,3910,5690
Comtoise Clock French Provincial,1810,3320
Original Sand Cast Bronze Relief,38530,80000
Accordion Hohner Gola Regency Period Estate Fresh,9220,29710
Fine Modernist Composition Post-War As Found,63930,89820
Late Sweden Treskilling Yellow,7110,11580
Staffordshire Spaniel Pair,10940,33040
Published Vernis Martin Vitrine Display Case,11290,18420
Psychedelic Rock Concert Poster As Found,5520,10340
Olympic Games Stamp Collection c.1940 Museum Deaccessioned,13080,20760
Signed Antique Bible Leather Bound,5300,11090
Dumbwaiter Tiered Stand c.1860,4240,11530
Continental Aboriginal Boomerang Carved,8570,16780
Exceptional Antique Brass Car Horn Post-War,730,1270
Fine Toulouse-Lautrec Moulin Rouge Poster From Private Collection,230,730
Magnificent Zenith El Primero c.1780,56980,120000
Scarce Fijian War Club Carved c.1910,7060,23790
Outstanding Super Bowl I Program Edwardian Era,17710,50000
Magnificent F. Scott Fitzgerald Signed Copy,5720,18410
Scrimshaw Whale Tooth Excellent Condition,6570,18000
Oversized First Day Cover Collection Regency Period,4220,8180
Important Cappiello Campari Poster Georgian Period,150,270
Superb Hamada Shoji Tea Bowl Museum Deaccessioned,14940,38360
Early Railroad Pocket Watch,39110,98050
Victorian Military Medals Group c.1940,770,1650
Pristine Persian Miniature Manuscript Page From Private Collection,3280,10720
Victorian Silver Candelabra Late Victorian,3440,6250
Korean Celadon Bowl,410,1330
Early Moonstone Cocktail Ring c.1820,11240,34840
Museum Quality Night Clock Oil Lamp Italian c.1920,3900,7720
Paul Revere Silver Bowl,3300,6940
Select Marantz 2270 Receiver c.1820,640,960
Outstanding Labradorite Pendant,11140,35950
Period Alfred Stieglitz Equivalent Print,740,1980
Luminist Harbor View,22630,56010
Ornate Newcomb College Vase Mid-Century,13410,17940
Select Soapstone Animal Carving Early 20th Century Recently Conserved,24600,68580
Superb Antique Tennis Racket,3910,7150
Museum Quality Kneehole Desk Georgian Late Victorian,1140,3790
Delicate Val Saint Lambert Vase Post-War Recently Conserved,570,1100
Miniature Spanish American War Poster Federal Period Good Condition,4440,10860
Reclaimed Barn Door Arts & Crafts Era With Certificate,1800,2930
Grand Cast Iron Garden Urn Pair As Found,140,450
Attributed Cameo Shell Brooch c.1970,12940,22160
Matched Incunabulum Leaf 1480s,7670,23420
Select Planimeter Measuring Instrument c.1910 Good Condition,300,840
Boulle Marquetry Bracket Clock,4020,10260
Outstanding Tower Clock Movement Antique c.1800,5660,17590
Authentic Handel Reverse Painted Lamp Post-War Excellent Condition,7760,17140
Magnificent Retro Ruby Bracelet c.1960 Unrestored,10750,17210
Leica M3 Camera Body c.1930 Recently Conserved,11950,29210
Exceptional Larry Bird Game Worn Sneakers c.1960,920,2180
Provenance Painted Fireboard Scene Federal Period,1390,3600
Notable Leica M3 Camera Body Good Condition,12050,20320
Civil War Letters Collection c.1860,1930,2730
Premier Toulouse-Lautrec Moulin Rouge Poster Art Nouveau Period Excellent Condition,1420,4190
Published Ship Figurehead Carved Art Deco Period Unrestored,7120,16770
Documented 1990 Screaming Eagle Cabernet Art Nouveau Period,2930,7660
Remarkable Maserati Trident Badge Collection Mid-Century,570,1250
Sarouk Fereghan Rug Estate Fresh,12270,26920
Tiger Woods Tournament Putter,21390,50000
Exceptional China Red Revenue Stamp c.1840,21660,50000
Rare Terra Cotta Garden Planter Large,2090,5600
Vacheron Constantin Patrimony c.1960,31730,73340
Scarce WWII German Binoculars,7170,20000
Surrealist Dreamscape,12480,22230
Sevres Porcelain Clock Garniture c.1820,8820,14500
Op Art Optical Illusion,4410,13530
Rare Sevres Porcelain Clock Garniture,11690,25000
India Scinde Dawk Early 20th Century,14610,35670
Color Field Painting Large,49940,94570
Rare Japanese Samurai Sword Katana c.1900,19480,59010
Exquisite KPM Berlin Plaque Post-War,260,640
Signed Indian Brass Temple Bell,6960,14720
Rushlight Holder Iron Art Nouveau Period,7150,18480
Matched Lyrical Abstraction Canvas c.1940 With Provenance,64960,103930
Select Vernis Martin Vitrine Display Case Good Condition,2140,3810
Oversized Haida Argillite Carving Excellent Condition,18920,26980
Restored Edward Steichen Fashion Print 18th Century Estate Fresh,14190,21020
Standing Liberty Quarter c.1920 As Found,27960,37440
Monumental US Airmail Stamp Collection,19890,50000
Remarkable Balloon Clock Edwardian,4080,11120
Colonial Vintage Tube Amplifier From Private Collection,7620,24470
Terracotta Statuette Estate Fresh,26360,36140
Ornate Carved Wood Totem Late Victorian,11860,16920
Colonial Macallan 25 Year Single Malt c.1950 With Provenance,6620,9980
Outstanding Trade Dollar Proof Late Victorian,12040,20350
Continental Arts & Crafts Oak Settle Arts & Crafts Era,10030,25000
Vacheron Constantin Patrimony Art Nouveau Period,59760,120000
Unique Hamada Shoji Tea Bowl With Certificate,10320,29610
Delicate Sevres Porcelain Clock Garniture,11800,25000
Distinguished Dinky Toys Collection Boxed c.1840 Recently Conserved,5050,6640
Restored Bouillotte Lamp Brass French,8690,20000
Remarkable Chinoiserie Lacquer Screen c.1960 With Certificate,1420,2290
Grand Antique Brass Door Hardware Set c.1840,2940,6740
Ornate Robert Mapplethorpe Flower Print c.1970 Museum Deaccessioned,11320,28410
Museum Quality Modernist Composition Recently Conserved,14290,37440
McIntosh MC275 Amplifier Regency Period,3700,10850
Scarce Tiffany Dragonfly Table Lamp,3060,7370
Fine Walker Evans FSA Print Post-War With Certificate,14530,30000
Important Plein Air Coastal Scene,5940,15460
Select Royal Copenhagen Flora Danica Plate,710,2110
Remarkable Hudson River School Landscape,49750,120420
Museum Quality Vintage Neon Beer Sign Empire Period,5210,17130
Authentic Autoharp Oscar Schmidt Antique,18680,60000
Period Dobro Resonator Guitar Vintage Museum Deaccessioned,4600,9470
Rare Bugatti Radiator Cap,1400,2810
Exhibited Victorian Porch Brackets Pair Modernist Period,2630,6780
Pristine Sony Walkman TPS-L2 Original,7440,22390
Antique Error Stamp Collection c.1900,2940,5050
Standing Liberty Quarter c.1960 With Certificate,35550,58630
Notable Wire Mesh Figure,29380,64360
Miniature Aquamarine Tiara,8740,20920
Distinguished Decoy Shorebird Carved Excellent Condition,8540,16580
Regency Silver Sauce Boat Modernist Period Good Condition,9480,20000
Pembroke Drop-Leaf Table Edwardian Era Good Condition,1810,3930
Fine Audubon Birds Print,9050,30740
Oversized Czech Art Glass Sculpture Art Deco Period,2660,9140
Chanel Tweed Jacket Vintage c.1840,13510,35000
Wurlitzer Electric Piano Recently Conserved,21720,31610
Miniature Billiard Cue Antique Inlaid With Certificate,4590,12000
Standing Liberty Quarter c.1950 With Certificate,8980,26360
IWC Portugieser Chronograph,6310,21070
Vintage Russian Niello Silver Box,7480,13230
Historic Atmos Clock Jaeger-LeCoultre c.1970 As Found,4400,11360
Masters Tournament Flag Signed Art Nouveau Period,1260,3820
Superb Stradivarius Violin Copy With Provenance,2020,6220
Steering Wheel Nardi Wood Good Condition,1270,4030
Miniature Hans Coper Spade Form Edwardian Era,8870,20900
Distinguished Val Saint Lambert Vase With Provenance,3850,6500
Delicate Microscope Brass Compound Museum Deaccessioned,2600,4690
Provenance Dorothea Lange Migrant Mother Print,550,1280
Fortuny Delphos Gown,90,240
Vintage Marine Chronometer Boxed Mid-Century With Provenance,3930,8820
Zeppelin Mail Cover Belle Epoque,2510,7130
Important Illuminated Medieval Psalter Empire Period,21380,50000
Monumental Chrysoprase Brooch,7180,15170
Continental Korean War Dog Tags c.1900,7720,13910
Grand Railroad Map United States 1870 c.1820,3790,11820
Exhibited Art Deco Silver Cocktail Shaker,790,2450
Fine Mercedes Benz Star Emblem Vintage c.1930 As Found,2240,5000
Superb Hans Coper Spade Form c.1910,13010,21690
Korean War Dog Tags c.1800,8230,20000
Fine Schiaparelli Shocking Pink Hat With Provenance,7140,24500
Spain Classic Period Collection,5730,8830
Period Gordon Parks Photo Essay Print Georgian Period,8480,14390
Pristine Crimean War Medal,8780,18030
Exhibited Venetian Lattimo Glass Bowl,12100,23980
Majolica Garden Seat,860,1460
Grand Chartreuse VEP Green,310,640
Exceptional Newcomb College Vase Arts & Crafts Era Unrestored,14090,19540
Estate Cigar Store Indian Figure,3990,7240
First Day Cover Collection,7090,21890
Pristine Wilt Chamberlain Jersey c.1900 Excellent Condition,22710,50000
Pristine Cold War Era Spy Camera Art Deco Period,8720,20000
Delicate WWII Aviator Leather Jacket With Certificate,7950,16890
A. Lange & Sohne Saxonia,55820,101590
Late Hammond B3 Organ,21420,51020
Restored Cold War Era Spy Camera,7650,14760
Important Helmut Newton Fashion Print,8030,27920
Swiss Tourism Poster Vintage,1250,2000
Scarce Chinese Export Silver Tea Caddy,1120,2980
Oversized Blancpain Fifty Fathoms Estate Fresh,940,1560
Museum Quality Carnival Glass Punch Bowl Set,7520,12980
Rhodes Mark I Stage Piano,15610,39290
Breitling Navitimer Regency Period,34220,95410
Drafting Instrument Set Cased c.1840,1310,2740
Rare Art Deco Travel Poster Paris,1580,5290
Provenance 1909-S VDB Lincoln Penny Federal Period,7510,10120
Published Fender Stratocaster 1962 Recently Conserved,11320,30600
Choice Meissen Porcelain Figurine Post-War Museum Deaccessioned,1030,2100
Delicate Antique Celestial Globe Good Condition,1100,1470
Published Hennessy Paradis Imperial,11060,25000
Monumental Walking Liberty Half Dollar Art Nouveau Period,21620,74240
Provenance Suzani Embroidered Textile,12210,30000
Unique Sevres Porcelain Clock Garniture,1740,2900
Colonial Japanese Meiji Bronze Vase From Private Collection,4750,14180
French Ormolu Mantel Clock Georgian Period,6840,12140
Early Silver Gilt Wine Cooler c.1780,5820,8500
Outstanding Vintage Ferragamo Pumps c.1800 Estate Fresh,5820,15400
Attributed Chinese Tang Dynasty Mirror Regency Period Unrestored,3680,8800
Documented Finial Cast Iron Roof c.1910,4570,13240
Attributed Taper Stick Silver Georgian Late Victorian Excellent Condition,6260,17060
Outstanding Dom Perignon 1996 Federal Period,3840,10640
Authentic Orrery Planetary Model,5320,8870
Unmatched Christofle Silver Tureen c.1780,8970,20000
Superb Rolling Ball Clock Brass Late Victorian,4540,8560
Dalmore 50 Year Single Malt 19th Century,11930,19120
Vintage Gucci Bamboo Bag,10610,27890
Monumental Taper Stick Silver Georgian,1470,3000
Estate Comtoise Clock French Provincial c.1950 As Found,1310,4520
Pristine Fanlight Transom Window,4620,12700
Plaster Maquette 19th Century,35550,80000
Select Soumak Flatweave Bag Late Victorian As Found,4080,11280
Ornate Codex Fragment Medieval Post-War,20460,50000
Provenance Flemish Verdure Tapestry Unrestored,14180,30000
Select Lladro Porcelain Figure c.1860 With Provenance,9450,19540
Pan Am Airlines Poster 1960s With Certificate,460,790
Superb Mid-Century Arco Floor Lamp,8840,13640
Civil War Battlefield Map Early 20th Century,6940,20000
Period Oris Aquis Date 19th Century,19970,62400
Ornate WWII Enigma Machine Component,540,920
Fine Rhodes Mark I Stage Piano,3980,6060
Provincial Art Nouveau Display Cabinet Post-War As Found,3310,10260
Pristine Chess Set Staunton Weighted c.1800,3280,5120
Late Ship Figurehead Carved,360,480
Attributed Shell Oil Porcelain Sign Post-War,620,1700
Continental Art Exhibition Poster Picasso c.1950,4840,8430
Colonial Papua New Guinea Spirit Mask Modernist Period Good Condition,2910,4940
Pewter Miniature Set Late Victorian Recently Conserved,36330,80000
Antique 1909-S VDB Lincoln Penny,17670,27820
Outstanding Napoleonic Era Cavalry Saber 19th Century,9020,15310
Miniature Japanese Samurai Sword Katana c.1900 From Private Collection,1330,2550
Pristine Brass Telescope Victorian c.1880,6190,15000
Museum Quality Vintage Armagnac 1893 c.1800,2350,6650
Miniature Lafite Rothschild 1959 c.1860,1800,5300
Exceptional Hard Edge Abstraction c.1780,61920,150000
Colonial Sultanabad Mahal Carpet Modernist Period,2750,8460
Premier Walt Whitman Leaves of Grass 1st Ed As Found,10840,23400
Pristine Chinese Art Deco Carpet Georgian Period,5210,16380
Provincial Michael Jordan Game Jersey c.1860 Recently Conserved,18350,31860
Silver Gilt Wine Cooler Georgian Period,5760,19080
Rookwood Art Pottery Vase Post-War Good Condition,15410,38370
Barograph Recording Aneroid Regency Period,6170,8960
Antique Korean Celadon Bowl Unrestored,5870,12000
Tempera on Panel Mid-Century,15380,27720
Sepik River Ancestor Figure c.1800,10820,33710
Select Byzantine Gold Solidus,44560,100000
Magnificent Postal History Cover Collection c.1900,15840,50000
Fine Original Ferrari Owners Manual,940,3170
Monumental Signed Einstein Letter Post-War With Certificate,1900,4560
Published Vietnamese Ceramic Bowl As Found,16610,41420
Japanese Kimono Silk Vintage c.1960 With Certificate,2930,7400
Provenance Woodstock Festival Poster,620,1030
Fine Vintage Croquet Set Complete,4070,9510
Antique Decoy Duck Carved c.1920 Museum Deaccessioned,900,1260
Museum Quality Shell Art Valentine Box c.1820,2200,3730
Continental Vintage Pucci Silk Dress Late Victorian,2660,7740
Notable Military Field Watch WWII Federal Period,53840,120000
Notable Hewlett Packard HP-35 Calculator Late Victorian,6490,10900
Period Georg Jensen Silver Pitcher c.1920 As Found,2250,4160
Provenance Aviation Chart WWII Pacific,2440,6300
Error Stamp Collection From Private Collection,18620,37270
Restored Comtoise Clock French Provincial Art Deco Period,3040,5040
Restored Rolex Submariner,6190,20720
Colonial Backgammon Set Leather Vintage,2030,6120
Hooked Rug Floral Design Georgian Period With Certificate,6640,10460
Romanticism Storm Scene Regency Period,69440,150000
Continental Fishing Creel Wicker Antique c.1800,690,2260
Remarkable Codex Fragment Medieval c.1960,15380,22690
Unmatched Bouillotte Lamp Brass French c.1820,9050,20000
Exceptional Aneroid Barometer Victorian,4020,12560
Madame Gres Draped Gown Early 20th Century,12510,20330
Matched Vintage Port Taylor's 1963 c.1920 With Certificate,11190,25000
Hammond B3 Organ c.1880,10740,31390
KPM Berlin Plaque,13540,40000
Delicate Planimeter Measuring Instrument Modernist Period,5240,15000
Continental Reclaimed Church Doors Oak Modernist Period,6070,10890
Admiralty Chart British Navy From Private Collection,2760,7480
Continental Cuckoo Clock Black Forest Art Nouveau Period,1220,2670
Distinguished Breguet Classique Federal Period From Private Collection,11430,20040
Ornate Conn 8D French Horn Estate Fresh,24790,36620
Grand Arts & Crafts Oak Settle,2980,6770
Premier Hennessy Paradis Imperial Art Deco Period,12330,25000
Historic Edward Weston Pepper Print Excellent Condition,10770,30000
Rare Jade Carving c.1910 With Certificate,9700,33460
Oversized Japanese Samurai Sword Katana,860,1270
Exceptional Mercury Barometer Stick Type,7640,13400
Faberge Style Egg c.1940 Museum Deaccessioned,8050,20030
Important Victorian Silver Candelabra c.1780,4500,8000
Vintage Sea Chart Dutch Golden Age Edwardian Era,2630,9200
Miniature Cabochon Emerald Brooch,19660,47130
GI Joe Prototype Early 20th Century,3520,8730
Signed Sextant Ebony Frame c.1970,6560,15000
Original Nepalese Bronze Deity Figure Mid-Century Good Condition,22870,60000
Pairpoint Puffy Boudoir Lamp As Found,8460,20000
Magnificent Bouillotte Lamp Brass French,4940,8130
Continental Chinese Cash Coin Collection,9120,21850
Select Vintage Ray-Ban Aviators With Provenance,760,2040
Restored Chinoiserie Lacquer Screen c.1920 Estate Fresh,150,490
Remarkable Art Deco Automobile Mascot,1260,1680
Oversized Nepalese Bronze Deity Figure c.1820,18220,49390
Early Bernard Leach Charger c.1780 From Private Collection,12420,23020
Remarkable Chinese Chippendale Mirror,9750,17160
Magnificent Billiard Cue Antique Inlaid c.1970 With Certificate,2740,4070
Original Spanish Doubloon Recently Conserved,41150,98470
Sultanabad Mahal Carpet Late Victorian With Provenance,4550,9020
Rare Art Deco Beaded Flapper Dress c.1900,2670,6220
Chronometer Marine Deck c.1950 Estate Fresh,6960,15000
Provincial Carnival Glass Punch Bowl Set Modernist Period,2660,5050
Signed Audubon Birds Print c.1880 Unrestored,7620,17700
Select Baroque Religious Painting Belle Epoque,51940,138200
Attributed Vintage Ray-Ban Aviators,2600,4140
Miniature Secretariat Derby Photo,12380,31430
Exceptional Modernist Composition Mid-Century,56060,95210
Select Arts & Crafts Mica Shade Lamp c.1840,1950,6670
Beadwork Purse Victorian,1770,5310
Distinguished Napoleonic Era Cavalry Saber Good Condition,9420,20000
Superb Qashqai Tribal Bag 18th Century,4320,8510
Premier Retro Ruby Bracelet c.1930,17630,33920
Exquisite Cigar Store Indian Figure,8620,18000
Unique Comtoise Clock French Provincial Regency Period,7140,14720
Published Trestle Refectory Table,10100,25000
Museum Quality Jesse Owens Olympic Photo Signed,14970,45730
Estate Garry Winogrand Airport Print,7320,9910
Monumental Buffet R13 Clarinet As Found,13700,21390
Oversized Cookie Board Springerle With Provenance,2210,6080
Restored Panerai Luminor Marina Mid-Century,56800,120000
Authentic Noh Theatre Mask c.1800,6400,15800
Unique Bouillotte Lamp Brass French Arts & Crafts Era,2670,5580
Vintage Korean Celadon Bowl Empire Period Excellent Condition,4430,14520
Oversized Le Mans Poster Original 1955 Unrestored,880,1320
Fine French Foreign Legion Kepi c.1970,360,670
Antique Celestial Globe,2220,4540
Estate Tower Clock Movement Antique,7600,10610
Edwardian Silver Card Case Belle Epoque Good Condition,3370,10310
Superb 1945 Mouton Rothschild c.1910 Museum Deaccessioned,2220,5160
Distinguished Carved Wood Totem,28070,80000
Vintage Vintage Pocket Watch Gold Modernist Period,44800,107020
Exceptional Lewis Carroll Alice 1st Ed c.1950,12940,34560
Cassandre Normandie Poster c.1860 Unrestored,5170,12000
Delicate Tiffany Wisteria Table Lamp Excellent Condition,3200,5940
Whittled Walking Cane Edwardian Era,3670,9160
Colonial Emily Dickinson Manuscript Empire Period,16840,50000
Published Conn 8D French Horn 19th Century,27510,60000
Art Deco Wristwatch c.1820,51890,120000
Matched Theodolite Surveying Instrument c.1970,860,1800
Papier Mache Tray Victorian 18th Century,1900,3420
Original Weather Vane Rooster Copper c.1970,2620,5820
Equestrian Saddle Vintage English c.1960,5680,12000
Miniature Monaco Grand Prix Program 1962 c.1780,1530,2010
Magnificent Taper Stick Silver Georgian c.1780,1910,3880
Mandolin Gibson F-5 Lloyd Loar Federal Period,26590,57810
Olmec Jade Mask Fragment Regency Period,16960,40000
Gandhara Stone Buddha Head Early 20th Century,4110,7240
Published First Day Cover Collection,21380,47900
Steiff Teddy Bear 1905 c.1800,4620,9730
Period Theremin RCA Original Recently Conserved,25460,60000
Secretariat Derby Photo,4160,10010
Pele Signed Brazil Shirt Art Nouveau Period,12380,29000
Select Durand Pulled Feather Vase,11670,20160
Restored Dutch Marquetry Cabinet,2100,5690
Pristine Zuni Fetish Carving Collection 19th Century,10990,34770
Attributed Hall Tree Coat Stand c.1920,5310,9820
Matched Pewter Miniature Set,770,1110
Ortelius Theatrum Orbis Page c.1950,2900,8360
Monumental Dunhill Leather Briefcase c.1840,5640,11180
Provenance French Foreign Legion Kepi Belle Epoque,3290,10990
Exhibited Weather Vane Rooster Copper Art Nouveau Period With Provenance,7690,10490
Kobe Bryant Rookie Card c.1860 Excellent Condition,14590,25180
Rare Accordion Hohner Gola c.1960 With Certificate,7580,23510
Antique Tiffany Dragonfly Table Lamp Good Condition,8260,20000
Magnificent Heriz Serapi Rug 18th Century,5830,18380
Kilim Flatweave Runner Georgian Period Recently Conserved,14090,30000
Remarkable Realist Portrait 19th Century,35360,90640
Original Victorian Silver Toast Rack,9210,20000
Fine Vintage Pucci Silk Dress c.1920,5400,18430
Notable Castrol Oil Can Collection Empire Period Good Condition,1290,3930
Unmatched Stephen Shore Uncommon Places Late Victorian,7520,21720
Walt Whitman Leaves of Grass 1st Ed Mid-Century Good Condition,18400,43330
Colonial Canterbury Magazine Rack,5620,16140
Published Native American Kachina Doll,11270,31860
Astronomical Regulator Clock,6000,8970
Provincial Antique Celestial Globe Federal Period,1420,3180
William & Mary Gatelegged Table c.1930,10410,23600
Magnificent Fairy Lamp Clarke's Patent,3540,9480
Continental Atari Jaguar Console Sealed c.1940,6170,15000
Wimbledon Championship Trophy Replica From Private Collection,22300,40680
Kosta Boda Art Glass Bowl c.1920 Unrestored,6240,21520
Late Silk Route Trade Map Reproduction,5880,12000
Delicate Antique Brass Car Horn c.1780,980,3080
Historic Carved Stone Garden Bench Late Victorian,2430,7310
Unmatched Victorian Botanical Atlas 19th Century,19100,29770
Certified 1961 Chateau Latour Art Nouveau Period,12000,25000
Alphonse Mucha Art Nouveau Print Art Deco Period,4180,10940
Scarce Barbie #1 Original 1959 c.1780,2960,8910
Blenko Hand Blown Decanter,2360,6970
Restored Cartier Silk Scarf c.1950,7910,20760
Unmatched Soapstone Animal Carving Unrestored,25690,44130
Noh Theatre Mask Museum Deaccessioned,9040,16540
Provincial Larry Bird Game Worn Sneakers,21850,50000
Antique Terrestrial Library Globe 18th C c.1950,4630,12000
Grand Op Art Optical Illusion Edwardian Era,42530,109120
Unique Indian Head Gold Eagle Edwardian Era,31710,88550
Chateau Margaux 1990 With Provenance,6560,15330
Documented Olympic Games Stamp Collection c.1860,24870,50000
Important A. Lange & Sohne Saxonia Late Victorian,30680,102070
Important Vacuum Tube Radio Cathedral Georgian Period,9880,18760
Film Noir Movie Poster Original,5280,12000
Delicate Audemars Piguet Royal Oak c.1880 From Private Collection,16200,51620
Continental Incunabulum Leaf 1480s Modernist Period,16860,49280
Period Whitefriars Tangerine Vase Estate Fresh,4480,11640
Breguet Classique,3520,9610
Baluch Prayer Rug Arts & Crafts Era Museum Deaccessioned,7940,24050
Museum Quality Heriz Serapi Rug,9220,12410
Magnificent Night Clock Oil Lamp Italian Late Victorian,3720,11680
Historic George Ohr Puzzle Mug 19th Century,17940,40000
Restored Robert Mapplethorpe Flower Print Museum Deaccessioned,3580,9080
Chateau Margaux 1990 c.1820,8520,12030
Scarce Vernis Martin Vitrine Display Case c.1800,7430,11770
Faberge Style Egg c.1780 With Provenance,820,1930
Early Curta Calculator Type II 19th Century As Found,6800,16700
Miniature Gandhara Stone Buddha Head Empire Period,29820,60000
Delicate Ship Figurehead Carved Regency Period,5150,17810
French Ormolu Mantel Clock,6550,18000
Published Panerai Luminor Marina Recently Conserved,25660,33800
Steuben Crystal Eagle Belle Epoque With Certificate,4370,13980
Attributed Nantucket Lightship Basket c.1900,6410,18000
Ornate Sepik River Ancestor Figure,12120,32440
Premier Fencing Foil Set Antique Late Victorian As Found,1380,4420
Superb Jaguar Leaper Hood Ornament c.1840 As Found,710,990
Exquisite Nantucket Lightship Basket,7170,11150
Provincial Art Deco Silver Cocktail Shaker Belle Epoque With Provenance,9860,20000
Sevres Porcelain Urn c.1880,170,290
Matched Hammond B3 Organ,17940,32670
Important Madame Gres Draped Gown Museum Deaccessioned,13730,35000
Rare Original Ferrari Owners Manual,820,1080
Fine Muhammad Ali Fight Poster c.1950,11310,23310
Turkmen Tekke Carpet c.1780 Museum Deaccessioned,8530,26140
Early Alphonse Mucha Art Nouveau Print,2590,8630
Exceptional Versace Medusa Evening Gown,3930,12730
Important Whirligig Carved Sailor,1140,2820
Scarce Seed Pearl Collar Necklace c.1880 From Private Collection,12850,35730
Exquisite Vintage Gucci Bamboo Bag,1150,2090
Delicate US Airmail Stamp Collection Post-War,21510,41890
Kobe Bryant Rookie Card Empire Period,9460,15960
Original Tolkien Hobbit 1st Ed Post-War,16140,33900
Certified Sheraton Card Table,12410,17350
Schuco Micro Racer Good Condition,30,60
Superb Incunabulum Leaf 1480s Early 20th Century With Provenance,10030,34500
Antique Papua New Guinea Spirit Mask c.1960,14820,37810
Original Whitefriars Tangerine Vase c.1800,11110,25000
Unmatched Buffalo Nickel Proof Art Deco Period,35010,54200
Romanee-Conti Grand Cru 2005,10330,18940
Mdina Glass Paperweight Empire Period,920,3020
Fine Perfin Stamp Collection c.1970,17810,28100
Provenance Penny Black 1840,14820,45680
Beatrix Potter First Edition c.1970,21930,50000
Haut-Brion 1989,1470,2810
Tiffany Sterling Flatware Set,1220,4140
Historic Hans Coper Spade Form,7770,13380
Miniature Art Deco Figurative Painting Edwardian Era,63920,150000
Cast Iron Fire Engine Arts & Crafts Era,470,990
Sinumbra Lamp Cut Glass Shade c.1970,480,780
Published Vintage Croquet Set Complete c.1930,5430,12000
Ornate Breitling Navitimer,28430,76820
Early Antique Bible Leather Bound c.1950 Recently Conserved,18130,27900
Monumental Murano Glass Chandelier c.1970,8700,24440
Sheraton Card Table Estate Fresh,7200,10620
Art Deco Diamond Ring,7070,22740
Period Admiralty Chart British Navy c.1960,1600,4960
Documented Industrial Factory Pendant c.1940,3700,12240
Restored Hermes Kelly Bag,8120,21650
WWII Enigma Machine Component Post-War,1870,5900
Soviet Constructivist Propaganda Poster Art Nouveau Period,2470,3950
Pristine Barbie #1 Original 1959 With Provenance,120,170
Magnificent Qashqai Tribal Bag 19th Century,2060,3090
Outstanding Plaster Maquette c.1940,27890,64290
Raku Tea Ceremony Bowl Arts & Crafts Era With Certificate,2230,6790
Choice Military Field Watch WWII Museum Deaccessioned,40340,120000
Rare Original Ferrari Owners Manual Mid-Century,430,1160
Miniature Larry Bird Game Worn Sneakers Arts & Crafts Era With Provenance,3470,9810
Provincial Edwardian Silver Card Case Art Nouveau Period,8190,19270
Superb Suzani Embroidered Textile c.1930,4900,11790
Continental Astrolabe Reproduction,6240,10270
Signed Antique Brass Door Hardware Set c.1910 As Found,7160,11570
Sevres Porcelain Clock Garniture Art Deco Period,430,590
Lewis & Clark Expedition Map c.1860,5340,12000
Superb Michael Jordan Game Jersey c.1910 From Private Collection,11600,28250
Sevres Porcelain Urn,18400,40000
Colonial Haut-Brion 1989 Mid-Century Estate Fresh,5940,9070
Exhibited Maori Carved Tiki Figure c.1780,10440,31120
Windsor Writing Arm Chair c.1880 Recently Conserved,10140,25000
Authentic French Empire Crystal Chandelier 19th Century Estate Fresh,3520,11580
Derek Jeter Game Bat Georgian Period,7220,17500
Miniature Portrait on Ivory,340,710
Colonial France Ceres Issue,120,170
Indian Head Gold Eagle,5390,12590
City Plan Paris 1750 Excellent Condition,3570,8220
Colonial Steiff Teddy Bear 1905 Post-War,4650,15000
Certified Chippendale Secretary Desk,900,1240
Gilt Bronze Candelabra Pair c.1840 Excellent Condition,360,920
Tin Robot Battery Operated,1210,2590
Delicate Aubusson Tapestry Panel,3300,4310
Lee Friedlander Street Print 19th Century Good Condition,11040,21450
Grand Soapstone Animal Carving,4550,13950
Whirligig Carved Sailor,1060,2440
Declaration of Independence Broadside,2690,4320
Provincial Byzantine Gold Solidus c.1880 Good Condition,23330,80320
Premier Victorian Emerald Brooch c.1910,33780,75000
Exquisite Bugatti Radiator Cap,2180,4420
Vintage Frederick Carder Steuben Aurene c.1840,11020,25000
Signed Quezal Art Glass Shade,3510,6070
Fishing Creel Wicker Antique,4250,6580
Important Ancient Map Folio,17380,27460
Outstanding City Plan Paris 1750,280,940
Pairpoint Puffy Boudoir Lamp Georgian Period As Found,7620,20000
Armillary Sphere Desktop Excellent Condition,7030,14450
Hammond B3 Organ c.1970,28090,60000
Provincial Glass Blown Sculpture c.1920,34190,45220
Scarce Blancpain Fifty Fathoms,9720,22730
Published GI Joe Prototype 18th Century,5430,9310
Select Le Mans Poster Original 1955 c.1820,2490,4430
Provincial Signed Einstein Letter c.1940,7080,18480
Important Norman Rockwell Saturday Evening Post,510,760
Exceptional Newcomb College Vase Empire Period,9960,29200
Notable Murano Glass Chandelier 12 Arm,5890,19320
Chess Set Staunton Weighted Federal Period,4270,12000
Ornate Cabbage Patch Kids Original With Provenance,7350,15000
Campaign Officer's Chest,2350,4420
Art Deco Automobile Mascot c.1940,2350,5000
Ornate Beatrix Potter First Edition Federal Period,18570,40330
Late Yoruba Ibeji Twin Figure,18930,40000
Provenance Chinese Scholar's Rock,18230,34730
Burmese Lacquerware Box,16380,51290
Architectural Salvage Column Pair,6130,12990
Matched Commodore 64 Complete System c.1900 From Private Collection,4900,8170
Matched Art Exhibition Poster Picasso,2740,7750
Napoleonic Era Cavalry Saber Post-War,1490,2050
Provincial Whirligig Carved Sailor As Found,4280,8560
Walker Evans FSA Print Georgian Period,5570,13910
Exceptional Industrial Factory Pendant As Found,3920,6060
Pristine Bidjar Iron Rug Post-War Good Condition,7860,20930
Virginia Woolf First Edition Late Victorian,4840,14130
Antique Celestial Globe Empire Period,5680,12000
Scarce Walker Evans FSA Print Late Victorian,400,1310
Authentic Vacuum Tube Radio Cathedral,2120,6680
Museum Quality McIntosh MC275 Amplifier c.1880,8550,18650
Unmatched Vintage Gucci Bamboo Bag c.1930 With Provenance,5340,12840
Antique Darts Board,5110,7200
Chopard Alpine Eagle,32090,52650
Original Victorian Porch Brackets Pair Good Condition,5380,9700
Attributed Balloon Clock Edwardian,5590,14540
Oversized Shooting Stick Silver Collar,4300,6200
Delicate Dutch Marquetry Cabinet 18th Century,4500,12710
Barbie #1 Original 1959 c.1880,510,1240
Exquisite Skeleton Mechanical Watch Early 20th Century Good Condition,42670,118370
Choice Edwardian Silver Card Case c.1820,9980,20000
Exhibited Vintage Croquet Set Complete From Private Collection,4820,10580
Attributed Zither Concert Model Antique c.1800 With Provenance,2240,2980
Olmec Jade Mask Fragment Arts & Crafts Era Unrestored,18750,40000
Original Garden Fountain Tiered Stone Art Nouveau Period,7280,10700
Attributed Wax Fruit Under Glass Dome Recently Conserved,2560,4610
Published Bernard Leach Charger Post-War,14590,25520
Seated Liberty Half Dollar Georgian Period,14630,44670
Exceptional Architectural Salvage Column Pair,2750,8580
Outstanding Breguet Classique Late Victorian As Found,59260,120000
Distinguished Polynesian Tapa Cloth Federal Period With Certificate,5480,17170
Select Serena Williams Match Racket,17080,24710
Unique Cheval Mirror Mahogany c.1910 Excellent Condition,4310,5950
Vintage Olympic Games Poster Collection c.1950,5300,8070
Provenance Chinese Jade Bi Disc Empire Period As Found,3610,11970
Provenance Microscope Brass Compound c.1960,6290,10910
Historic Zulu War Assegai Spear,7210,11860
Scarce Hermes Birkin Bag c.1860 Estate Fresh,13570,24250
Exquisite Flemish Verdure Tapestry Estate Fresh,10590,30000
Premier Chopard Diamond Earrings c.1860,22600,43540
Matched Hasselblad 500C Camera Empire Period,7570,19840
Magnificent Sailor Valentine Shell Art c.1780,5440,8250
Late Celtic Harp Hand Carved Regency Period,17300,57460
Cold War Era Spy Camera 18th Century,5000,9500
Distinguished Barograph Recording Aneroid,7200,15000
Original Olympic Gold Medal Replica c.1860,23300,50000
Original Hot Wheels Redline Collection With Provenance,4370,7120
Museum Quality Polynesian Tapa Cloth Unrestored,8360,14590
Miniature Antique Weathervane Copper c.1940,5460,8640
Period Vintage Ferragamo Pumps,4900,14070
Select Cuckoo Clock Black Forest Edwardian Era With Provenance,8240,18000
Documented McIntosh MC275 Amplifier c.1970,13920,23930
Authentic Majolica Garden Seat Good Condition,5640,14320
Grand Sevres Porcelain Urn,18940,40000
Chronometer Marine Deck,3440,7230
Baccarat Crystal Wine Glasses Mid-Century,10790,19620
Scarce Surveyor's Transit Brass,7440,15000
Attributed Standing Liberty Quarter c.1820 Good Condition,770,2450
Exhibited Topaz Chandelier Earrings,26370,75000
Attributed Panoramic City View Lithograph c.1900,4720,12000
Attributed Vintage Armagnac 1893 c.1780 Good Condition,8680,15460
Museum Quality Civil War Officer's Sword Good Condition,5950,12140
Papua New Guinea Spirit Mask From Private Collection,400,900
Continental Film Noir Movie Poster Original,3080,10560
Estate Backgammon Set Leather Vintage,3520,4740
Notable Klipschorn Speaker Pair,10130,24470
Premier Brass Telescope Victorian c.1820,840,1850
Currier & Ives Lithograph Unrestored,2330,5510
Skeleton Mechanical Watch Modernist Period,48290,77030
Delicate Transformers G1 Optimus Prime 18th Century,6860,15000
Mercury Dime Full Bands c.1860,28390,49390
Vintage Chinese Snuff Bottle Jade Empire Period,20510,60000
Continental Grueby Faience Tile Estate Fresh,12510,16890
Antique Marklin Tin Train Set Good Condition,2510,8080
Distinguished Gutenberg Bible Leaf c.1900,14010,33400
Published Bronze Figurine 18th Century Museum Deaccessioned,11240,18130
Scrimshaw Whale Tooth With Certificate,3190,7880
Superb Macallan 25 Year Single Malt c.1910,10010,25000
Certified Sheraton Card Table c.1880 From Private Collection,11910,21490
Finial Cast Iron Roof c.1910,3310,7430
Grand 17th Century World Map Edwardian Era,4980,12000
Nintendo Game Boy Sealed,6500,15000
US Airmail Stamp Collection,18510,32420
Spanish American War Poster c.1800,4730,6360
Original Dinky Toys Collection Boxed 19th Century As Found,3410,8940
Late Nepalese Bronze Deity Figure,2530,5800
Tramp Art Frame Layered c.1780 Recently Conserved,790,1460
Tanzanite Tennis Bracelet Georgian Period,26330,41720
Miniature Shooting Stick Silver Collar Empire Period Good Condition,2420,4390
Scarce Chinese Jade Bi Disc Museum Deaccessioned,23630,51700
Choice Larry Bird Game Worn Sneakers,1980,6490
Exquisite Antique Brass Door Hardware Set,760,1540
Certified Buddy L Pressed Steel Truck c.1960,530,760
Antique Quilt Log Cabin Pattern Modernist Period Estate Fresh,1530,4340
Matched Cindy Sherman Untitled Film Still c.1920 Unrestored,8020,25380
Continental Admiralty Chart British Navy Arts & Crafts Era,5650,12000
Rhodes Mark I Stage Piano Georgian Period,22700,51680
Pillar Clock Biedermeier Belle Epoque,4960,9730
Tonalist Twilight Scene,35190,100090
Monumental Boulle Marquetry Bracket Clock c.1900 As Found,1200,1890
Scarce Pairpoint Puffy Boudoir Lamp c.1920,4140,14260
Original Armillary Sphere Desktop 19th Century,2480,5850
Period Shakespeare First Folio Page,12420,27500
Monumental Beatles Concert Poster Original Arts & Crafts Era Museum Deaccessioned,4360,7170
Late Kerosene Lamp Cranberry Glass Mid-Century,5000,11810
Original Ferrari Owners Manual,1980,3070
Thematic Space Collection 19th Century,11580,34660
Continental Ceramic Raku Sculpture c.1900,8480,22060
Unique Norman Rockwell Saturday Evening Post,3790,11080
Tolkien Hobbit 1st Ed,9830,29080
Linen Press Walnut c.1910,11120,25000
Magnificent Carved Ivory Netsuke,13260,26750
Delicate Barograph Recording Aneroid,240,750
Sebastiao Salgado Workers Print 19th Century,12430,30000
Unmatched Onyx Decorative Figure c.1800,1460,4630
Authentic Serena Williams Match Racket c.1950,11670,16280
Historic Welded Steel Abstract Art Nouveau Period,19880,61240
Delicate Signed Dickens Volume Empire Period,1710,4140
Pele Signed Brazil Shirt Early 20th Century As Found,10630,20900
Steiff Teddy Bear 1905,5120,15000
Scarce Suzani Embroidered Textile,2080,4770
Certified Gandhara Stone Buddha Head,16680,41380
Exquisite Apothecary Scale Marble Base,5240,15000
Tin Robot Battery Operated c.1930,4760,7080
Museum Quality Billiard Cue Antique Inlaid,1100,3750
Japanese Ukiyo-e Woodblock Print 18th Century,3300,7460
Diego Maradona Signed Shirt,4750,10450
Important Fortuny Delphos Gown c.1900 From Private Collection,13620,19060
Early Indonesian Wayang Puppet Antique c.1800,5110,9880
Fine Magnifying Glass Sterling Handle c.1950,2980,3980
Authentic Suzani Embroidered Textile c.1940,3540,11620
Premier Zuni Fetish Carving Collection Art Deco Period,520,1470
Choice Faberge Style Egg c.1880 Recently Conserved,4240,13330
Documented Antique Kashan Carpet c.1900 Good Condition,1330,4470
Grand Edwardian Pearl Necklace,31510,75000
Unique Schiaparelli Shocking Pink Hat Art Nouveau Period,16960,35000
Restored Buccellati Silver Bowl Post-War,6240,19520
Grand Thematic Space Collection c.1930,12240,39120
Frederick Carder Steuben Aurene c.1780 Excellent Condition,8780,25000
Museum Quality Tortoiseshell Tea Caddy Art Deco Period As Found,3960,7140
Select Christian Dior Bar Suit c.1840,11070,31240
Restored India Scinde Dawk With Provenance,770,1100
Vintage Aubusson Tapestry Panel Art Deco Period,11520,24600
Choice Ship Figurehead Carved,7250,18000
Colonial Swiss Tourism Poster Vintage Excellent Condition,2530,4070
Tempera on Panel,5900,17130
Signed Soumak Flatweave Bag Late Victorian Unrestored,13860,30000
Restored Arts & Crafts Mica Shade Lamp Estate Fresh,1270,2790
Outstanding Cadastral Survey Map Antique c.1940,2110,7300
Certified Victorian Cast Iron Gate Post-War,4500,9390
Admiralty Chart British Navy,3680,6140
Conn 8D French Horn Museum Deaccessioned,23800,43750
Outstanding Moog Minimoog Synthesizer Belle Epoque,6410,11570
Continental Vintage Pucci Silk Dress,17260,35000
Unique Linen Press Walnut,11000,22280
Ornate Vernis Martin Vitrine Display Case Early 20th Century,9630,20800
Ortelius Theatrum Orbis Page c.1840,2070,6710
Miniature Japanese Meiji Bronze Vase Federal Period,16210,29020
Documented Korean War Dog Tags c.1910,9390,15320
Restored Pewter Miniature Set With Certificate,17120,58640
Exhibited Korean Celadon Bowl Late Victorian,19550,33060
Pristine Helmut Newton Fashion Print Early 20th Century Unrestored,6120,13540
Ornate Chronometer Deck Watch Naval c.1920,37900,73700
Walt Whitman Leaves of Grass 1st Ed With Certificate,18360,39780
Restored Auto Racing Trophy 1960s,1710,3300
Sundial Bronze Armillary,6890,10250
Antique Cast Iron Fire Engine c.1900,4360,11850
Museum Quality Mercator Projection Original,5060,12000
Aston Martin Wings Badge,1840,3590
Certified Lewis Carroll Alice 1st Ed With Certificate,1740,3280
Early Silver Trophy Cup Engraved Late Victorian,5470,9240
Maori Carved Tiki Figure Art Deco Period,13760,31790
Acrylic Abstract,70480,110980
Provincial Victorian Garden Bench Iron c.1940,780,1420
Miniature Nintendo Game Boy Sealed,6790,15000
Unmatched Silhouette Portrait Collection Recently Conserved,8360,13740
Fine Luminist Harbor View c.1840,53340,143360
Attributed Reclaimed Stained Glass Window c.1950,3420,11340
Art Nouveau Display Cabinet c.1860,1120,2500
Late Mauritius Post Office Stamp,23510,44560
Monumental Spain Classic Period Collection 18th Century,23350,50000
Late Indian Mughal Miniature Painting c.1970,14250,21230
Provenance Hydrographic Chart Coastal c.1860,2920,6870
Signed Reclaimed Church Doors Oak c.1900,7250,15000
Architectural Salvage Column Pair Belle Epoque Museum Deaccessioned,4290,12470
Historic Mandolin Gibson F-5 Lloyd Loar Empire Period,13580,40360
Original Depression Glass Collection 19th Century,12170,25000
Estate Antique Fireplace Mantel Marble,210,510
French Ormolu Mantel Clock c.1800,7740,17760
Published KPM Berlin Plaque Federal Period With Certificate,1750,5430
Provincial Surveyor's Transit Brass c.1860 With Provenance,800,2030
Yamaha CFX Concert Grand Piano Federal Period,20990,60000
Period Boulle Marquetry Bracket Clock c.1860 As Found,5160,11170
Minimalist Color Field,44320,67580
Art Deco Automobile Mascot Federal Period With Provenance,2360,4340
Lead Garden Cistern Georgian Regency Period,4810,12540
Military Field Watch WWII c.1930,24460,41140
Dalmore 50 Year Single Malt c.1860,10410,25000
Cold War Era Spy Camera,1670,5240
Miniature Art Exhibition Poster Picasso Georgian Period Estate Fresh,5050,12000
Apple I Computer Board 19th Century As Found,14070,25200
Exquisite Postal History Cover Collection c.1840,2780,6900
Authentic Soapstone Animal Carving,7100,19920
Period Theremin RCA Original,18720,41060
Distinguished 1952 Topps Mickey Mantle Card,7130,9740
Exceptional Panerai Luminor Marina,12820,39840
Oushak Wool Carpet,14620,30000
Authentic Topaz Chandelier Earrings,23020,61120
Nintendo Entertainment System Boxed c.1940,4810,7610
Linen Press Walnut,840,1650
Rare Selmer Mark VI Tenor Saxophone Mid-Century,24000,60000
Rare Vernis Martin Vitrine Display Case c.1930 Unrestored,10950,25000
Bessarabian Floral Kilim,7400,24240
Revenue Stamp Collection Late Victorian Good Condition,2510,5500
Whirligig Carved Sailor Art Deco Period,1640,2220
Signed Falklands War Memorabilia Group Georgian Period,5480,12030
Opus One Vertical Collection 19th Century,10660,23040
Faberge Style Egg,340,920
Japanese Ukiyo-e Woodblock Print,200,380
Tiffany Wisteria Table Lamp Art Nouveau Period Excellent Condition,2160,7020
Early Vintage Port Taylor's 1963 c.1880,5650,16660
Art Deco Chrome Floor Lamp c.1950 Unrestored,9340,20000
Continental Vintage Ferragamo Pumps,16190,23780
Early Indian Mughal Miniature Painting c.1860,17850,50780
Documented Carved Oak Church Pew Arts & Crafts Era,1040,3200
Distinguished Papier Mache Tray Victorian Edwardian Era,6170,15430
Magnificent Lionel Standard Gauge Train 19th Century With Provenance,1790,4540
Gibson Les Paul Standard 1959,1040,2480
Dorothea Lange Migrant Mother Print,12600,22130
Provenance Multi-Strand Pearl Choker Arts & Crafts Era,25250,63190
Documented Bracket Clock Georgian Ebony c.1940 With Certificate,7300,18000
Provincial Donegal Arts Crafts Carpet Estate Fresh,5120,13800
Distinguished Currier & Ives Lithograph Early 20th Century,5110,12000
Certified Ship Figurehead Carved,5770,10630
Edwardian Pearl Necklace,33370,75000
Original Venini Glass Pendant Light c.1860 Excellent Condition,6960,20000
Attributed Yves Saint Laurent Le Smoking Jacket Estate Fresh,9520,14230
Exceptional Tiffany Sterling Flatware Set,4670,15280
Bugatti Radiator Cap c.1800,850,1380
Pristine Chess Set Staunton Weighted,5470,12000
Blenko Hand Blown Decanter Belle Epoque,9400,24260
Candelabrum Bronze Empire Early 20th Century,9960,20000
Original Heriz Serapi Rug c.1940 With Provenance,13620,23110
Remarkable Hofner 500/1 Bass Guitar,17330,57650
Olympic Games Poster Collection,4140,10830
Outstanding Boer War Medal Group Edwardian Era,7540,10230
Valentino Couture Cape Federal Period,2310,3780
Select Compass Surveyor's Brass c.1780,7010,15000
Vintage Kosta Boda Art Glass Bowl As Found,1540,4420
Late Wilt Chamberlain Jersey,10480,20320
Late Hitching Post Cast Iron Estate Fresh,2910,9880
Ornate Welded Steel Abstract c.1960 With Provenance,2320,5620
Citrine Statement Necklace c.1860,12320,18640
Antique French Ormolu Mantel Clock,590,1610
Important Cast Iron Fire Engine c.1950 Excellent Condition,4340,10850
Select Persian Tabriz Silk Rug Late Victorian,13820,30000
Unmatched Shooting Stick Silver Collar Art Deco Period With Certificate,5780,12000
Matched Victorian Military Medals Group c.1780 Recently Conserved,3090,6340
Provincial Mixed Media Collage Excellent Condition,58180,102240
Grain Painted Blanket Chest,1440,2850
Pristine Sultanabad Mahal Carpet c.1920,9970,19000
Distinguished A. Lange & Sohne Saxonia Good Condition,31270,73240
Emily Dickinson Manuscript,15360,50000
Reclaimed Stained Glass Window,3610,5460
Unmatched Rare Single Barrel Rye Whiskey c.1960,12330,23660
Masters Tournament Flag Signed c.1860,7620,11770
Colonial Indian Head Gold Eagle,34830,100000
Emilio Pucci Palazzo Pants Unrestored,16450,35000
Original Admiralty Chart British Navy Belle Epoque,4570,7080
Fine Kafka Metamorphosis 1st Ed Recently Conserved,17280,38070
Railroad Pocket Watch 18th Century With Certificate,32200,102620
Sebastiao Salgado Workers Print 18th Century,14760,30000
Premier Emily Dickinson Manuscript Belle Epoque Estate Fresh,19850,27170
Dunhill Leather Briefcase Early 20th Century,12350,25880
Frederick Carder Steuben Aurene c.1820 With Certificate,2350,4180
Premier Sony Walkman TPS-L2 Original,10310,27630
Provenance Masters Tournament Flag Signed With Provenance,11380,26330
Vietnamese Ceramic Bowl Regency Period,27350,60000
Museum Quality Confederate Currency Note c.1820,13220,31340
Trade Dollar Proof From Private Collection,19900,45280
Rushlight Holder Iron 19th Century Recently Conserved,4390,9010
Monumental Sinumbra Lamp Cut Glass Shade Early 20th Century,280,450
Hans Coper Spade Form Art Nouveau Period From Private Collection,13510,38670
Restored Gretsch White Falcon Guitar c.1900,29680,60000
Choice Minimalist Color Field,7930,14540
Civil War Battlefield Map,1960,3150
Scarce Robert Mapplethorpe Flower Print With Provenance,6010,12580
Grand Social Realist Mural Study Recently Conserved,73110,97190
Carnival Glass Punch Bowl Set Edwardian Era,8680,25000
Authentic Penny Black 1840 c.1860,12320,19500
Exhibited WWI Trench Art Vase,5560,10390
Notable Lyrical Abstraction Canvas Museum Deaccessioned,69520,150000
Exhibited Astrolabe Reproduction Belle Epoque Good Condition,600,1050
Wayne Gretzky Rookie Card c.1940,16370,36540
Museum Quality Rolling Ball Clock Brass Belle Epoque,8810,18000
Revolutionary War Musket Belle Epoque,9260,17280
WWII German Binoculars c.1910,430,940
Girandole Mirror Candelabra Recently Conserved,4000,12670
Published Carnival Glass Punch Bowl Set c.1970,2500,6080
Reclaimed Church Doors Oak c.1950 Recently Conserved,2770,7460
Authentic Cartier Tank Art Nouveau Period,31680,82220
Late Daum Nancy Pate de Verre 19th Century,12290,23320
Delicate 1952 Topps Mickey Mantle Card,15200,44540
Remarkable Japanese Ukiyo-e Woodblock Print c.1910 With Certificate,1720,2490
Original Boulle Marquetry Bracket Clock Mid-Century,3510,7360
Indian Mughal Miniature Painting c.1900,29440,60000
Attributed Vintage Gucci Bamboo Bag c.1960,8840,21120
Attributed Spanish Doubloon Modernist Period,850,1310
Exceptional Whitefriars Tangerine Vase Arts & Crafts Era,2260,3160
Documented Carved Ivory Netsuke,9650,24860
Antique Desert Storm Challenge Coin Set Belle Epoque,2970,5990
Tiffany Favrile Glass Vase Arts & Crafts Era,11480,17690
Antique African Tribal Mask Dogon c.1950,2830,9720
Signed France Ceres Issue c.1960,23820,45810
Premier Conn 8D French Horn c.1940 Museum Deaccessioned,29180,47690
Scarce Finial Cast Iron Roof,3230,10540
1952 Topps Mickey Mantle Card Belle Epoque,21460,32610
Cast Iron Garden Urn Pair,3570,7100
Pristine Easter Island Moai Replica 18th Century,4580,13150
Monumental Terracotta Statuette Late Victorian With Certificate,17080,50020
Maserati Trident Badge Collection Art Nouveau Period,2060,5000
AA Badge Chrome Collection,1730,4550
Gandhara Stone Buddha Head c.1860,9750,23840
Exquisite Astrolabe Reproduction c.1840,1000,3460
Signed Theorem Painting on Velvet,2870,3840
Provenance Dutch Marquetry Cabinet,10840,19870
Calculating Machine Brunsviga With Certificate,5690,12070
Ornate Kerosene Lamp Cranberry Glass,7090,20000
Fine Jaguar Leaper Hood Ornament,2190,3450
Newel Post Cap Bronze c.1880,4940,14080
Published Jacobean Court Cupboard Museum Deaccessioned,11020,25000
Period Czech Art Glass Sculpture c.1880,5740,8220
Monumental Comtoise Clock French Provincial Regency Period,4040,5900
Select Sea Chart Dutch Golden Age Recently Conserved,5300,7610
Original Zeppelin Mail Cover,18970,50000
Matched Cartier Silk Scarf Unrestored,2800,9250
Richard Avedon Portrait Print Recently Conserved,980,1960
Historic Psychedelic Rock Concert Poster c.1950 Museum Deaccessioned,4500,6940
Documented Steiff Teddy Bear 1905 Empire Period,6620,15000
Unmatched Codex Fragment Medieval From Private Collection,2000,4570
Scarce French Ormolu Mantel Clock,4740,11290
Antique Art Deco Silver Cocktail Shaker Early 20th Century,7320,15830
Oversized Peace Dollar Uncirculated Museum Deaccessioned,40300,100000
Important KPM Berlin Plaque c.1960,16070,28360
Bakelite Telephone Rotary c.1940 With Provenance,5620,13480
Delicate Darwin Origin of Species 1st Ed,14190,25760
Magnificent Chinese Export Silver Tea Caddy Art Nouveau Period,7410,20000
Continental Mercury Dime Full Bands c.1960,41750,100000
Chinese Cash Coin Collection c.1970 From Private Collection,14100,41920
Yoruba Ibeji Twin Figure,16920,27480
Estate A. Lange & Sohne Saxonia,13360,18800
Historic Daum Nancy Pate de Verre c.1910,11070,25000
Circus Poster Barnum Bailey Post-War,5790,12000
Colonial Continental Dollar c.1880,10310,19760
Notable Geological Survey Map Victorian Georgian Period,2250,4940
Attributed Roseville Sunflower Vase,16980,40000
Grand Georg Jensen Silver Pitcher As Found,4660,14600
Roseville Sunflower Vase,3590,7690
Unique Jacobean Court Cupboard,11420,25000
Documented Arts Crafts Pewter Vase,360,510
Scarce Carved Wood Totem Arts & Crafts Era Good Condition,440,1490
Exquisite Impressionist Garden Scene c.1970,17340,30820
Provincial Antique Tennis Racket c.1970,5260,10710
Commodore 64 Complete System Good Condition,1720,5660
British Redcoat Uniform Button Collection Excellent Condition,8120,20000
Krug Collection 1988 Regency Period,5250,16530
Select Dinky Toys Collection Boxed Belle Epoque With Certificate,5670,15000
Outstanding KPM Berlin Plaque Empire Period,3680,5780
Certified Civil War Letters Collection,19450,50000
Sterling Silver Cigar Box,4720,11500
Remarkable Cheval Blanc 1947 Regency Period,10640,22740
Select Sweden Treskilling Yellow c.1970 With Certificate,6680,14160
Important Oushak Wool Carpet,1120,2040
Restored Gibson Les Paul Standard 1959 Arts & Crafts Era,24960,60000
Haut-Brion 1989 c.1940,10250,25000
Outstanding Chronometer Marine Deck Mid-Century Museum Deaccessioned,1530,2080
Delicate Seiko Grand Seiko Spring Drive,59700,93180
Sundial Pocket Brass Museum Deaccessioned,4600,9020
Estate Georgian Tallboy Chest With Provenance,12230,25000
Apothecary Cabinet,7090,22150
Monumental Michael Jordan Game Jersey Museum Deaccessioned,11270,16230
Monumental Rolleiflex TLR Camera Georgian Period,4250,7090
Monumental Beadwork Purse Victorian Estate Fresh,5860,13760
Early Mexican Sterling Serving Tray Museum Deaccessioned,5350,11040
Orrefors Crystal Vase Signed Empire Period Good Condition,8550,25000
Unmatched 1909-S VDB Lincoln Penny,27020,87620
Exquisite Gilt Bronze Candelabra Pair Museum Deaccessioned,10800,25000
Exquisite Garry Winogrand Airport Print,13210,30000
Early Stone Abstract Form,18010,51030
Attributed Hennessy Paradis Imperial,10840,25000
Exceptional Yamaha CFX Concert Grand Piano Late Victorian,29260,44840
Miniature Tiger Woods Tournament Putter,15850,50000
Miniature Seated Liberty Half Dollar Late Victorian,14840,35980
Outstanding Seiko Grand Seiko Spring Drive c.1900 Good Condition,29220,46840
Delicate Medieval Broadsword Edwardian Era Excellent Condition,9040,20000
Grand Heriz Serapi Rug Late Victorian Good Condition,1580,3680
Fine Vintage License Plate Collection As Found,1670,2620
Rare Greek Tetradrachm Late Victorian Unrestored,28330,44300
Monumental Val Saint Lambert Vase 19th Century,10010,25000
Distinguished Campaign Officer's Chest c.1800 Museum Deaccessioned,6420,10640
Pristine Cast Iron Garden Urn Pair Art Deco Period,4050,10160
Restored Terrestrial Library Globe 18th C,6000,12000
Vintage Armagnac 1893 Empire Period,11360,25000
Premier Indian Brass Temple Bell,26310,51260
Oversized Holland & Holland Double Rifle With Provenance,1760,5470
Miniature Hermes Birkin Bag Georgian Period Estate Fresh,5980,12830
Delicate Lanvin Art Deco Evening Bag c.1910,6700,21000
Estate Garden Fountain Tiered Stone,1440,3820
Notable Cricket Bat Signed Vintage c.1840 From Private Collection,1510,2220
Outstanding Hublot Big Bang Good Condition,41720,70560
Mauritius Post Office Stamp 18th Century Recently Conserved,21740,32880
Magnificent Hublot Big Bang Empire Period,1890,5520
Rare Banjo 5-String Prewar Gibson 18th Century Unrestored,4650,12450
Carved Ivory Netsuke Belle Epoque,18950,57980
Museum Quality Gordon Parks Photo Essay Print c.1960 As Found,8350,19460
Premier Art Deco Beaded Flapper Dress With Certificate,7430,14770
Premier Sextant Ebony Frame c.1970,7410,15000
Attributed Tavern Sign Iron Bracket From Private Collection,4560,11680
Rare Chinese Scroll Painting Landscape Georgian Period,20900,60000
Provenance Saint Louis Crystal Goblet Set Mid-Century,11770,25000
Unique Pembroke Drop-Leaf Table Modernist Period From Private Collection,4870,6680
Unique Secretariat Derby Photo c.1860 Good Condition,22940,50000
Matched Apothecary Cabinet c.1780 Museum Deaccessioned,1910,5430
Spanish American War Poster Unrestored,5630,16510
Provenance Boulle Marquetry Bracket Clock c.1960,10630,14060
Unmatched Curta Calculator Type II Edwardian Era,13860,30000
Ornate Ernie Ball Music Man StingRay Bass Art Deco Period,11900,41570
Pristine Hall Tree Coat Stand,2220,3000
Historic Berenice Abbott Manhattan Print Regency Period With Provenance,200,470
Matched Murano Glass Chandelier,2200,6940
Ornate Shakespeare First Folio Page c.1780,80,240
Kobe Bryant Rookie Card,21480,50000
Ornate Vietnamese Ceramic Bowl As Found,25730,60000
Exceptional Citrine Statement Necklace Belle Epoque,9620,20320
Remarkable Jacobean Court Cupboard Edwardian Era,5420,7640
Macallan 25 Year Single Malt Edwardian Era,11670,24600
Cinderella Stamp Album,14700,44270
Matched Accordion Hohner Gola Empire Period With Certificate,22770,47660
Restored Astrolabe Reproduction c.1930,1120,2560
Oversized Ashanti Gold Weight Bronze 19th Century,3690,10100
IWC Portugieser Chronograph Late Victorian,58620,120000
Early Agatha Christie Signed First Edition c.1880,4940,7840
1990 Screaming Eagle Cabernet Early 20th Century,9970,25000
Louis XVI Commode Art Deco Period,7960,17850
Monumental Microscope Brass Compound,5810,15000
Documented Beatrix Potter First Edition c.1820,280,710
Published Regency Silver Sauce Boat Edwardian Era From Private Collection,6630,18150
Notable Cameo Shell Brooch c.1780,29880,71510
Delicate Double Eagle $20 Gold Coin c.1780,48220,100000
Documented Selmer Mark VI Tenor Saxophone,26520,40000
Terra Cotta Garden Planter Large Empire Period,6570,11490
Rare Painted Fireboard Scene c.1970,7890,18000
Wax Fruit Under Glass Dome c.1880,9030,21440
Chronometer Marine Deck c.1960,5640,14610
Estate France Ceres Issue,18390,47500
Select Victorian Porch Brackets Pair,5760,13620
Japanese Ukiyo-e Woodblock Print Late Victorian,1350,2620
Documented Sundial Pocket Brass c.1900 Good Condition,380,940
Samurai Armor Partial Set,9250,18700
First Edition Hemingway Novel c.1970,24040,50000
Grand Chinese Scholar's Rock c.1910,960,2110
Unmatched 1990 Screaming Eagle Cabernet,8470,25000
Select Tiger Woods Tournament Putter c.1840 As Found,23180,39720
Hunting Horn Silver Mounted,3330,4840
Unmatched Jaguar Leaper Hood Ornament c.1860,1050,3100
Ornate Auto Racing Trophy 1960s Edwardian Era,1040,3560
Provenance Ernie Ball Music Man StingRay Bass Federal Period,2760,8360
Authentic Swiss Cantonal Issue c.1840,4960,6580
Attributed Alphonse Mucha Art Nouveau Print,1920,6260
Magnifying Glass Sterling Handle Modernist Period,7420,15000
Brass Telescope Victorian c.1960,2420,5410
Versace Medusa Evening Gown Art Nouveau Period,120,260
Signed Valentino Couture Cape 18th Century Excellent Condition,16490,35000
Choice Hank Aaron Home Run Ball c.1910,24140,50000
Continental Czech Art Glass Sculpture Georgian Period,5980,17560
Authentic Banjo Clock American Federal 18th Century,4400,12340
Period IWC Portugieser Chronograph c.1860,29690,51150
Antique Wilt Chamberlain Jersey c.1930,24090,48870
Monumental France Ceres Issue Late Victorian,12270,26510
Colonial Ludwig Vistalite Drum Kit Unrestored,24570,34460
Restored Weather Vane Rooster Copper Mid-Century,8330,18000
Miniature Hamada Shoji Tea Bowl Post-War,3910,6100
Student Lamp Brass Double,7620,17470
Ornate Sand Cast Bronze Relief c.1900 Estate Fresh,28010,66630
Exceptional Yamazaki 18 Year Japanese Whisky,3010,8750
Vintage Declaration of Independence Broadside Early 20th Century,24880,50000
Sultanabad Mahal Carpet c.1860 Excellent Condition,3560,5250
Pristine Dalmore 50 Year Single Malt,700,1000
Japanese Koban Gold 19th Century,640,1840
Remarkable Sanborn Fire Insurance Map c.1880,430,1420
Historic Art Deco Chrome Floor Lamp c.1900,8060,10510
Choice Walker Evans FSA Print,3730,6930
Ornate Citizen Chronomaster c.1800,39470,59370
Vintage Campaign Officer's Chest Post-War Unrestored,5350,9200
Rushlight Holder Iron,9560,20000
Ornate George Ohr Puzzle Mug Good Condition,15600,30550
Exhibited Val Saint Lambert Vase Mid-Century,10630,25000
Joe DiMaggio Bat Game Used Estate Fresh,6540,16810
Distinguished Theremin RCA Original Federal Period,6490,13390
Rare Hofner 500/1 Bass Guitar,26190,60000
Distinguished Ptolemy Atlas Page,940,2720
Late Conn 8D French Horn,11410,17270
Certified Bronze Figurine,33600,80000
Dutch Marquetry Cabinet Edwardian Era,5070,11560
Art Deco Figurative Painting,1050,3120
Exhibited Boxing Gloves Vintage Leather Early 20th Century,950,2860
Provenance Quilt Log Cabin Pattern Post-War,5400,17890
Miniature Vietnamese Ceramic Bowl,26540,60000
Moog Minimoog Synthesizer Mid-Century,10570,24390
Archery Bow Yew Longbow Art Deco Period,3670,6560
Bronze Figurine c.1840,1530,2800
Exceptional Tortoiseshell Tea Caddy Modernist Period With Certificate,4050,11200
Fine Shaker Rocking Chair c.1820,10660,19480
Restored Rushlight Holder Iron Unrestored,5190,10350
Notable Norman Rockwell Saturday Evening Post Art Deco Period,4420,12000
Ferrari Prancing Horse Badge Collection,1240,2230
Published Labradorite Pendant As Found,23060,38110
Choice Shooting Stick Silver Collar Arts & Crafts Era Good Condition,910,1440
Restored Christofle Silver Tureen,2680,7930
Audemars Piguet Royal Oak,57510,120000
Authentic Kneehole Desk Georgian,2160,5240
Provenance Renaissance Madonna As Found,57730,138300
Early Cookie Board Springerle,3320,9640
Japanese Kimono Silk Vintage Recently Conserved,14640,28300
Published Barber Dime Collection Art Deco Period,22290,68640
Magnificent Stainless Steel Modern Piece c.1900,34690,80000
Tansu Japanese Step Chest,1900,5580
Maxfield Parrish Print Framed,5040,12000
Renaissance Madonna,71630,150000
Chinese Tang Dynasty Mirror c.1940,22540,32530
Monumental Sweden Treskilling Yellow,22620,50000
Jumping Hour Watch Art Deco Unrestored,44910,120000
Rushlight Holder Iron Empire Period,9440,20000
Authentic Chippendale Secretary Desk,3120,9200
Authentic Moog Minimoog Synthesizer Federal Period,22050,31210
Distinguished Gouache Street Scene,7980,16590
Late Concertina Wheatstone English,13550,21780
Estate Carved Wood Totem Georgian Period,4980,14490
Continental Bakelite Telephone Rotary c.1860 Estate Fresh,11440,30000
Outstanding Chinese Jade Bi Disc As Found,7820,22580
Pristine Revenue Stamp Collection,3820,11320
Colonial Carved Ivory Netsuke,26050,36460
Certified Audemars Piguet Royal Oak,19190,39860
Toulouse-Lautrec Moulin Rouge Poster Regency Period,5440,10560
Antique Decoy Duck Carved,1220,3110
Morgan Silver Dollar BU Recently Conserved,22580,52050
Select Barber Dime Collection Recently Conserved,11870,36320
Dumbwaiter Tiered Stand,6200,16000
Museum Quality Vintage Ferragamo Pumps c.1930,13830,35000
Restored Alfred Stieglitz Equivalent Print Empire Period,2790,4320
Published Pele Signed Brazil Shirt c.1880,15140,31310
Historic Perfin Stamp Collection c.1920 Good Condition,8720,26590
Exhibited Chopard Alpine Eagle c.1840,9190,26140
Grand Victorian Porch Brackets Pair,6590,15000
Estate Hennessy Paradis Imperial Late Victorian,2200,7160
Citizen Chronomaster c.1800 With Provenance,15850,27740
Vintage Chinese Export Silver Tea Caddy,2300,4500
Chinese Scholar's Rock Mid-Century,28030,60000
Vintage Chronometer Deck Watch Naval Post-War,30840,99750
Continental Meissen Porcelain Figurine,5430,7580
Cheval Mirror Mahogany,1980,2900
Samurai Armor Partial Set Regency Period,4250,11480
Remarkable Vacheron Constantin Patrimony c.1930 Excellent Condition,49320,120000
Miniature Berlin Woolwork Needlepoint c.1840,5900,20090
Distinguished Haida Argillite Carving Estate Fresh,2250,3860
Choice Boulle Marquetry Bracket Clock Art Nouveau Period,4570,14510
Cricket Bat Signed Vintage c.1970,1290,3080
Scarce Staffordshire Spaniel Pair 19th Century Excellent Condition,14510,21790
Cast Iron Fire Engine,4520,7180
Delicate Jacobean Court Cupboard c.1860 Good Condition,3200,4900
Distinguished WWII Aviator Leather Jacket Early 20th Century,4970,9480
Civil War Letters Collection Edwardian Era,9610,31700
Pristine Mobil Pegasus Neon Sign c.1930,460,1240
Antique Van Cleef Bracelet,2160,6890
Nurses Watch Enamel Dial,40790,60380
Carved Limestone Angel c.1960,29070,80000
Late Mercedes Benz Star Emblem Vintage From Private Collection,1270,3980
Magnificent Macintosh 128K Original Federal Period Excellent Condition,13950,30000
Select Lladro Porcelain Figure c.1880 Recently Conserved,16630,40000
Colonial Chinese Scroll Painting Landscape Art Nouveau Period,11890,36850
Certified Art Deco Travel Poster Paris Arts & Crafts Era,320,970
Notable Incunabulum Leaf 1480s c.1840,4680,10390
Night Clock Oil Lamp Italian,2830,4150
Matched Finial Cast Iron Roof c.1950,5230,15000
Nikon F Camera Body,9620,24100
Pillar Clock Biedermeier Excellent Condition,3180,6180
Distinguished Nikon F Camera Body,14540,30000
Rare Cartier Tank Arts & Crafts Era,13120,22880
Original Le Mans Poster Original 1955 c.1820,2160,5000
Ornate Transformers G1 Optimus Prime Art Deco Period,2120,3320
Select Found Object Assemblage Regency Period,21400,30550
Delicate 1804 Draped Bust Dollar Excellent Condition,28460,78630
Dunhill Leather Briefcase c.1800 From Private Collection,3330,7960
Provenance Mandolin Gibson F-5 Lloyd Loar,20830,42380
Monumental Wurlitzer Electric Piano 18th Century,15270,53200
Historic Codex Fragment Medieval Regency Period,21180,50000
Hermes Birkin Bag,8970,21540
Magnificent Corgi Batmobile Original Box,1300,1790
Bessarabian Floral Kilim Regency Period,9260,19560
Outstanding Planimeter Measuring Instrument,2240,6520
Unique Peridot Stud Earrings c.1900,10180,20420
Vintage Northwest Coast Totem Pole Model c.1960 Unrestored,19010,40000
Published Mercator Projection Original c.1800 Estate Fresh,540,710
Grand Hank Aaron Home Run Ball Modernist Period,5160,14180
Attributed Estate Survey Map Colonial Modernist Period,2690,6890
Rare Gilt Bronze Candelabra Pair c.1970 With Provenance,8770,21220
Loetz Iridescent Art Glass Vase c.1920 With Provenance,4850,16880
Period Ashcan School Street Scene c.1960 From Private Collection,20210,64320
Fine Cassandre Normandie Poster c.1800,4770,10800
Certified Carousel Horse Carved Wood Mid-Century,4570,12100
Cadastral Survey Map Antique c.1800,580,1200
Restored Holland & Holland Double Rifle Unrestored,4890,9800
Signed Larry Bird Game Worn Sneakers c.1900,16750,32140
Provenance Mid-Century Arco Floor Lamp,2520,7240
Miniature Whitefriars Tangerine Vase,5130,14800
Signed Kosta Boda Art Glass Bowl,4180,9020
Museum Quality Tower Clock Movement Antique,7730,18000
Sultanabad Mahal Carpet,2280,7000
Select WPA Federal Art Project Poster With Provenance,1430,3380
Masters Tournament Flag Signed,12570,22810
Delicate Beadwork Purse Victorian c.1840,4350,10630
Important Imari Charger c.1950,340,880
Cinderella Stamp Album c.1940,16260,50000
Ornate Pewter Miniature Set Museum Deaccessioned,9100,21150
Barber Dime Collection c.1860,41560,100000
Backgammon Set Leather Vintage Arts & Crafts Era,5280,12000
Estate Candelabrum Bronze Empire,3560,11400
Japanese Kimono Silk Vintage c.1820,1830,3320
Notable Berenice Abbott Manhattan Print c.1840,13460,25520
Published Federal Period Console,6680,21440
Colonial Falconry Hood Leather Antique Arts & Crafts Era,3070,10620
Regulator Dial Wristwatch,43280,111840
Late Art Exhibition Poster Picasso,4190,9440
Ornate Vintage Ferragamo Pumps Arts & Crafts Era Good Condition,10340,26250
Grand Terra Cotta Garden Planter Large Early 20th Century Unrestored,1480,4200
Ornate Regency Dining Table Empire Period,3610,9320
Toulouse-Lautrec Moulin Rouge Poster,4160,8830
Restored Aboriginal Boomerang Carved c.1780 From Private Collection,790,2580
Unmatched Diane Arbus Twins Print c.1800,6170,14150
Rare McIntosh MC275 Amplifier,350,490
Japanese Samurai Sword Katana,15070,47610
Published Nurses Watch Enamel Dial c.1820 Unrestored,24780,50230
Monumental Vintage Cartier Watch Unrestored,12080,34480
Premier Carnival Glass Punch Bowl Set Modernist Period Good Condition,9730,15880
Ornate Klipschorn Speaker Pair Arts & Crafts Era,9840,28130
Authentic Taper Stick Silver Georgian c.1960,5180,12360
Vintage Weller Sicard Vase,11380,23590
Grand Haida Argillite Carving From Private Collection,10370,15670
Renaissance Revival Armoire Arts & Crafts Era From Private Collection,1320,3580
Choice Silhouette Portrait Collection Modernist Period,2860,7430
Notable Art Deco Travel Poster Paris c.1900,5830,9840
Scarce Quezal Art Glass Shade 18th Century,5870,13650
Certified 1982 Petrus Pomerol,8900,25000
Provincial Romanticism Storm Scene Belle Epoque Recently Conserved,35340,64740
Estate Vintage Rolls Royce Hood Ornament,230,750
Unmatched Mauritius Post Office Stamp Early 20th Century,11680,21050
Published Emilio Pucci Palazzo Pants,15740,25300
Val Saint Lambert Vase c.1840 Good Condition,1420,4940
Notable Chronometer Marine Deck,400,670
Tempera on Panel c.1930,9120,31660
Ornate Garnet Cluster Ring c.1910,26900,66670
Period Corbel Carved Wood Victorian 19th Century,1410,2270
Oversized Citrine Statement Necklace,18470,63790
Oscar Wilde Signed Letter 18th Century,22130,41810
Estate Art Nouveau Bronze Table Lamp,4340,11560
Choice Antique Van Cleef Bracelet With Certificate,18820,54930
Scarce Standing Liberty Quarter,5020,15310
Exceptional Apothecary Scale Marble Base,900,1650
Unique Cuckoo Clock Black Forest Empire Period,1820,3260
Autoharp Oscar Schmidt Antique c.1970,18220,33890
Rare Cricket Bat Signed Vintage c.1910,520,1570
Vintage Cartier Silk Scarf Regency Period,4440,14890
Choice Galle Cameo Glass Vase,12000,23570
Museum Quality Moonstone Cocktail Ring,21000,50870
Indian Mughal Miniature Painting c.1920,25530,60000
Matched Apothecary Scale Marble Base Mid-Century,1990,4940
Monumental Colonial Blanket Chest c.1910,10640,19560
Indian Mughal Miniature Painting c.1820,12960,41800
Bidjar Iron Rug Belle Epoque,4500,9440
Premier Jaeger-LeCoultre Reverso,13230,38920
Monumental Microscope Brass Compound c.1900,4580,9150
Magnificent Irish Silver Sugar Bowl 19th Century,8360,11790
Select Loetz Iridescent Art Glass Vase Federal Period With Provenance,320,630
Colonial Inverted Jenny Stamp c.1970 From Private Collection,2580,3600
Mercedes Benz Star Emblem Vintage c.1920,2190,5000
Continental Soumak Flatweave Bag Post-War From Private Collection,5070,15480
Luminist Harbor View With Certificate,62050,150000
Vintage Ashanti Gold Weight Bronze,6000,14710
Codex Fragment Medieval 18th Century,21700,34260
Documented Wayne Gretzky Rookie Card c.1900 Unrestored,10820,36790
Museum Quality Seiko Grand Seiko Spring Drive c.1970,45340,86660
Original Bessarabian Floral Kilim Early 20th Century,3520,9330
Rookwood Art Pottery Vase c.1900 Recently Conserved,2040,5820
Pristine Dutch Marquetry Cabinet With Provenance,4490,7590
British Redcoat Uniform Button Collection From Private Collection,4580,14430
Exceptional Admiralty Chart British Navy Federal Period,2300,4050
Colonial Alphonse Mucha Art Nouveau Print,70,200
Fine Bakhtiari Garden Design Rug From Private Collection,2910,4870
Thai Bronze Buddha Seated c.1880 Estate Fresh,12310,17680
Important Vintage Pocket Watch Gold Unrestored,50000,120000
Colonial Derek Jeter Game Bat 18th Century,21870,41230
Continental Dom Perignon 1996 c.1930 With Provenance,6340,19620
Attributed AA Badge Chrome Collection c.1780,2330,5000
Exceptional Seiko Grand Seiko Spring Drive c.1910,23360,40880
Historic Tanzanite Tennis Bracelet,35360,75000
Signed Chanel Tweed Jacket Vintage c.1780,14770,31480
Exceptional Wire Mesh Figure Empire Period,10440,34880
Colonial Bessarabian Floral Kilim c.1950,8990,20100
Choice McIntosh MC275 Amplifier c.1820,6090,9380
Korean Celadon Bowl Recently Conserved,7000,14340
Chippendale Secretary Desk,4420,7740
JBL Paragon Speaker System,11520,17880
Estate Chronometer Deck Watch Naval,36110,92940
Period Gretsch White Falcon Guitar c.1800,3600,8990
Exquisite Star Chart Celestial 1800s,2640,7870
Sevres Porcelain Clock Garniture c.1780,5930,8150
Restored Terracotta Statuette Modernist Period Unrestored,26830,72530
Cappiello Campari Poster,2660,8900
Qing Dynasty Famille Rose Bowl,6930,19420
Published Armillary Sphere Desktop 19th Century,3900,8670
Unmatched Limestone Garden Balustrade,6590,15000
Pristine Barograph Recording Aneroid Arts & Crafts Era,5460,15000
Antique Pop Art Screen Print,17710,58900
Miniature Carriage Clock Brass Repeating c.1800,1610,4810
Unmatched Telegraph Key Brass Antique Good Condition,7470,23760
Cigar Store Indian Figure,5320,13990
Provenance Madame Gres Draped Gown Regency Period,10140,21140
Signed Partner's Desk Leather Top Arts & Crafts Era,11780,21270
Unmatched Fauvism Floral Study c.1950 From Private Collection,25170,50340
Choice Civil War Officer's Sword,6780,19470
Late William Eggleston Color Print,12560,30000
Newcomb College Vase Belle Epoque,9050,18640
Monumental Garry Winogrand Airport Print Federal Period,8310,26330
Late Cold War Era Spy Camera Art Nouveau Period,2920,6910
Confederate Currency Note 19th Century,41830,100000
Rare Persian Miniature Manuscript Page,14720,36170
Monumental Pewter Miniature Set c.1910,35530,56480
Restored Minimalist Color Field Georgian Period,14230,42030
Miniature Arts Crafts Pewter Vase,3220,4850
Miniature Vintage Pucci Silk Dress c.1820,7060,15700
Vintage Hamilton Khaki Field Late Victorian,40030,107400
Select Portolan Chart Mediterranean Unrestored,5080,12000
Polaroid SX-70 Camera Recently Conserved,6880,11530
Magnificent Civil War Officer's Sword,450,880
Oversized Yquem Sauternes 1967 Edwardian Era,5010,8700
Grand Georgian Tallboy Chest Georgian Period,1990,4860
Museum Quality Persian Tabriz Silk Rug c.1880,6780,18780
Scarce Art Nouveau Bronze Table Lamp c.1920,510,1440
Oscar Wilde Signed Letter c.1780,17150,50000
Unmatched Irving Penn Still Life Print,14430,18760
Geological Survey Map Victorian,510,990
Superb Gordon Parks Photo Essay Print Excellent Condition,5700,9750
Victorian Gas Wall Sconce Pair,8140,18900
Korean Celadon Bowl c.1970,18510,55630
Provincial Agatha Christie Signed First Edition c.1940 Estate Fresh,16640,36850
Museum Quality Gretsch White Falcon Guitar Art Deco Period,20190,60000
Realist Portrait,55500,76030
Exquisite Falklands War Memorabilia Group,6670,15800
Certified Mid-Century Arco Floor Lamp Edwardian Era,780,1230
Art Deco Chrome Floor Lamp,3230,10620
Restored Haida Argillite Carving 19th Century As Found,11130,15040
Period Rookwood Art Pottery Vase,2180,2960
Antique Acrylic Abstract Post-War,62910,150000
Outstanding Atmos Clock Jaeger-LeCoultre Regency Period,6740,17000
Antique Jade Bangle Bracelet,25250,74650
Grand Post-Impressionist Cityscape 18th Century,24460,55470
Choice French Empire Crystal Chandelier Museum Deaccessioned,6150,10160
Gilt Bronze Candelabra Pair,8390,21140
Exceptional Cricket Bat Signed Vintage c.1900 As Found,3550,6580
Signed Tiffany Diamond Solitaire Art Deco Period,430,700
Carved Wood Totem,14670,51270
Remarkable Transformers G1 Optimus Prime c.1920,3820,6300
Japanese Kimono Silk Vintage,24500,60000
A. Lange & Sohne Saxonia c.1960,48760,65790
Chronometer Marine Deck Art Deco Period,6380,13670
Ornate Colonial Continental Dollar Art Deco Period Museum Deaccessioned,42220,69360
Magnificent Falklands War Memorabilia Group c.1860,6740,16000
Important Cast Iron Fire Engine,3680,6520
Grand Seated Liberty Half Dollar Regency Period,34320,100000
Grand Limoges Enamel Box Collection 19th Century With Provenance,2540,8610
Scarce Walt Whitman Leaves of Grass 1st Ed c.1780,19850,39010
Imogen Cunningham Magnolia Print,5140,13410
Premier Sinumbra Lamp Cut Glass Shade c.1860,5510,18970
Exceptional Nepalese Bronze Deity Figure With Certificate,220,600
Alfa Romeo Enamel Badge,330,840
Published Hank Aaron Home Run Ball Excellent Condition,23400,50000
Cartier Silk Scarf With Provenance,9570,22940
Matched Toulouse-Lautrec Moulin Rouge Poster,5380,11820
Fender Stratocaster 1962 Modernist Period,19620,30950
Spanish Doubloon Recently Conserved,24890,58460
Choice Art Exhibition Poster Picasso c.1860,3300,7280
Provincial Mdina Glass Paperweight c.1970,8280,11100
Ornate Pastel Nude Study,32810,58990
Dulcimer Appalachian Mountain,7650,11980
Agra Palace Carpet Regency Period,1620,4130
Durand Pulled Feather Vase,4520,14120
Published Joel Meyerowitz Cape Light Print,5080,6960
Exhibited Indian Mughal Miniature Painting,21580,41610
Premier Masters Tournament Flag Signed Empire Period,4400,8410
Signed Nintendo Game Boy Sealed c.1950 With Certificate,6000,15000
Original First Edition Hemingway Novel Estate Fresh,16990,50000
Miniature Alfred Stieglitz Equivalent Print Estate Fresh,9710,26780
Period Celtic Harp Hand Carved With Certificate,2500,4090
Pediment Fragment Stone c.1860,530,1820
Magnificent Tortoiseshell Tea Caddy Early 20th Century As Found,4510,14120
Early Tibetan Thangka Painting Edwardian Era,9560,25520
Klipschorn Speaker Pair c.1880,3050,9900
Late Aquamarine Tiara,8030,19480
Conn 8D French Horn Art Deco Period,22170,34000
Barbie #1 Original 1959 c.1950,2600,7670
Superb Currier & Ives Lithograph Modernist Period Good Condition,3500,7820
Standing Liberty Quarter Georgian Period,39640,58970
Early KPM Berlin Plaque,930,1980
Unique AA Badge Chrome Collection Regency Period Unrestored,2090,4010
Vintage Michelin Man Figure,370,1300
Oris Aquis Date Georgian Period,30760,40920
Estate Civil War Officer's Sword c.1950,1210,3220
Period Venini Glass Pendant Light c.1860,8180,20000
Plein Air Coastal Scene Regency Period,22190,71380
Photorealist Urban Scene,10660,33910
Choice Citizen Chronomaster Edwardian Era,41740,75940
Early F. Scott Fitzgerald Signed Copy c.1860,5290,17270
Colonial Aubusson Tapestry Panel Modernist Period,1660,4160
Circus Poster Barnum Bailey,440,800
Oversized Steinway Model B Grand Piano,26530,44940
Matched Japanese Ukiyo-e Woodblock Print c.1940,3750,11790
Shell Art Valentine Box,12120,25000
Provincial Hans Coper Spade Form,2890,7470
Alabaster Torso c.1800 With Provenance,37220,72510
F. Scott Fitzgerald Signed Copy Empire Period,18270,49860
Exhibited Greek Tetradrachm c.1910,4530,10550
Magnificent Egg Tempera Still Life Modernist Period With Certificate,31780,108490
Authentic Alphonse Mucha Art Nouveau Print Unrestored,3690,8030
Premier Chinese Export Silver Tea Caddy Early 20th Century Excellent Condition,5590,8120
Jane Austen First Edition Arts & Crafts Era,12810,18010
Wax Fruit Under Glass Dome Late Victorian,4950,16890
Premier Apple I Computer Board,4300,12750
Fanlight Transom Window,6360,15000
Provincial Cartier Tank,38570,89140
Vintage Kilim Flatweave Runner,7950,27130
Exhibited Candelabrum Bronze Empire Belle Epoque,9520,20000
Berlin Woolwork Needlepoint Post-War,2220,3610
Ornate Double Eagle $20 Gold Coin Good Condition,2340,5880
Remarkable Quezal Art Glass Shade,1960,6370
Continental Wilt Chamberlain Jersey Modernist Period,14580,25680
Historic Antique Wrought Iron Chandelier c.1900,4620,6730
Period Schiaparelli Shocking Pink Hat Georgian Period,14000,35000
Vintage License Plate Collection c.1880 With Certificate,2270,5000
Museum Quality Japanese Woodblock Print Hokusai c.1940 Good Condition,1660,2700
Miniature Retro Ruby Bracelet c.1860 Estate Fresh,12480,28820
Derek Jeter Game Bat,2480,5780
Remarkable Vietnamese Ceramic Bowl Excellent Condition,230,530
Important Nantucket Lightship Basket Post-War With Provenance,6620,18000
Restored Chronometer Deck Watch Naval c.1970,31540,75400
Inverted Jenny Stamp Arts & Crafts Era,3280,7350
Aboriginal Boomerang Carved 18th Century,13310,38710
Colonial Japanese Lacquer Writing Box Georgian Period Good Condition,21090,51380
William Eggleston Color Print c.1950 With Provenance,7510,18100
Andreas Gursky Rhine II Print Good Condition,5750,18800
Notable Wedgwood Jasperware Plaque,5220,8510
Distinguished Grueby Faience Tile,11290,27280
Exhibited Cookie Board Springerle 18th Century Estate Fresh,5550,18000
Museum Quality Mercedes Benz Star Emblem Vintage Late Victorian,790,1960
Early Hans Coper Spade Form Regency Period,460,1080
Late Penny Black 1840 c.1970,7380,11930
Distinguished Mdina Glass Paperweight With Certificate,10440,20940
Fine Victorian Silver Candelabra,8050,20000
Pristine Art Nouveau Opal Pendant c.1800,11330,16790
Vintage Frederick Carder Steuben Aurene Federal Period Excellent Condition,2990,8190
Sony Walkman TPS-L2 Original c.1840,9400,27470
Provenance Joe DiMaggio Bat Game Used Museum Deaccessioned,1630,3460
Native American Kachina Doll c.1820,9530,16410
Provenance Tiger Woods Tournament Putter c.1910,18020,50000
Whitefriars Tangerine Vase,11920,25000
Notable Miniature Portrait on Ivory c.1900,5150,12800
Grand Mandolin Gibson F-5 Lloyd Loar c.1800,20600,40340
Exhibited Le Mans Poster Original 1955 Art Nouveau Period,490,660
Late Roseville Sunflower Vase Mid-Century,8960,21720
Pristine Nintendo Game Boy Sealed c.1860,2840,3820
Remarkable Nantucket Lightship Basket Edwardian Era,7320,18000
Outstanding Bach Stradivarius Trumpet,7360,9570
Antique 17th Century World Map c.1840,3420,10730
Victorian Cast Iron Gate c.1880,7430,15000
Distinguished Secretariat Derby Photo Edwardian Era,19130,50000
Distinguished Zuni Fetish Carving Collection Good Condition,13940,40000
Diane Arbus Twins Print c.1940,2240,6220
Select Hewlett Packard HP-35 Calculator With Provenance,2110,3570
Continental Walt Whitman Leaves of Grass 1st Ed,8570,24710
Signed Terrestrial Library Globe 18th C Mid-Century,2560,7630
Grand Regency Silver Sauce Boat With Provenance,680,1580
Provenance Modernist Composition 19th Century,42900,56650
Published Vintage Gucci Bamboo Bag,12410,20860
Colonial Telegraph Key Brass Antique Modernist Period,7380,21350
Scarce Rhodes Mark I Stage Piano 19th Century,21840,56750
Historic Estate Platinum Band Georgian Period,23610,68780
Vintage Carved Wood Totem Mid-Century,11440,34330
Rare British Redcoat Uniform Button Collection Regency Period,9580,14490
Distinguished Theorem Painting on Velvet c.1820,5620,12910
Exquisite Mid-Century Arco Floor Lamp c.1920,7470,20000
Unmatched Turkmen Tekke Carpet,14090,21320
Khotan Silk Rug,14710,30000
Early Ceramic Raku Sculpture,23090,60180
Late Cast Iron Garden Urn Pair c.1960 Unrestored,2730,3640
Oversized Annie Leibovitz Portrait Belle Epoque,790,2200
Signed Victorian Porch Brackets Pair,4400,14950
Monumental Tonalist Twilight Scene,66030,123920
Porcupine Quill Box c.1940,2720,7160
Boxing Gloves Vintage Leather Empire Period,1920,6670
Russian Niello Silver Box,5000,12070
Period Abstract Expressionist Work Edwardian Era,32160,45250
Historic Regency Silver Sauce Boat c.1950,2090,7210
Vintage Original Ferrari Owners Manual Georgian Period Recently Conserved,2410,5000
Pristine Silhouette Portrait Collection Museum Deaccessioned,9580,21050
Provincial Telegraph Key Brass Antique,3410,10540
Ted Williams Signed Photo,3310,10680
Choice Corbel Carved Wood Victorian Recently Conserved,130,210
Monumental Playmobil First Series Set,3580,10550
Important Indonesian Wayang Puppet Antique,6290,20360
Documented Op Art Optical Illusion Edwardian Era,5790,19080
Period Thorens TD-124 Turntable c.1780,10910,30000
Unique Agra Palace Carpet 18th Century,8590,15890
Antique Cadastral Survey Map Antique,4340,6250
Resin Cast Figure c.1780,18740,53950
Signed Virginia Woolf First Edition,7320,14290
Labradorite Pendant,36400,65750
Published Quezal Art Glass Shade,5990,13740
Documented Betty Lamp Iron Colonial,8770,11580
Period Vintage Neon Beer Sign Regency Period,12900,23940
Delicate Military Campaign Map Napoleonic c.1970,610,1040
Exceptional Christofle Silver Tureen c.1780,6740,20000
Remarkable Cast Iron Fire Engine c.1820 From Private Collection,5640,7550
Ornate Lead Garden Cistern Georgian Mid-Century,1790,4750
Outstanding Boer War Medal Group,820,2820
Miniature Muhammad Ali Fight Poster c.1970,16960,50000
Psychedelic Rock Concert Poster 18th Century,790,2370
Published Hublot Big Bang Early 20th Century,23790,62820
Welded Steel Abstract c.1940 With Certificate,6850,23260
Select Martin D-28 Acoustic Guitar,15580,25380
Compass Surveyor's Brass c.1880,3400,9790
Vintage Falconry Hood Leather Antique c.1930,4060,12000
Early Betty Lamp Iron Colonial c.1840,5870,18040
Unique Vintage Gucci Bamboo Bag 19th Century,13970,21720
Oversized Silver Mounted Cut Glass Claret Jug c.1970 Museum Deaccessioned,1400,3910
Outstanding Bakhtiari Garden Design Rug Good Condition,13160,30000
Exquisite Navajo Chief's Blanket Recently Conserved,480,880
Chinese Tang Dynasty Mirror c.1900,23440,32520
Historic Vintage Croquet Set Complete c.1940,2900,8490
Unique Sri Lankan Ivory Casket c.1860,28000,60000
Vintage Pewter Miniature Set Museum Deaccessioned,24320,36930
Continental Skeleton Clock Victorian,6870,12370
Outstanding Tortoiseshell Tea Caddy c.1800,10260,25000
Pristine Celtic Harp Hand Carved Georgian Period,3130,7320
Late Cassandre Normandie Poster c.1910,3680,7540
Carved Stone Garden Bench,5980,8450
Matched Oushak Wool Carpet,9500,27890
Provincial Ted Williams Signed Photo Art Deco Period,18450,50000
Attributed Henri Cartier-Bresson Gelatin Print Empire Period,11320,27230
Monumental Incunabulum Leaf 1480s c.1840 As Found,22580,50000
Saint Louis Crystal Goblet Set Art Deco Period,9620,21210
Provenance Spain Classic Period Collection,24990,44760
Grand Lee Friedlander Street Print Art Deco Period,9410,30000
Restored Renaissance Revival Armoire,9790,23830
Superb Vacuum Tube Radio Cathedral Early 20th Century Good Condition,13640,30000
Pristine Haut-Brion 1989 c.1910,6970,18640
Provincial Tavern Clock Act of Parliament Regency Period Good Condition,6670,14310
Exquisite 1794 Flowing Hair Dollar Good Condition,4540,11180
Opus One Vertical Collection With Provenance,4370,5940
Early Chopard Diamond Earrings c.1800,29810,44180
Outstanding Hitching Post Cast Iron Unrestored,1570,3690
Scarce Art Deco Beaded Flapper Dress c.1800,15660,28110
Superb Coral Bead Necklace Good Condition,22060,55070
Choice Yamaha CFX Concert Grand Piano Early 20th Century,25100,60000
Premier Whittled Walking Cane Edwardian Era,1790,2580
Matched Holland & Holland Double Rifle Estate Fresh,5100,8250
Premier Nikon F Camera Body Federal Period Estate Fresh,12060,30000
Period Boulle Marquetry Bracket Clock c.1970 Recently Conserved,8080,13480
Vintage Jaeger-LeCoultre Reverso With Provenance,870,2000
Authentic Chinese Scholar's Rock,20520,42650
Museum Quality Armillary Sphere Desktop c.1940,6680,15000
Late Emilio Pucci Palazzo Pants Excellent Condition,13100,35000
Colonial Banjo 5-String Prewar Gibson c.1840,13380,21620
Olmec Jade Mask Fragment 19th Century,14440,40000
Pristine Modernist Composition,43180,80920
Star Wars Vintage Figures Set,4110,13760
Period Surveyor's Transit Brass Art Deco Period With Provenance,4790,13500
Wedgwood Jasperware Plaque,13370,40000
Unique Shaker Oval Box Nested Set c.1780,220,400
Superb GI Joe Prototype c.1880 Excellent Condition,690,1860
UN First Issues Collection c.1800,24310,50000
Authentic Napoleonic Era Cavalry Saber Post-War From Private Collection,1030,2810
Signed Miniature Portrait on Ivory c.1940,8040,23240
Distinguished Shaker Oval Box Nested Set c.1860 With Provenance,7420,10280
Monumental Vintage Dashboard Clock Jaeger,2060,3860
Unmatched Silver Mounted Cut Glass Claret Jug c.1800,1160,2110
Exceptional Persian Tabriz Silk Rug,2430,6320
Yves Saint Laurent Le Smoking Jacket Arts & Crafts Era Museum Deaccessioned,15790,28960
Restored Archery Bow Yew Longbow Federal Period Estate Fresh,3620,10460
Museum Quality Schiaparelli Shocking Pink Hat Art Nouveau Period,9360,16140
Art Deco Illustrated Novel Empire Period With Certificate,24320,50000
Premier Reclaimed Church Doors Oak Georgian Period,5500,12470
Colonial British Guiana One Cent Magenta Art Nouveau Period,11830,24620
Signed Longcase Grandfather Clock From Private Collection,2650,7890
Ornate Sterling Silver Cigar Box,650,1950
Copper Patina Sculpture c.1960,10830,29340
Late Terrestrial Library Globe 18th C Modernist Period,2690,3620
Colonial Blanket Chest From Private Collection,7030,23760
Korean Celadon Bowl Mid-Century,20580,40460
Antique Boot Scraper Cast Iron Art Nouveau Period,4180,13980
Bach Stradivarius Trumpet c.1880,16240,23140
Unmatched Rushlight Holder Iron Modernist Period Recently Conserved,1220,4000
Historic Loetz Iridescent Art Glass Vase,430,1120
Robert Mapplethorpe Flower Print,7800,15140
Estate Bernard Leach Charger Modernist Period Museum Deaccessioned,18040,35480
Notable Egg Tempera Still Life Early 20th Century,69980,150000
Matched Joe DiMaggio Bat Game Used c.1970,2630,4920
Signed Lanvin Art Deco Evening Bag c.1910,14290,35000
Olympic Games Poster Collection Modernist Period,2970,6590
Remarkable Cricket Bat Signed Vintage,3140,4250
Late Girard-Perregaux Laureato Empire Period,45630,120000
Late Stone Abstract Form,36430,80000
Vintage Yamazaki 18 Year Japanese Whisky,7060,15590
Restored Finial Cast Iron Roof c.1860,2920,8250
Gilded Rococo Console Table c.1910 Museum Deaccessioned,10850,22790
Oversized India Scinde Dawk As Found,1650,4400
Schuco Micro Racer Late Victorian,980,1470
Monumental Realist Portrait c.1950,68700,133510
Tachisme Drip Painting Good Condition,68140,137670
Jackie Robinson Dodgers Cap c.1800,14750,26920
Signed Macallan 25 Year Single Malt c.1920 Estate Fresh,4650,10090
Exceptional Rookwood Art Pottery Vase Regency Period,10400,23520
Social Realist Mural Study Recently Conserved,52350,147890
Monumental Ship's Bell Clock Chelsea With Provenance,5410,16910
Superb Soapstone Animal Carving c.1780,4760,12350
Ornate Louis XVI Commode c.1960,830,2740
Onyx Decorative Figure Unrestored,2840,5950
Selmer Mark VI Tenor Saxophone,28950,60000
Early Partner's Desk Leather Top Post-War Unrestored,2230,6320
Outstanding France Ceres Issue c.1940 Recently Conserved,5930,7950
Unmatched Emilio Pucci Palazzo Pants Art Nouveau Period With Certificate,3380,8080
Late Whirligig Carved Sailor,4500,9250
Fine Ship's Bell Clock Chelsea,1240,2850
Signed GI Joe Prototype Art Deco Period,4030,5750
Certified Decoy Shorebird Carved 19th Century Museum Deaccessioned,2140,4740
Museum Quality Civil War Battlefield Map Art Nouveau Period,690,1710
Restored Andreas Gursky Rhine II Print c.1860,10780,18210
Madame Gres Draped Gown c.1840 Estate Fresh,14790,35000
Hofner 500/1 Bass Guitar 18th Century,4100,8710
Certified Hofner 500/1 Bass Guitar Modernist Period Unrestored,8340,17750
Outstanding Alabaster Torso Modernist Period,17310,40130
Unmatched Chateau Margaux 1990 As Found,8910,25000
Restored Equestrian Saddle Vintage English c.1910,2630,8570
Civil War Letters Collection 19th Century,17660,46830
Signed Playmobil First Series Set c.1880 Excellent Condition,5890,15000
Monumental Toulouse-Lautrec Moulin Rouge Poster Recently Conserved,760,1430
Attributed Georgian Silver Tea Set,6700,20000
Macallan 25 Year Single Malt c.1940 With Provenance,6870,23880
Delicate Telegraph Key Brass Antique c.1920,10730,26550
Oversized Inuit Soapstone Carving Late Victorian,9950,13180
Important Joel Meyerowitz Cape Light Print Modernist Period,5340,8700
Delicate Alabaster Torso,3890,8350
Newcomb College Vase,6380,13880
Historic Walker Evans FSA Print c.1940,9190,17870
William & Mary Gatelegged Table,2730,6190
Important Matchbox Lesney Collection,5970,15000
Magnificent Tachisme Drip Painting Early 20th Century,46860,150000
Period Art Deco Silver Cocktail Shaker c.1940 With Certificate,9580,17030
Dutch Marquetry Cabinet Museum Deaccessioned,3900,6420
Magnificent Taxidermy Pheasant Display c.1970,5640,12000
Pristine Tiger Woods Tournament Putter,10700,22670
Remarkable Thermometer Clinical Antique,4360,14740
Antique Japanese Samurai Sword Katana,6840,12500
Colonial Egg Tempera Still Life c.1800,58850,150000
Art Deco Wristwatch,56080,120000
Select Art Deco Mantel Clock Arts & Crafts Era,820,1880
Pristine 1913 Liberty Head Nickel,18650,42420
Art Deco Diamond Ring c.1780,26590,75000
Oversized Maxfield Parrish Print Framed c.1960,1700,3750
Art Deco Figurative Painting Recently Conserved,19650,62990
Railroad Map United States 1870 Early 20th Century,2900,6340
Berenice Abbott Manhattan Print c.1900,6330,16460
Documented Pembroke Drop-Leaf Table Late Victorian With Provenance,10800,16120
Exhibited Ship's Bell Clock Chelsea Belle Epoque Excellent Condition,2920,4910
Premier Surrealist Dreamscape Good Condition,50740,89960
Published Bakelite Telephone Rotary Mid-Century,7010,18040
Butter Mold Carved Eagle Post-War,2180,7360
Apothecary Scale Marble Base 18th Century Excellent Condition,6280,14730
Chateau Margaux 1990 c.1860,3710,12660
Museum Quality Falklands War Memorabilia Group c.1900,2190,6680
Exquisite Tavern Sign Iron Bracket,4240,12230
Exquisite Confederate Currency Note c.1940 With Provenance,33660,100000
Scarce Hamilton Khaki Field c.1920 With Provenance,53660,120000
Estate Handel Reverse Painted Lamp Empire Period,1880,3890
Superb Medieval English Groat 19th Century,28330,49660
Original Cast Iron Garden Urn Pair 19th Century,2750,5300
Calculating Machine Brunsviga,3750,6810
Premier Mercury Dime Full Bands c.1940,13670,26920
Miniature Jackie Robinson Dodgers Cap c.1800,13230,21380
Calculating Machine Brunsviga From Private Collection,2990,4860
Delicate Rolex Submariner,34030,117770
Estate Meccano Construction Set Vintage As Found,4750,10890
Certified UN First Issues Collection c.1880,11350,21950
1990 Screaming Eagle Cabernet c.1880,2590,4980
Premier 1985 Sassicaia c.1930,690,1730
Select Persian Miniature Manuscript Page From Private Collection,17060,23380
Provincial Isfahan Silk Rug From Private Collection,12430,30000
Grand Sextant Ebony Frame c.1900,6830,9090
Northwest Coast Totem Pole Model c.1950 Recently Conserved,9840,28450
Attributed Webb Cameo Glass Vase c.1860 Unrestored,12130,22380
Tin Robot Battery Operated c.1940 From Private Collection,6630,15000
Miniature Stephen Shore Uncommon Places c.1920 Recently Conserved,10050,28830
Persian Miniature Manuscript Page,12790,26090
Marklin Tin Train Set Early 20th Century From Private Collection,1090,2990
Estate Leica M3 Camera Body 19th Century,1020,1880
Kosta Boda Art Glass Bowl Edwardian Era,6800,20370
Derek Jeter Game Bat c.1910,18840,44540
Emilio Pucci Palazzo Pants,3850,13220
Ornate Student Lamp Brass Double Post-War With Certificate,2020,3580
Superb Ortelius Theatrum Orbis Page With Certificate,700,1700
Silver Gilt Wine Cooler Federal Period,2100,3580
Magnificent Aquamarine Tiara c.1820 Excellent Condition,26090,46310
Early Cassandre Normandie Poster c.1880 As Found,5580,8800
Antique Brass Door Hardware Set c.1920,4190,7320
Estate Zither Concert Model Antique c.1950,15090,29770
Remarkable Cappiello Campari Poster Edwardian Era,1200,2750
Omega Speedmaster Moonwatch 18th Century Museum Deaccessioned,56340,120000
Colonial Antique Fireplace Mantel Marble,3640,9640
Continental Steering Wheel Nardi Wood,1030,2700
Outstanding British Guiana One Cent Magenta Unrestored,9510,28140
Inuit Soapstone Carving,15230,40000
Colonial Sega Genesis Console Boxed Modernist Period,250,590
Rare Chinese Art Deco Carpet,10000,15980
Early Haut-Brion 1989 Post-War,10020,25000
Remarkable Treasure Map Replica Framed Federal Period Good Condition,5840,10640
Cricket Bat Signed Vintage 19th Century With Certificate,4570,11880
Historic Bernard Leach Charger Early 20th Century,6260,13850
Documented Pre-Prohibition Bourbon Bottle c.1860 With Provenance,10700,20110
Provincial Yves Saint Laurent Le Smoking Jacket Art Deco Period,5120,6880
Fine Walt Whitman Leaves of Grass 1st Ed c.1970,16160,40400
Exquisite Tortoiseshell Tea Caddy,3600,11720
Pristine Ship Figurehead Carved,1320,4570
Matched Ashanti Gold Weight Bronze Post-War,9900,33200
Unmatched Concrete Brutalist Form As Found,1240,2080
Museum Quality Ormolu Mounted Marble Urn Late Victorian From Private Collection,6750,14440
Outstanding Lee Friedlander Street Print,6480,11530
Kerosene Lamp Cranberry Glass,4750,6980
KPM Berlin Plaque Museum Deaccessioned,7500,25380
Venetian Lattimo Glass Bowl From Private Collection,2180,5040
Rare Concrete Brutalist Form,29480,52150
Period Louis XV Bergere Chair,9680,19980
Vintage Ferragamo Pumps c.1910 Good Condition,8330,27780
Unique Edwardian Silver Card Case Early 20th Century From Private Collection,2100,4890
Fine Irish Silver Sugar Bowl,3430,8260
Crimean War Medal,5990,9100
Notable Stone Abstract Form Estate Fresh,8790,30210
Exhibited Roseville Sunflower Vase Unrestored,14710,40000
Outstanding Stumpwork Embroidery Panel Art Nouveau Period,4990,14870
Galle Cameo Glass Vase,10330,25000
Meissen Porcelain Figurine Estate Fresh,14500,40000
Outstanding Napoleonic Era Cavalry Saber c.1950,1880,2840
Grand Victorian Silver Candelabra 18th Century,4220,5890
Nintendo Game Boy Sealed Recently Conserved,1020,2760
Balloon Clock Edwardian c.1950,3950,10900
Early Circus Poster Barnum Bailey,2930,5300
Antique Turkmen Tekke Carpet Art Nouveau Period From Private Collection,9400,27790
Late Victorian Botanical Atlas Belle Epoque As Found,20140,48020
Partner's Desk Leather Top c.1860,7740,18480
Star Chart Celestial 1800s Mid-Century As Found,5710,12000
Pairpoint Puffy Boudoir Lamp c.1930,4820,16840
Provenance Trade Sign Optician Spectacles c.1840 With Provenance,1560,2670
Premier Theremin RCA Original Empire Period,13720,41650
Grand Weather Vane Rooster Copper c.1880 Unrestored,1170,2430
Premier Butler's Tray Table Belle Epoque,1270,3900
Handel Reverse Painted Lamp,2450,4560
Fine Commodore 64 Complete System,2040,6570
Period Yoruba Ibeji Twin Figure Art Deco Period From Private Collection,12810,40000
Notable Webb Cameo Glass Vase c.1900,1160,3790
Colonial Bobby Orr Signed Stick c.1950,7980,17880
Miniature Samurai Armor Partial Set,7200,14830
Bottega Veneta Clutch c.1880 With Certificate,8360,20680
Steuben Crystal Eagle Art Nouveau Period,7930,21630
Aboriginal Dot Painting Canvas 18th Century,15200,22130
Choice Sebastiao Salgado Workers Print c.1930,12940,30000
Select Found Object Assemblage,8990,17520
Select Chinese Jade Bi Disc Federal Period,9590,26050
Miniature Victorian Military Medals Group Art Nouveau Period,7620,17640
Michael Jordan Game Jersey c.1910 Museum Deaccessioned,9940,21800
Superb Theremin RCA Original Excellent Condition,28510,60000
WWII Aviator Leather Jacket From Private Collection,7850,20000
Superb Surveyor's Transit Brass,760,2630
Cigar Store Indian Figure Regency Period Recently Conserved,7770,10440
Unmatched Tiffany Sterling Flatware Set,6340,15580
Native American Kachina Doll Good Condition,1150,2160
Estate Astrolabe Reproduction c.1880 Estate Fresh,2880,6210
Provincial Indian Mughal Miniature Painting c.1860,20470,60000
Continental Ming Dynasty Blue White Vase Good Condition,15780,31320
Colonial Level Spirit Brass Surveyor Arts & Crafts Era Unrestored,4150,13730
Lucie Rie Stoneware Bowl,9200,19060
Unique Polo Mallet Collection Good Condition,4730,8480
Oversized Star Chart Celestial 1800s c.1950 Museum Deaccessioned,5890,12000
Estate Zither Concert Model Antique,8140,15260
Purdey Side by Side Shotgun 19th Century Museum Deaccessioned,3710,12000
Soumak Flatweave Bag c.1910 Excellent Condition,12080,17620
Longines Heritage Diver Excellent Condition,12330,22270
Published Ortelius Theatrum Orbis Page c.1780 With Provenance,4090,8530
Daum Nancy Pate de Verre Arts & Crafts Era,6800,11210
Fine Aviation Chart WWII Pacific Art Deco Period,1020,1530
Stainless Steel Modern Piece,7480,12250
Choice Hammond B3 Organ Georgian Period,29540,44450
Oversized Alexandrite Pendant c.1970,16460,26130
Scarce Hunting Horn Silver Mounted 18th Century With Certificate,600,1900
Signed Kosta Boda Art Glass Bowl Art Nouveau Period,280,540
Oversized Jacobean Court Cupboard c.1780,3580,6520
WWII Propaganda Poster c.1900,7310,20000
Pie Safe Punched Tin,980,1480
Unmatched Beadwork Purse Victorian Excellent Condition,6530,15700
Authentic Sextant Ebony Frame c.1910 Excellent Condition,3930,8550
Zuni Fetish Carving Collection,11560,38680
Hall Tree Coat Stand,9090,12530
Important Antique Decoy Duck Carved c.1780 Museum Deaccessioned,1500,5210
Original Penfolds Grange 1971 c.1800,11290,19200
Choice Vintage Port Taylor's 1963 c.1780 Good Condition,2350,4350
Scarce Butter Mold Carved Eagle Museum Deaccessioned,3250,8550
Scarce Grain Painted Blanket Chest,5070,9530
Maserati Trident Badge Collection,1280,3250
Rare Vintage Cartier Watch Federal Period,24190,64520
Steinway Model B Grand Piano,7050,14670
Unmatched Bobby Orr Signed Stick c.1820,2900,9220
Attributed Staffordshire Spaniel Pair,2380,4960
Documented Vernis Martin Vitrine Display Case Federal Period,1670,2470
Period Nintendo Entertainment System Boxed 19th Century Recently Conserved,6390,14820
KPM Berlin Plaque c.1800,16180,31540
Waterford Crystal Decanter Set,12050,19140
Select Ming Dynasty Blue White Vase c.1860,8750,17900
Fine Backgammon Set Leather Vintage c.1920,360,1240
Restored Modernist Composition,16840,50120
Fine Yamaha CFX Concert Grand Piano Good Condition,18120,55110
Antique Tang Dynasty Horse Figure c.1940,4270,13250
Remarkable Indian Head Gold Eagle Post-War,17280,45750
Certified Inverted Jenny Stamp,24000,50000
Original Jaguar Leaper Hood Ornament Modernist Period With Certificate,2170,3490
Signed Dickens Volume Mid-Century Museum Deaccessioned,4190,7640
Art Deco Chrome Floor Lamp Late Victorian,2530,6550
Japanese Tea Ceremony Kettle Late Victorian Excellent Condition,3080,7070
Historic Boulle Marquetry Bracket Clock,2220,3680
Premier Rolex Submariner 18th Century As Found,5110,15080
Superb 1794 Flowing Hair Dollar Modernist Period Excellent Condition,24100,63300
Provenance Copper Patina Sculpture,21820,67690
Decoy Shorebird Carved,7220,18000
Attributed Art Nouveau Bronze Table Lamp c.1820 Estate Fresh,1140,3280
Notable Sextant Ebony Frame,660,2020
Outstanding Art Exhibition Poster Picasso 18th Century Good Condition,3110,7540
Tiffany Wisteria Table Lamp,2220,6710
Bing Clockwork Boat,260,900
Student Lamp Brass Double Estate Fresh,7310,16290
Estate Ferrari Prancing Horse Badge Collection,780,2270
Original Boucheron Gold Cuff 19th Century,24180,74240
Pristine Japanese Ukiyo-e Woodblock Print,100,170
Period Georg Jensen Silver Pitcher Early 20th Century Excellent Condition,7760,20000
Kosta Boda Art Glass Bowl 18th Century With Provenance,2580,7580
Magnificent Skeleton Mechanical Watch With Provenance,54900,120000
Estate Platinum Band,15880,51330
Certified Korean War Dog Tags c.1940,7370,17280
Reclaimed Barn Door c.1920,6200,15000
Satsuma Vase Meiji Period c.1970,16640,39490
Antique Whale Oil Lamp Antique,2270,6130
Provenance Porcupine Quill Box,9180,19000
Authentic Atari 2600 Console Boxed c.1880,12910,30000
Magnificent Davenport Writing Desk c.1780,11430,23800
Published Thai Bronze Buddha Seated Empire Period Estate Fresh,1910,3590
Pristine Antique Fireplace Mantel Marble c.1900 Excellent Condition,5140,8360
Exquisite Tiffany Dragonfly Table Lamp Mid-Century,5130,13540
Oversized Seiko Grand Seiko Spring Drive c.1920,8790,18300
James Joyce Ulysses 1st Ed Art Deco Period,23050,50000
Oversized 1913 Liberty Head Nickel c.1820,48490,100000
Remarkable Wurlitzer Electric Piano c.1900 Unrestored,17760,46690
Pristine Indonesian Wayang Puppet Antique c.1900,22360,38170
Outstanding Taper Stick Silver Georgian,6540,18980
Authentic Falconry Hood Leather Antique Recently Conserved,340,910
Remarkable Seated Liberty Half Dollar 18th Century As Found,28150,46900
Signed Cassandre Normandie Poster,2290,6940
Remarkable Geological Survey Map Victorian,3760,8900
Colonial Cast Iron Fire Engine c.1940,4740,13430
Certified Newcomb College Vase 19th Century,12210,40000
Provenance Spain Classic Period Collection Edwardian Era,15940,23080
Superb Stephen Shore Uncommon Places,12560,30000
Early Oris Aquis Date,1700,5780
Notable Panerai Luminor Marina,330,1120
Historic Waterford Crystal Decanter Set Mid-Century,3180,4300
Antique Zuni Fetish Carving Collection 19th Century From Private Collection,6160,18710
Authentic Magnifying Glass Sterling Handle 18th Century,5820,11630
Confederate States Collection Arts & Crafts Era,4320,11350
Magnificent Pairpoint Puffy Boudoir Lamp Art Deco Period Recently Conserved,7380,19830
Miniature Sailor Valentine Shell Art c.1880,2740,9310
Ornate Tourmaline Bangle c.1840 As Found,32170,56710
Original Psychedelic Rock Concert Poster Museum Deaccessioned,2010,6780
Superb Panerai Luminor Marina,56230,120000
Documented Noh Theatre Mask Georgian Period From Private Collection,28400,60000
Miniature Christofle Silver Tureen Post-War With Provenance,4500,14840
Calculating Machine Brunsviga c.1950 As Found,1010,2200
Estate Pop Art Screen Print Arts & Crafts Era,17810,40710
Provincial Trade Sign Optician Spectacles 18th Century From Private Collection,7060,16760
Hard Edge Abstraction With Provenance,23020,40690
Early Murano Glass Chandelier c.1910,1500,3760
Remarkable Annie Leibovitz Portrait,8060,15640
Baluch Prayer Rug Art Deco Period,5700,9580
Historic Egg Tempera Still Life,51080,67610
Restored Hamilton Khaki Field,12370,21130
Grand Calculating Machine Brunsviga Late Victorian,3380,10660
African Tribal Mask Dogon Estate Fresh,10220,27660
IBM Model M Keyboard Empire Period Recently Conserved,9360,24820
Unique Marklin Tin Train Set c.1800,3190,8140
Argand Lamp Silver Plated,1530,4060
Exhibited Bidjar Iron Rug 19th Century Excellent Condition,14660,30000
Remarkable Neo-Expressionist Canvas Regency Period,57550,150000
Cape of Good Hope Triangular,1670,5050
Murano Glass Chandelier,10340,15660
Provincial WWII Enigma Machine Component Modernist Period,380,1090
Magnificent Atari Jaguar Console Sealed,4940,13570
Lee Friedlander Street Print Georgian Period,13580,30000
Rare Renaissance Revival Armoire Post-War,1340,3560
LEGO Castle Set Vintage,2260,5010
Scarce Proof Silver Eagle Set,31360,85380
Antique Brass Car Horn,540,1460
Premier Fanlight Transom Window Museum Deaccessioned,2530,5660
Enamel Dial Dress Watch Art Deco Period,2180,7000
Pillar Clock Biedermeier,5640,10080
Boxing Gloves Vintage Leather Post-War,5060,12000
Chinoiserie Lacquer Screen c.1970,11820,25000
Attributed Art Deco Beaded Flapper Dress c.1820,5310,11970
Documented Banjo Clock American Federal Modernist Period,7660,18000
Longines Heritage Diver c.1960 Estate Fresh,24560,70570
Period Carved Stone Garden Bench c.1930,1400,3750
Provenance African Beaded Ceremonial Crown,9810,27710
Miniature Vintage Fly Fishing Rod Hardy c.1920,290,620
Provenance Ptolemy Atlas Page c.1940,600,1600
Historic Topaz Chandelier Earrings c.1820 Excellent Condition,36580,63030
Remarkable Lanvin Art Deco Evening Bag,15320,24150
Superb Luminist Harbor View c.1930 Unrestored,42660,69400
Certified Slide Rule Collection c.1900 With Certificate,12320,18440
Ornate Apple I Computer Board c.1860 Recently Conserved,10570,18520
China Red Revenue Stamp,4840,14700
Scarce Sepik River Ancestor Figure Federal Period,7560,13580
WWI Trench Art Vase Late Victorian Excellent Condition,7730,10920
Early Classic Car Brochure Collection From Private Collection,1570,2620
Aneroid Barometer Victorian c.1840 With Certificate,2160,5120
Early Hank Aaron Home Run Ball c.1920,21470,50000
Late Soapstone Animal Carving,9710,27380
Pristine Edwardian Silver Card Case Federal Period Unrestored,4570,9580
Attributed Louis Vuitton Trunk Antique c.1780,1220,2420
Victorian Gas Wall Sconce Pair Belle Epoque,6390,15280
Documented Ziegler Mahal Carpet Estate Fresh,12480,28750
Attributed Victorian Porch Brackets Pair Regency Period,5250,11440
Continental Edwardian Silver Card Case,6260,18700
Vintage Michelin Man Figure c.1910,1470,2240
Remarkable Woodstock Festival Poster c.1960,1140,2560
Superb Porsche Enamel Dealer Sign c.1900,1270,3170
Restored Sri Lankan Ivory Casket c.1970 As Found,4200,11830
Documented Art Nouveau Display Cabinet c.1910 Estate Fresh,6540,20040
Scarce Polaroid SX-70 Camera,7910,16180
Matched Diego Maradona Signed Shirt Good Condition,16210,24710
Kafka Metamorphosis 1st Ed c.1780 Estate Fresh,22380,50000
Published Weather Vane Rooster Copper,3310,4940
Select Sardonyx Intaglio Ring c.1910,32550,75000
Selmer Mark VI Tenor Saxophone Early 20th Century,2970,10030
Morganite Engagement Ring c.1900,32110,61590
Stone Lion Garden Statue Pair c.1940 Good Condition,3530,4620
Notable Opus One Vertical Collection c.1800,2210,6550
Monumental Cappiello Campari Poster,940,2750
Historic Hard Edge Abstraction c.1880,38460,63350
Exquisite Majolica Garden Seat With Provenance,3040,9230
Unmatched Toulouse-Lautrec Moulin Rouge Poster,5920,10010
Digital LED Watch 1970s,38140,99470
Grand 1804 Draped Bust Dollar c.1910,12270,28400
Lucie Rie Stoneware Bowl Empire Period As Found,9500,23790
Grand Globe Celestial Miniature,4420,12900
Fine Barograph Recording Aneroid Excellent Condition,4910,15000
Exquisite Realist Portrait Empire Period,73610,150000
Attributed Social Realist Mural Study c.1930 From Private Collection,20320,43930
Authentic Whitefriars Tangerine Vase,8770,17560
Antique Zeppelin Mail Cover Modernist Period,4520,5960
Authentic Orrery Planetary Model Georgian Period,4520,8760
Select Post-Impressionist Cityscape,59000,134270
Film Noir Movie Poster Original c.1970,530,1590
Signed Berlin Woolwork Needlepoint Early 20th Century,1700,4680
Rare Marine Chronometer Boxed With Provenance,7620,15060
Railroad Pocket Watch,5450,17290
Superb Lanvin Art Deco Evening Bag Estate Fresh,10020,33950
Notable 1952 Topps Mickey Mantle Card c.1880 Good Condition,18150,50000
Published Boxing Gloves Vintage Leather Modernist Period Unrestored,3370,7920
Distinguished Panoramic City View Lithograph c.1780,3630,5560
Estate Indian Mughal Miniature Painting c.1920 Unrestored,19240,60000
Premier Carriage Clock Brass Repeating c.1910,5570,13820
Pristine Mdina Glass Paperweight Regency Period With Provenance,7810,21650
Select Hank Aaron Home Run Ball,2120,3280
Enamel Locket Gold Chain,31100,75000
Grand Treasure Map Replica Framed c.1840 Museum Deaccessioned,4360,11890
Majolica Garden Seat Art Nouveau Period,10170,15110
Attributed Tiffany Wisteria Table Lamp Empire Period,12430,25000
Leather Gun Case Victorian c.1820,5090,10770
Provincial Geological Survey Map Victorian,840,1100
Oversized Indian Head Gold Eagle 19th Century,31220,44110
Exquisite Sevres Porcelain Urn Post-War,9480,12600
Published Peace Dollar Uncirculated 18th Century,48540,100000
Attributed Carved Wood Totem Empire Period,19400,27120
Outstanding Tiffany Favrile Glass Vase Arts & Crafts Era,7080,11100
Perfin Stamp Collection,14820,35700
Rare Ferrari Prancing Horse Badge Collection 18th Century Museum Deaccessioned,530,950
Exquisite Silk Route Trade Map Reproduction Regency Period,5840,12000
Vintage Vintage Neon Beer Sign c.1920,13290,30000
Betty Lamp Iron Colonial c.1940 Museum Deaccessioned,9130,14960
Authentic Celtic Harp Hand Carved c.1900,12140,20650
Certified Bessarabian Floral Kilim,6420,11340
Provenance African Beaded Ceremonial Crown Post-War,3470,4680
Terracotta Statuette Good Condition,14540,37110
Delicate Terracotta Statuette Georgian Period,9330,25520
Authentic Hasselblad 500C Camera c.1970 From Private Collection,13560,30000
Restored Mobil Pegasus Neon Sign c.1920,430,860
Distinguished Geological Survey Map Victorian,4110,8050
Superb Terra Cotta Garden Planter Large c.1860,6550,15000
Exquisite Japanese Koban Gold Georgian Period With Provenance,39910,56200
Colonial Revolutionary War Musket Recently Conserved,4720,7820
Signed Tonalist Twilight Scene,47980,97470
Hammond B3 Organ Georgian Period,4670,15420
Certified Soapstone Animal Carving c.1860,12760,33610
Indonesian Wayang Puppet Antique,20960,36020
Fine Plaster Maquette Modernist Period,30680,80000
Published Derek Jeter Game Bat Regency Period,19670,50000
Theodolite Surveying Instrument,7310,15000
Matchbox Lesney Collection c.1840,2840,5360
Alfred Stieglitz Equivalent Print Good Condition,11390,30000
Certified Matchbox Lesney Collection Excellent Condition,5640,15000
Exhibited Hooked Rug Floral Design Regency Period,160,250
Outstanding Hawaiian Missionaries Stamp With Certificate,24980,50000
Certified Victorian Garden Bench Iron Edwardian Era,4040,12350
Galle Cameo Glass Vase 18th Century,9660,25000
Documented Mystery Clock Art Deco Empire Period,8000,18000
Remarkable Marklin Tin Train Set Edwardian Era Excellent Condition,6920,15000
Whittled Walking Cane c.1920,7070,9230
Student Lamp Brass Double c.1920 Good Condition,8060,13350
Bobby Orr Signed Stick Post-War,19530,50000
Restored Wax Fruit Under Glass Dome Art Nouveau Period,2250,6970
Original Balloon Clock Edwardian,3220,9420
Unique Macallan 25 Year Single Malt,3180,8320
Published Billiard Cue Antique Inlaid c.1950 As Found,5140,9030
Museum Quality Toulouse-Lautrec Moulin Rouge Poster Georgian Period,3370,9270
Fine Tavern Clock Act of Parliament,5530,18000
Superb Tempera on Panel c.1940 From Private Collection,370,1060
Cappiello Campari Poster Federal Period,5350,12000
Grand Sextant Ebony Frame Late Victorian,3860,10740
Documented Steering Wheel Nardi Wood,1460,3870
Magnificent William & Mary Gatelegged Table c.1930 Estate Fresh,11710,25000
Museum Quality Mercury Dime Full Bands,36620,100000
Maori Carved Tiki Figure c.1840,10120,13270
Choice Bakelite Telephone Rotary,6760,18300
Original Longines Heritage Diver c.1880,3160,8780
Unmatched Digital LED Watch 1970s,36240,66740
Scarce Arts & Crafts Mica Shade Lamp c.1800,1270,1770
Period Carved Stone Gargoyle c.1840,1400,4740
Distinguished Confederate Currency Note Early 20th Century,6070,18900
Delicate Northwest Coast Totem Pole Model c.1970,9860,25220
Historic Cast Iron Garden Urn Pair c.1950 Good Condition,1040,2880
Maxfield Parrish Print Framed Federal Period,1230,3610
Remarkable Vintage Pucci Silk Dress,10710,35000
Vintage 17th Century World Map Belle Epoque As Found,3650,12000
Exhibited Ceramic Raku Sculpture c.1800,31960,80000
Holland & Holland Double Rifle,4610,6260
Matchbox Lesney Collection Art Nouveau Period,4040,10000
Indonesian Wayang Puppet Antique Mid-Century,16190,39650
Hudson River School Landscape Modernist Period,57370,142480
Outstanding Weller Sicard Vase c.1920,11370,23890
Morgan Silver Dollar BU c.1920,11910,33060
Colonial Greek Tetradrachm Early 20th Century,31230,47310
Attributed Imogen Cunningham Magnolia Print Good Condition,6780,11800
Provincial Chinese Cloisonne Vase Late Victorian From Private Collection,17410,33620
Provenance Daum Nancy Pate de Verre Empire Period,3720,5830
Grand Auto Racing Trophy 1960s Post-War Good Condition,470,1050
Scarce Audubon Birds Print c.1950 From Private Collection,5640,15390
Notable Chartreuse VEP Green Mid-Century,2850,9380
Notable Mark Twain Signed Manuscript Page,6700,22100
Dunhill Leather Briefcase Museum Deaccessioned,6760,15670
Attributed Sebastiao Salgado Workers Print Late Victorian Excellent Condition,6520,16090
Fine Postal History Cover Collection c.1910,20910,50000
Choice Spanish American War Poster 18th Century,5250,9840
Berenice Abbott Manhattan Print,3920,13080
Polo Mallet Collection,1810,3860
Indian Head Gold Eagle Art Deco Period,14860,30970
Monumental Hawaiian Missionaries Stamp,18250,50000
Oversized Psychedelic Rock Concert Poster Mid-Century With Certificate,1090,3160
Rare France Ceres Issue c.1930,2720,8080
Rare Penny Bank Mechanical c.1950,7380,14770
Oversized Napoleonic Era Cavalry Saber 18th Century Unrestored,1380,3090
Oversized Vietnamese Ceramic Bowl Unrestored,23630,60000
Matched Cassandre Normandie Poster Early 20th Century,5790,12000
Authentic Antique Fireplace Mantel Marble,5290,7590
Ornate Zuni Fetish Carving Collection 18th Century,9240,18700
Documented Breguet Classique,14990,35630
Original Tempera on Panel Federal Period,22570,63710
Vintage Vienna Regulator Wall Clock c.1940,1480,3650
Attributed Biedermeier Secretaire c.1800,10310,25000
Exquisite Japanese Lacquer Writing Box c.1970,18930,59400
Navajo Chief's Blanket From Private Collection,4900,9150
Remarkable Carved Wood Totem c.1880,3070,10490
Authentic Art Nouveau Opal Pendant,19350,26230
Woodstock Festival Poster c.1780,5970,10460
Select Polaroid SX-70 Camera,14910,30000
Vintage Incunabulum Leaf 1480s c.1910,11820,25350
Estate Dorothea Lange Migrant Mother Print Early 20th Century,3940,5320
Historic Easter Island Moai Replica,360,760
Irving Penn Still Life Print c.1780,4800,14270
Butler's Tray Table c.1820,10040,25000
Planimeter Measuring Instrument,6240,15000
Val Saint Lambert Vase Art Nouveau Period Estate Fresh,2510,7670
Important Tom Brady Signed Football Good Condition,18940,28340
Fine Wilt Chamberlain Jersey c.1880,6510,12290
Oversized Nantucket Lightship Basket Post-War,130,300
Documented Soapstone Animal Carving Edwardian Era,5320,11040
Stumpwork Embroidery Panel c.1880,3710,11370
Important Banjo 5-String Prewar Gibson Art Nouveau Period,26640,57170
Monumental Op Art Optical Illusion Belle Epoque,18560,57530
Galle Cameo Glass Vase Regency Period Museum Deaccessioned,8400,20850
Larry Bird Game Worn Sneakers c.1800 With Certificate,22950,50000
Magnifying Glass Sterling Handle Museum Deaccessioned,6420,15000
Pristine Oil on Canvas Landscape c.1940,34240,58610
Pristine Bobby Orr Signed Stick Regency Period,19010,31670
Continental Quezal Art Glass Shade Belle Epoque,4880,14120
Notable Boulle Marquetry Bracket Clock,8170,25000
Important Hepplewhite Sideboard c.1800,8160,19080
Period Buffalo Nickel Proof Edwardian Era With Provenance,4180,14340
Fine Byzantine Gold Solidus Federal Period,7860,17780
Cartier Silk Scarf Edwardian Era With Certificate,13320,34320
Soviet Constructivist Propaganda Poster Georgian Period,140,400
Chippendale Secretary Desk Edwardian Era,2370,3530
Choice 1985 Sassicaia,11960,23480
Bach Stradivarius Trumpet Arts & Crafts Era With Provenance,20900,27920
Late Surrealist Dreamscape,35800,51800
Silhouette Portrait Collection,6190,11500
Magnificent F. Scott Fitzgerald Signed Copy Late Victorian,19820,45680
Distinguished Nurses Watch Enamel Dial Excellent Condition,37180,85990
Vintage Cartier Watch Federal Period Good Condition,3380,9840
Exquisite Perfin Stamp Collection,840,2370
Choice Fencing Foil Set Antique c.1880,5970,12000
Signed Rookwood Art Pottery Vase Unrestored,8250,23890
Murano Glass Chandelier 12 Arm,5770,11970
Chinese Cash Coin Collection c.1820 Museum Deaccessioned,39100,100000
Superb Oscar Wilde Signed Letter,4070,8630
Diane Arbus Twins Print,7480,21070
Select Lehmann Wind-Up Toy Late Victorian Good Condition,5190,15000
Magnificent Leather Gun Case Victorian c.1780,5620,8670
Castrol Oil Can Collection c.1970,50,160
Christofle Silver Tureen,3520,7900
Magnificent Zuni Fetish Carving Collection Excellent Condition,18180,31200
Monumental Meissen Porcelain Figurine Edwardian Era Museum Deaccessioned,490,1420
Skeleton Mechanical Watch c.1780 As Found,23100,56940
Historic Diego Maradona Signed Shirt,13020,28030
Early Carriage Clock Brass Repeating Regency Period,1390,3490
Hennessy Paradis Imperial,7180,12120
Delicate Stone Abstract Form c.1910,34460,53930
Grand Game Bird Print Set Framed c.1820,5960,12000
Boulle Marquetry Bracket Clock Regency Period,1700,3290
Bernard Leach Charger,17620,35740
Late Acrylic Abstract 19th Century As Found,49160,76480
Unique Ancient Map Folio,24880,41400
Early Garry Winogrand Airport Print Arts & Crafts Era Excellent Condition,1980,5480
Distinguished Cold War Era Spy Camera 18th Century,3420,10860
Ornate Kilim Flatweave Runner 19th Century As Found,4440,7290
Restored Venetian Lattimo Glass Bowl,4150,8920
Pristine Antique Fishing Reel Collection Estate Fresh,4900,12000
Historic GI Joe Prototype Late Victorian,5230,12170
Art Deco Beaded Flapper Dress From Private Collection,11620,32230
Remarkable Surveyor's Transit Brass c.1880 Estate Fresh,900,1520
Mystery Clock Art Deco c.1930,6190,18000
Estate Beatrix Potter First Edition c.1880,1580,5380
Kinetic Metal Sculpture,38610,80000
Provincial Sega Genesis Console Boxed c.1840 Museum Deaccessioned,2150,5770
Rare Stone Abstract Form,34500,66180
Vintage Bottega Veneta Clutch With Provenance,5880,17930
Romanee-Conti Grand Cru 2005 Modernist Period Excellent Condition,1050,2870
Provincial Antique Sapphire Earrings With Provenance,17810,28920
Carriage Clock Brass Repeating,5010,16940
Superb Hamilton Khaki Field Late Victorian Estate Fresh,12440,24820
Museum Quality Plein Air Coastal Scene c.1950,25810,78630
Cricket Bat Signed Vintage,3080,6120
Vintage Robert Mapplethorpe Flower Print,4480,7760
Exquisite Mercator Projection Original Georgian Period From Private Collection,4370,11950
Marine Chronometer Boxed Edwardian Era With Certificate,7540,10280
Colonial Ship's Bell Clock Chelsea,1440,3140
Art Deco Wristwatch 18th Century Good Condition,55450,117700
Unmatched Vintage License Plate Collection Art Nouveau Period,1760,5000
Grueby Faience Tile,1320,4200
Rare Victorian Silver Candelabra Museum Deaccessioned,9990,20000
Federal Period Console 18th Century Museum Deaccessioned,3760,8550
Scrimshaw Whale Tooth Early 20th Century,4270,5740
Exhibited Sterling Silver Cigar Box,8670,20000
Period First Edition Hemingway Novel c.1910 With Provenance,1620,4860
Published WWI Trench Art Vase Good Condition,4230,9540
Ormolu Mounted Marble Urn,100,260
Pembroke Drop-Leaf Table,8430,20020
Pairpoint Puffy Boudoir Lamp c.1940,2050,5910
Remarkable Revolutionary War Musket c.1970 With Certificate,5460,12140
Tiger Woods Tournament Putter Good Condition,5940,16520
Attributed Student Lamp Brass Double,9030,20000
Stradivarius Violin Copy Mid-Century,27050,60000
Rare Reclaimed Church Doors Oak,4330,9740
Exquisite Chopard Alpine Eagle 18th Century Unrestored,30400,51560
Exceptional Vintage Cartier Watch Excellent Condition,21820,69310
Tavern Sign Iron Bracket c.1880,350,1140
Important Indian Brass Temple Bell Arts & Crafts Era,15900,37670
Reclaimed Church Doors Oak Art Nouveau Period Recently Conserved,7380,15000
Stradivarius Violin Copy,22000,46930
Signed Beatles Concert Poster Original,990,3290
Notable French Empire Crystal Chandelier,7380,9770
Restored Herend Figurine Hand Painted,4730,15460
Select Haut-Brion 1989 Arts & Crafts Era As Found,2690,4910
Betty Lamp Iron Colonial Belle Epoque,7200,9680
Calculating Machine Brunsviga c.1960 Estate Fresh,7460,15000
Scarce Art Deco Chrome Floor Lamp Late Victorian Unrestored,6320,16710
Partner's Desk Leather Top Art Nouveau Period,5860,15410
Late Chinese Export Silver Tea Caddy,470,850
Wax Fruit Under Glass Dome c.1940 Estate Fresh,6940,19800
Exquisite Hofner 500/1 Bass Guitar Recently Conserved,7520,11320
Terracotta Statuette,9450,17410
Provincial Greek Tetradrachm,10180,13730
Skeleton Mechanical Watch Art Nouveau Period,36150,99570
Exceptional Tachisme Drip Painting c.1960,29880,63400
Exhibited Chanel Classic Flap Bag 19th Century,1350,3940
Pristine Ming Dynasty Blue White Vase Art Deco Period Estate Fresh,7140,20260
Historic Incunabulum Leaf 1480s Georgian Period Excellent Condition,18790,36060
Choice Ted Williams Signed Photo Belle Epoque,23590,50000
Historic Aneroid Barometer Victorian Regency Period,7450,17920
Late Georgian Tallboy Chest Post-War,10750,25000
Signed Irving Penn Still Life Print c.1900,14650,19970
Rolling Ball Clock Brass Estate Fresh,4000,5270
Exquisite Vintage Gucci Bamboo Bag Art Nouveau Period,4830,14780
Select Gibson Les Paul Standard 1959,12600,28380
Notable Longcase Grandfather Clock,1440,3320
Ornate Steering Wheel Nardi Wood Arts & Crafts Era,1300,4370
Unique Chinese Cloisonne Vase,9260,15120
Superb Cubist Still Life Museum Deaccessioned,11220,28950
Original Hepplewhite Sideboard,11420,16150
Thorens TD-124 Turntable c.1960,4230,13590
Vintage Girard-Perregaux Laureato Unrestored,41440,113090
Unmatched Baccarat Crystal Wine Glasses c.1920 From Private Collection,8140,24740
Original Carriage Clock Brass Repeating Edwardian Era,310,410
Grand Federal Period Console Arts & Crafts Era,6790,20310
Signed Night Clock Oil Lamp Italian c.1780,930,1360
Antique Aboriginal Boomerang Carved,2840,5480
Premier Reclaimed Barn Door,3040,9840
Historic Haut-Brion 1989 c.1880,7300,12140
Vintage Dashboard Clock Jaeger Georgian Period,1620,3000
William & Mary Gatelegged Table c.1970,11380,25000
Superb Kinetic Metal Sculpture Federal Period,24200,61320
Nantucket Lightship Basket c.1960 Recently Conserved,3010,9330
Documented Van Briggle Lorelei Vase Post-War,15700,22530
Museum Quality Hooked Rug Floral Design Unrestored,3080,6750
Select Ship Figurehead Carved,1890,2820
Fine Holland & Holland Double Rifle,1890,3080
Ptolemy Atlas Page Georgian Period From Private Collection,220,290
Greek Tetradrachm Art Nouveau Period,47530,100000
Notable Indian Mughal Miniature Painting,25140,59920
Matched Krug Collection 1988,10480,13830
Carved Coral Cameo Pendant,7260,13410
Remarkable Bessarabian Floral Kilim Museum Deaccessioned,1360,3300
Colonial Antique Brass Car Horn,830,2650
Magnificent Sinumbra Lamp Cut Glass Shade Belle Epoque,8360,20000
Authentic Papua New Guinea Spirit Mask Mid-Century Excellent Condition,16180,29060
Meccano Construction Set Vintage,2020,4660
Matched Confederate States Collection c.1910 Good Condition,20440,30040
Exceptional Tag Heuer Monaco c.1970,41690,83460
Nurses Watch Enamel Dial Arts & Crafts Era,50290,66080
Vintage Silver Mounted Cut Glass Claret Jug Late Victorian,990,3300
Exhibited Ted Williams Signed Photo,9500,16050
Early Chinese Snuff Bottle Jade c.1930,25040,60000
Documented Estate Platinum Band,32500,75000
Exceptional Cold War Era Spy Camera c.1840,5790,20000
Rare Antique Decoy Duck Carved,300,740
Antique Rolex Submariner,54300,116180
Exquisite Compass Surveyor's Brass Mid-Century,5090,14260
Exhibited Civil War Letters Collection c.1920,12770,31660
Mainbocher Evening Dress,6200,15120
Period Richard Avedon Portrait Print c.1820,10500,16290
Exceptional Girandole Mirror Candelabra Mid-Century,4600,6820
Authentic Sinumbra Lamp Cut Glass Shade c.1900,8140,19520
Matched Star Wars Vintage Figures Set Late Victorian,7070,11760
Delicate Codex Fragment Medieval,15980,49350
Certified Marklin Tin Train Set c.1920,3830,9230
Exhibited Saint Louis Crystal Goblet Set,3680,8870
Outstanding Hall Tree Coat Stand 19th Century,7240,14460
Whirligig Carved Sailor Mid-Century,3820,11470
Grand Mercury Barometer Stick Type c.1900,5730,18000
Scarce Watercolor Mountain View c.1880 Good Condition,73550,150000
Indian Mughal Miniature Painting c.1970,15040,43220
Vintage License Plate Collection,2040,3100
Late Chrysoprase Brooch,32800,75000
Exceptional Skeleton Clock Victorian Late Victorian,5590,10630
Select Soviet Constructivist Propaganda Poster,5840,12000
Miniature Tiffany Wisteria Table Lamp Post-War,5460,13920
Mixed Media Collage,49820,73400
Original British Redcoat Uniform Button Collection Arts & Crafts Era,9030,20000
Exhibited Donegal Arts Crafts Carpet c.1880 As Found,190,470
Published Sevres Porcelain Clock Garniture From Private Collection,3460,6370
Superb Mandolin Gibson F-5 Lloyd Loar,5220,9020
Linen Press Walnut c.1920 With Provenance,2840,9740
Provenance Whirligig Carved Sailor c.1880 Recently Conserved,2090,4090
Early Joel Meyerowitz Cape Light Print c.1920,6580,8590
Japanese Tea Ceremony Kettle,23010,44860
Authentic Hooked Rug Floral Design Arts & Crafts Era From Private Collection,5430,7590
Period Incunabulum Leaf 1480s Art Nouveau Period,18880,50000
Outstanding Polynesian Tapa Cloth c.1780 With Provenance,18700,40000
Select Signed Einstein Letter Federal Period,11300,18280
Distinguished Queen Anne Highboy Art Deco Period Recently Conserved,2950,4980
Estate Conn 8D French Horn c.1880,5940,9410
Unique Thai Bronze Buddha Seated Modernist Period,17220,34600
Museum Quality Hans Coper Spade Form Federal Period,8920,21900
Museum Quality Alphonse Mucha Art Nouveau Print c.1900,3290,11420
Delicate Fairy Lamp Clarke's Patent Good Condition,8440,20000
Unique WWII Aviator Leather Jacket c.1960,1060,2510
Blaeu Wall Map c.1910,640,1420
Restored Beatles Concert Poster Original c.1970,4120,12000
Agra Palace Carpet,12400,30000
Reclaimed Stained Glass Window Federal Period Unrestored,630,1640
Magnificent Vintage Ferragamo Pumps Late Victorian,1520,3380
Late Tortoiseshell Tea Caddy Edwardian Era As Found,6530,22630
Inuit Soapstone Carving Edwardian Era Excellent Condition,3920,11760
Unique Wax Fruit Under Glass Dome,7430,24140
Select Delft Tulip Vase c.1840,5240,15370
Bronze Figurine Empire Period,15260,53280
Egg Tempera Still Life,48020,79610
Macintosh 128K Original,7870,24910
Early Retro Ruby Bracelet,6100,17490
Japanese Kimono Silk Vintage Georgian Period,19560,33530
Original Art Deco Illustrated Novel Art Deco Period,20680,29880
Theodolite Surveying Instrument Edwardian Era From Private Collection,3180,10670
Premier Chopard Alpine Eagle 19th Century,19280,63110
Continental Arts Crafts Pewter Vase Regency Period,5000,15100
Antique Currier & Ives Lithograph Edwardian Era,90,250
Late Hot Wheels Redline Collection 18th Century,6750,12200
Important Oushak Wool Carpet With Provenance,4270,9140
Colonial Continental Dollar c.1900 With Certificate,27360,65000
Estate Bidjar Iron Rug Excellent Condition,6670,9680
Unmatched Spanish Doubloon,1260,1910
Pristine Reclaimed Barn Door c.1940 Recently Conserved,4660,13850
Important Dunhill Leather Briefcase c.1840,14620,27060
Vintage Ferragamo Pumps c.1780 Excellent Condition,2570,8080
Soapstone Animal Carving c.1910,5360,18420
Trade Sign Optician Spectacles,5680,18000
Oversized Beadwork Purse Victorian Museum Deaccessioned,2750,5510
Atari Jaguar Console Sealed Mid-Century Museum Deaccessioned,4150,13030
Colonial Indian Mughal Miniature Painting Federal Period,19910,60000
Documented Hudson River School Landscape With Certificate,33280,87810
Hasselblad 500C Camera,2460,3550
Authentic Vintage Neon Beer Sign c.1910,13150,25090
Vietnam War Flight Helmet c.1860,720,1040
Published Betty Lamp Iron Colonial Art Deco Period,2170,5350
Peridot Stud Earrings c.1970,7080,10060
Distinguished Military Field Watch WWII c.1900,6980,15460
Colonial Theodolite Surveying Instrument Edwardian Era Museum Deaccessioned,3990,13380
Provincial Spanish American War Poster Federal Period As Found,7020,13100
Certified Art Deco Silver Cocktail Shaker,4580,9140
Late Color Field Painting Large Empire Period With Provenance,6280,19230
Venetian Lattimo Glass Bowl Art Nouveau Period,12160,23870
Magnificent Chinese Cash Coin Collection Post-War,8380,19960
Remarkable Maori Carved Tiki Figure Empire Period Estate Fresh,14370,40000
Vintage Port Taylor's 1963,5740,14180
Continental Sevres Porcelain Urn Empire Period,650,1860
Vietnamese Ceramic Bowl,29690,57280
Published Chrysoprase Brooch,9790,18360
Published Chronometer Marine Deck,520,1160
Provenance Persian Miniature Manuscript Page Art Deco Period,5350,14840
Select Bernard Leach Charger,3360,10220
Continental Bing Clockwork Boat c.1960,5600,15000
Fine Le Mans Poster Original 1955 Mid-Century,1110,1560
Restored Chinese Cloisonne Vase,16550,36910
Delicate Aboriginal Dot Painting Canvas Mid-Century,18640,29080
Select Reclaimed Church Doors Oak c.1820,2790,5420
Postal History Cover Collection,13800,33920
Antique Atmos Clock Jaeger-LeCoultre 19th Century,6000,8490
Original Japanese Koban Gold c.1840,34670,96660
Girandole Mirror Candelabra,1170,2720
Arts Crafts Pewter Vase,3920,10910
Restored Leica M3 Camera Body Modernist Period With Certificate,4440,9370
Early Barber Dime Collection,26040,71520
Silver Mounted Cut Glass Claret Jug,2860,7850
Period Oris Aquis Date Empire Period Estate Fresh,17620,43410
Select Lafite Rothschild 1959,12190,22780
Vintage Spanish Doubloon Early 20th Century With Certificate,13820,39990
Ptolemy Atlas Page c.1930,1560,4160
Distinguished Inuit Soapstone Carving,19720,31550
Magnificent Currier & Ives Lithograph c.1780 From Private Collection,1920,6250
Distinguished Spain Classic Period Collection c.1920,22380,34220
Boot Scraper Cast Iron Art Deco Period,6830,18000
Hennessy Paradis Imperial Georgian Period From Private Collection,8900,25000
Late Circus Poster Barnum Bailey Belle Epoque,4360,10930
Choice Biedermeier Secretaire As Found,5260,17410
Attributed Ceramic Raku Sculpture c.1960 With Provenance,11800,34580
Colonial Marklin Tin Train Set,4140,13790
Delicate Carved Oak Church Pew c.1800 As Found,3410,10800
Art Deco Travel Poster Paris Arts & Crafts Era,1620,3690
Select Louis XIII Cognac Baccarat Decanter Empire Period,4790,10390
Japanese Lacquer Writing Box,28060,60000
Museum Quality Garry Winogrand Airport Print,13010,30000
Exhibited Kinetic Metal Sculpture,21530,64110
Monumental Cubist Still Life Belle Epoque Unrestored,39910,110350
Persian Tabriz Silk Rug,4110,14240
Provenance Whale Oil Lamp Antique c.1970,7490,18140
Certified Declaration of Independence Broadside,12540,37920
Chronometer Marine Deck c.1880,5270,14490
Notable Globe Celestial Miniature c.1930,2200,3960
Distinguished Concrete Brutalist Form c.1840,7050,18230
Psychedelic Rock Concert Poster Modernist Period,5860,11870
Authentic Diego Maradona Signed Shirt c.1800 With Provenance,17020,28510
Antique Bentley Flying B Mascot,1320,4330
Continental Alexandrite Pendant Empire Period Excellent Condition,22690,60960
Museum Quality Lalique Crystal Bacchantes Vase c.1970 As Found,3790,5690
Select Tanzanite Tennis Bracelet,17550,25250
Select Vintage Croquet Set Complete,5740,12000
Colonial Continental Dollar From Private Collection,22090,75060
Georgian Gold Locket 18th Century,36250,75000
Pristine Globe Celestial Miniature c.1820 Museum Deaccessioned,2060,3750
Continental Mobil Pegasus Neon Sign c.1800 Unrestored,1400,4260
Antique Tudor Black Bay c.1860,55890,109580
Unique Gilt Bronze Candelabra Pair,1420,3920
Easter Island Moai Replica Early 20th Century,13980,22410
Important Tribal Caucasian Kazak Rug Edwardian Era,9230,15980
Miniature Hofner 500/1 Bass Guitar From Private Collection,14840,27520
Porsche Enamel Dealer Sign c.1820,570,1660
Delicate Dutch Marquetry Cabinet Estate Fresh,10540,24380
Vintage Boer War Medal Group c.1900,4690,9950
Exhibited Pre-Prohibition Bourbon Bottle Estate Fresh,1300,3520
Choice Peace Dollar Uncirculated,16130,51760
Certified Vintage Pucci Silk Dress Federal Period,9820,16910
Ancient Greek Hoplite Shield Fragment Art Deco Period With Provenance,8090,20000
Codex Fragment Medieval c.1910,24490,50000
Chinoiserie Lacquer Screen,3140,8680
Important Playmobil First Series Set Recently Conserved,7460,15000
Unique Telegraph Key Brass Antique Art Deco Period,810,1360
Antique Bible Leather Bound,19820,50000
Select Digital LED Watch 1970s,59300,120000
Notable Mdina Glass Paperweight Arts & Crafts Era,2560,4900
Canterbury Magazine Rack,7390,18570
Exceptional 1952 Topps Mickey Mantle Card,13030,31340
Important Sinumbra Lamp Cut Glass Shade,3670,7540
Provincial Agatha Christie Signed First Edition,21840,45650
Notable Dalmore 50 Year Single Malt,2490,3560
Distinguished Emilio Pucci Palazzo Pants Estate Fresh,6280,18620
Victorian Emerald Brooch Federal Period,13920,41570
Miniature French Ormolu Mantel Clock Belle Epoque,5730,8500
Vintage Industrial Factory Pendant,2980,7690
Shooting Stick Silver Collar,5240,12000
Early Confederate Currency Note Art Nouveau Period,32260,82670
Helmut Newton Fashion Print,4730,13470
Museum Quality Pastel Nude Study Unrestored,55310,131100
Whitefriars Tangerine Vase Empire Period Excellent Condition,12030,25000
Miniature Staffordshire Spaniel Pair Belle Epoque,1620,4010
Notable Ansel Adams Yosemite Print 19th Century,10780,18690
Published Yoruba Ibeji Twin Figure c.1840 As Found,10560,35270
Fine Antique Weathervane Copper Arts & Crafts Era,2470,5780
Restored Reclaimed Stained Glass Window,3660,9190
Important Vietnam War Flight Helmet c.1900 Estate Fresh,4950,16380
Ted Williams Signed Photo Art Nouveau Period Unrestored,20030,50000
Signed Stone Abstract Form Modernist Period,9640,31650
Premier Vietnamese Ceramic Bowl Edwardian Era Unrestored,27510,47210
Turkmen Tekke Carpet With Certificate,3580,8840
Multi-Strand Pearl Choker Post-War,16320,44560
Select WWII Enigma Machine Component Early 20th Century,9590,20000
Superb Tiger Woods Tournament Putter Modernist Period,17320,50000
Blaeu Wall Map,5570,12000
Published Papua New Guinea Spirit Mask Excellent Condition,16650,23190
Van Briggle Lorelei Vase c.1970 Unrestored,2680,7820
Thermometer Clinical Antique,5970,10880
Vintage Pocket Watch Gold,38480,90400
Grand Empire Mahogany Bookcase,8640,25000
Exceptional Roseville Sunflower Vase Early 20th Century,15100,32360
Certified Cast Iron Garden Sculpture Art Nouveau Period,39430,80000
Matched Cast Iron Garden Urn Pair As Found,4300,6100
Colonial Antique Sapphire Earrings Recently Conserved,19450,53600
Historic Level Spirit Brass Surveyor Estate Fresh,1540,2950
Grand Revolutionary War Musket,1430,3260
Estate Ansel Adams Yosemite Print c.1900 Recently Conserved,5840,8620
Matched Cricket Bat Signed Vintage,1540,4850
Colonial Bobby Orr Signed Stick Georgian Period,4250,8370
Gouache Street Scene c.1970 Unrestored,10080,28440
Oversized African Bronze Benin Head 18th Century Good Condition,2020,4130
Dom Perignon 1996 c.1860,11520,25000
Pristine Surveyor's Transit Brass c.1820,1160,3730
Documented Byzantine Gold Solidus c.1800,17700,56170
Delicate Carousel Horse Carved Wood c.1970 Excellent Condition,8180,18000
Distinguished Lantern Clock Brass Reproduction c.1780,110,240
Choice Quilt Log Cabin Pattern,3020,10240
Delicate Breitling Navitimer Mid-Century With Certificate,27810,55380
Meccano Construction Set Vintage c.1900,5690,10820
Notable Gandhara Stone Buddha Head Late Victorian,27090,44860
Provenance Tansu Japanese Step Chest c.1940,7350,20000
Vintage Berlin Woolwork Needlepoint c.1970,1810,5940
Certified Japanese Woodblock Print Hokusai Early 20th Century With Certificate,11160,35880
Provenance Sporting Gun Cabinet Oak,5490,12000
Antique Jaguar Leaper Hood Ornament Museum Deaccessioned,650,920
Partner's Desk Leather Top,2290,6190
Matched Alabaster Torso,20150,28030
Outstanding Astrolabe Reproduction,470,780
Notable Carved Wood Totem,23970,53280
Rare Rickenbacker 360 Electric Guitar With Certificate,21930,60000
Oversized Zeppelin Mail Cover Belle Epoque,13970,23970
Welded Steel Abstract,10780,32810
Restored Alfa Romeo Enamel Badge,1570,4010
Grand Penny Bank Mechanical Post-War,2900,8420
Restored Yamaha CFX Concert Grand Piano Art Nouveau Period,3700,5840
Signed Brass Telescope Victorian,3650,10560
Continental Lewis Carroll Alice 1st Ed c.1920 With Certificate,22170,47780
Early Girard-Perregaux Laureato c.1860,41910,120000
Ceramic Raku Sculpture,6260,18540
Serena Williams Match Racket 19th Century,9860,18730
Estate Hydrographic Chart Coastal,2810,8120
Grand Helmut Newton Fashion Print Regency Period Good Condition,8510,25540
Van Briggle Lorelei Vase c.1950,160,490
Antique African Bronze Benin Head,3260,5040
Period KPM Berlin Plaque,6370,8660
Select Polynesian Tapa Cloth c.1900,900,1590
Rare Porcupine Quill Box,7480,10740
Faberge Style Egg Belle Epoque,2300,4500
Scarce Gibson Les Paul Standard 1959,3350,10680
Signed Holland & Holland Double Rifle Late Victorian,370,1130
Film Noir Movie Poster Original c.1930,5400,9320
Pristine Arts Crafts Pewter Vase Art Deco Period Good Condition,9190,17830
Important Lantern Clock Brass Reproduction c.1880,6150,8970
Pillar Clock Biedermeier Late Victorian,1620,3720
Premier Qashqai Tribal Bag With Provenance,2610,5930
Exquisite Citrine Statement Necklace Modernist Period,24480,66390
Estate Barber Dime Collection c.1820,9490,17670
Unique Japanese Meiji Bronze Vase c.1820,25900,55950
Exquisite Lucie Rie Stoneware Bowl c.1920,18320,40000
Estate Vienna Regulator Wall Clock c.1860,4350,13800
Delicate Waterford Crystal Decanter Set Post-War,8490,16700
Georg Jensen Silver Pitcher,5480,14650
Superb Andreas Gursky Rhine II Print Arts & Crafts Era Museum Deaccessioned,14900,30000
Authentic Garry Winogrand Airport Print c.1820 From Private Collection,2860,7220
Authentic Louis XIII Cognac Baccarat Decanter c.1800 With Provenance,7890,20800
Miniature Vacuum Tube Radio Cathedral c.1930,9330,27110
Choice Japanese Ukiyo-e Woodblock Print Art Nouveau Period,4780,12000
Antique Portolan Chart Mediterranean c.1840,890,2160
Colonial Ming Dynasty Blue White Vase c.1860,14650,32630
Superb Penny Black 1840,3370,5300
Boulle Marquetry Bracket Clock c.1860,3070,6910
Vintage Alfred Stieglitz Equivalent Print c.1900,14880,30000
Man Ray Rayograph,1430,2350
Joel Meyerowitz Cape Light Print c.1900,10560,30000
Tanzanite Tennis Bracelet Good Condition,4010,7680
Railroad Map United States 1870 Unrestored,1350,2330
Exhibited Henri Cartier-Bresson Gelatin Print Federal Period,2550,7610
Antique Bidjar Iron Rug c.1900,10410,25850
Pewter Miniature Set c.1910,9060,28870
Star Wars Vintage Figures Set c.1970,4360,14520
Amber Drop Earrings,8510,23420
Tempera on Panel Late Victorian,28470,48620
Attributed Givenchy Audrey Hepburn Dress,7070,18540
Notable Dorothea Lange Migrant Mother Print Late Victorian Museum Deaccessioned,7140,14210
Cookie Board Springerle c.1800,6760,12090
Fine Opus One Vertical Collection,6850,21810
Miniature Wayne Gretzky Rookie Card 18th Century,19830,34740
Cinderella Stamp Album c.1960,14060,26230
Art Deco Automobile Mascot,760,1490
Fine Sundial Pocket Brass,6110,10340
Unique Berenice Abbott Manhattan Print,2680,7880
Unique Atmos Clock Jaeger-LeCoultre c.1970,970,2730
Carved Coral Cameo Pendant Regency Period,35840,75000
Victorian Botanical Atlas c.1860,4720,10080
Exquisite Vacuum Tube Radio Cathedral c.1800,10540,22280
Choice William Eggleston Color Print,10500,18100
Corgi Batmobile Original Box Early 20th Century,6620,12670
Notable Lee Friedlander Street Print,710,970
Magnificent Taxidermy Pheasant Display Arts & Crafts Era,5600,9610
Pristine Sinumbra Lamp Cut Glass Shade c.1840 Good Condition,6640,13670
Derek Jeter Game Bat Art Deco Period Unrestored,12510,36660
Silver Trophy Cup Engraved Arts & Crafts Era,4450,12060
Rolling Ball Clock Brass c.1820 Good Condition,3050,8270
Ornate Watercolor Mountain View c.1930,58520,94080
Exhibited Napoleonic Era Cavalry Saber,5460,13210
Butter Mold Carved Eagle,910,2750
Thai Bronze Buddha Seated 18th Century Good Condition,7430,20160
Art Deco Beaded Flapper Dress c.1920,5010,17430
Choice Hammond B3 Organ,29410,40230
Suzani Embroidered Textile,10140,30000
Exhibited Autoharp Oscar Schmidt Antique Empire Period,21500,60000
Delicate Baccarat Crystal Wine Glasses c.1780,9460,14400
Scarce Spanish Doubloon,41500,100000
Papier Mache Tray Victorian As Found,4330,12300
Published Vienna Regulator Wall Clock,1370,3100
Scarce Inuit Soapstone Carving c.1860,10440,22260
Choice Easter Island Moai Replica c.1840,14750,26930
Provenance Carved Stone Garden Bench c.1880 As Found,3380,7270
Oversized Astronomical Regulator Clock From Private Collection,7460,18000
Game Bird Print Set Framed c.1900,5700,8800
Webb Cameo Glass Vase Estate Fresh,10630,24660
Exceptional Bracket Clock Georgian Ebony Edwardian Era Unrestored,3600,10600
Magnificent Enamel Dial Dress Watch Modernist Period,18780,35940
Colonial Mixed Media Collage,63820,124070
Sea Chart Dutch Golden Age c.1910 Unrestored,3520,5090
Early Breitling Navitimer Post-War,49020,120000
Exquisite Antique Wrought Iron Chandelier Recently Conserved,3040,4040
Unique Depression Glass Collection Georgian Period,730,1250
Lehmann Wind-Up Toy Unrestored,4060,12500
Provincial Stumpwork Embroidery Panel,11440,24140
Provincial Olympic Gold Medal Replica As Found,1780,3110
Ornate Alphonse Mucha Art Nouveau Print Unrestored,210,730
Rushlight Holder Iron Art Deco Period Excellent Condition,2310,5640
Restored Japanese Meiji Bronze Vase Late Victorian Recently Conserved,12180,27170
Carnival Glass Punch Bowl Set,7940,25000
Beadwork Purse Victorian c.1970,4630,13300
Grand Opus One Vertical Collection,9880,22470
Delicate Boot Scraper Cast Iron,8890,16000
Exquisite China Red Revenue Stamp c.1960,23280,50000
Published Transformers G1 Optimus Prime c.1820,320,820
Period Watercolor Mountain View,48610,142290
Notable Lead Garden Cistern Georgian c.1910,5100,10000
Delicate Chrysoprase Brooch Post-War,16370,44960
Hermes Kelly Bag Georgian Period Good Condition,6240,18980
Published Alabaster Torso With Certificate,21720,37110
Oversized Fencing Foil Set Antique,4660,6910
Seiko Grand Seiko Spring Drive With Provenance,26290,63110
Certified Art Deco Silver Cocktail Shaker 19th Century From Private Collection,1770,3930
Premier Maserati Trident Badge Collection Art Deco Period From Private Collection,1010,2290
Signed Equestrian Saddle Vintage English Excellent Condition,2500,7040
Important Cheval Mirror Mahogany Post-War Museum Deaccessioned,11320,22260
Late Chinese Tang Dynasty Mirror As Found,9700,25630
Astronomical Regulator Clock c.1950,6580,12930
Olmec Jade Mask Fragment c.1780,15900,30230
Continental Peace Dollar Uncirculated,34250,89980
Signed Givenchy Audrey Hepburn Dress,910,2870
Rare Sevres Porcelain Urn Art Nouveau Period,3630,12550
Remarkable Cartier Silk Scarf,16140,34190
Imogen Cunningham Magnolia Print Regency Period,10870,30000
Planimeter Measuring Instrument From Private Collection,490,1000
Estate Painted Fireboard Scene Mid-Century,3770,13170
American Coin Silver Spoons c.1960 From Private Collection,6850,11180
Marine Chronometer Boxed,6700,18000
Documented Penfolds Grange 1971 Early 20th Century Excellent Condition,6300,13240
Matched Panerai Luminor Marina With Certificate,45850,120000
Apothecary Scale Marble Base Arts & Crafts Era,7170,11310
Period Thai Bronze Buddha Seated 18th Century,25740,46140
Amber Drop Earrings c.1950 Estate Fresh,24220,58620
Distinguished Pop Art Screen Print,72220,150000
Signed Sailor Valentine Shell Art,3200,6170
Miniature Yamaha CFX Concert Grand Piano,7700,26560
Vacheron Constantin Patrimony c.1800,11480,32280
Reclaimed Church Doors Oak,2430,6370
Fine Carved Coral Cameo Pendant,7900,21330
Toulouse-Lautrec Moulin Rouge Poster c.1860,4810,10890
Hair Art Memorial Wreath,12080,25000
Scarce Nintendo Entertainment System Boxed,11590,30000
Signed Antique Van Cleef Bracelet From Private Collection,32560,46190
Remarkable Seated Liberty Half Dollar,33140,97350
Japanese Koban Gold From Private Collection,26120,63000
Exquisite US Airmail Stamp Collection Late Victorian,8880,19230
Fine Babe Ruth Signed Baseball c.1780,24800,41590
Unique Post-Impressionist Cityscape c.1970,72500,150000
Delicate Ptolemy Atlas Page,3030,7800
Exceptional Orrefors Crystal Vase Signed Estate Fresh,9590,13890
Fine Nantucket Lightship Basket,4920,14740
Ashcan School Street Scene,32290,53580
Matched Cape of Good Hope Triangular With Certificate,12610,38790
Exhibited Morganite Engagement Ring c.1940 Unrestored,35250,75000
Moonstone Cocktail Ring With Certificate,8900,23350
Scarce Buffalo Nickel Proof,22290,50010
Remarkable Super Bowl I Program c.1780 Estate Fresh,5750,18970
Signed Vintage Ray-Ban Aviators Art Deco Period,15440,35000
Cheval Blanc 1947 Belle Epoque,5900,20560
Restored Queen Anne Highboy c.1930 Good Condition,11680,25000
Provenance Darwin Origin of Species 1st Ed,19220,50000
Provincial Balenciaga Couture Gown,12400,35000
Authentic Woodstock Festival Poster c.1960,700,1180
Jade Carving Art Deco Period,37520,63680
Documented Art Nouveau Bronze Table Lamp,5670,18320
Nintendo Entertainment System Boxed From Private Collection,11820,19330
Exceptional Sardonyx Intaglio Ring c.1900,25360,36180
Tudor Black Bay,59340,84800
Published Cricket Bat Signed Vintage c.1820,3210,6240
Rare Lehmann Wind-Up Toy Art Deco Period,120,390
Shaker Oval Box Nested Set Early 20th Century,7500,15480
Tiffany Wisteria Table Lamp Art Nouveau Period With Provenance,2340,3730
Holland & Holland Double Rifle Regency Period Museum Deaccessioned,4070,12000
Estate Slide Rule Collection c.1920,10640,20500
Renaissance Madonna Regency Period From Private Collection,23030,77690
Macallan 25 Year Single Malt c.1880,12180,25000
Late Vintage Cartier Watch Georgian Period,17720,59060
Corbel Carved Wood Victorian c.1940,1890,5180
Exquisite Aneroid Barometer Victorian c.1930,1470,3760
Provincial Slide Rule Collection Post-War,10570,30000
Lewis Carroll Alice 1st Ed Modernist Period,1190,3440
Pristine Beatles Concert Poster Original,4080,5750
Magnificent Art Nouveau Bronze Table Lamp 19th Century,8770,14590
Oversized Sterling Silver Cigar Box Edwardian Era,6970,12300
Historic Vintage Tube Amplifier Mid-Century,14090,30000
Magnificent Audubon Birds Print,7050,12740
Continental Beadwork Purse Victorian,6340,20820
Orrery Planetary Model c.1820,3130,6470
Signed Bottega Veneta Clutch,8770,14370
Museum Quality Decoy Shorebird Carved Georgian Period,620,910
Exquisite Haida Argillite Carving,8510,27540
Czech Art Glass Sculpture Regency Period Excellent Condition,4270,8680
Unmatched Ship's Bell Clock Chelsea Late Victorian From Private Collection,2430,8250
Exceptional Jaguar Leaper Hood Ornament,1280,2490
Antique Audubon Birds Print Modernist Period,22390,30940
Authentic Marklin Tin Train Set c.1840,6410,15000
Magnificent Pairpoint Puffy Boudoir Lamp,5380,11980
Outstanding Tiffany Dragonfly Table Lamp,5820,20000
Pre-Prohibition Bourbon Bottle,8870,25000
Monumental Carved Coral Cameo Pendant Art Deco Period,15440,30740
Martin D-28 Acoustic Guitar,8560,17550
Continental Olympic Games Stamp Collection c.1840,6660,19480
Georgian Silver Tea Set c.1860,5360,17140
Colonial Antique Weathervane Copper From Private Collection,5370,7860
Superb Pointillist Seascape,51240,136830
Notable Chronometer Deck Watch Naval,34650,99420
Antique Weathervane Copper Edwardian Era,3050,5110
Antique LEGO Castle Set Vintage c.1920,2820,9240
Choice Tiffany Dragonfly Table Lamp Belle Epoque,6410,11180
Zither Concert Model Antique,19420,60000
Authentic Partner's Desk Leather Top c.1940 Unrestored,3550,7540
Pristine Victorian Cast Iron Gate Recently Conserved,6500,8560
Windsor Writing Arm Chair,5770,10080
Late Whitefriars Tangerine Vase c.1960 Unrestored,8120,21980
Premier Art Exhibition Poster Picasso,2050,2910
Ortelius Theatrum Orbis Page,5180,12000
Important Korean War Dog Tags c.1960,3830,6440
Pristine Japan Cherry Blossom Issue Empire Period,14330,44110
Exquisite Chinoiserie Lacquer Screen,3710,10250
Select Barber Dime Collection,18650,63960
Original Hamilton Khaki Field,51470,120000
Colonial Vintage Ray-Ban Aviators,8870,13840
Rare First Day Cover Collection,19580,50000
Ptolemy Atlas Page,710,2240
Matched JBL Paragon Speaker System,8330,18960
Certified 1913 Liberty Head Nickel,40990,97990
Sundial Pocket Brass Regency Period Unrestored,5090,15000
Trestle Refectory Table Museum Deaccessioned,5990,12060
Important Ceramic Raku Sculpture,32530,80000
Exhibited Social Realist Mural Study c.1910,38690,99690
Remarkable Man Ray Rayograph Art Deco Period,12820,20630
Norman Rockwell Saturday Evening Post c.1970 Recently Conserved,3980,6680
Period Hammond B3 Organ Arts & Crafts Era With Certificate,20340,56500
Premier Audubon Birds Print,10710,34270
Scarce Drafting Instrument Set Cased Excellent Condition,950,2540
Fine Kilim Flatweave Runner Modernist Period With Provenance,3340,6220
Restored Vernis Martin Vitrine Display Case Mid-Century From Private Collection,3720,12250
Late Vietnam War Flight Helmet,5090,11620
Omega Speedmaster Moonwatch,18450,42770
Original Multi-Strand Pearl Choker c.1800,20580,27770
Pristine Turquoise Silver Cuff Good Condition,31140,56790
Original Circus Poster Barnum Bailey Museum Deaccessioned,5530,12000
Documented Thermometer Clinical Antique,3210,4650
Superb Arts & Crafts Oak Settle,6590,20010
Aboriginal Dot Painting Canvas 19th Century,14120,24640
Vernis Martin Vitrine Display Case Late Victorian,8780,25000
Superb First Edition Hemingway Novel Georgian Period,18040,27430
Continental Le Mans Poster Original 1955 c.1800,80,170
Exceptional Magnifying Glass Sterling Handle c.1900,2920,6540
Baccarat Crystal Wine Glasses,4880,9860
Curta Calculator Type II,14200,25190
Civil War Battlefield Map Regency Period Estate Fresh,4090,11860
Exquisite Carved Stone Gargoyle,1460,2480
Marble Bust c.1860 Museum Deaccessioned,29380,80000
Rare Dulcimer Appalachian Mountain c.1800,1880,3200
Marklin Tin Train Set,5150,11700
Pietra Dura Inlay Table Top,5980,8670
Documented Ortelius Theatrum Orbis Page Arts & Crafts Era,1970,4340
Published Multi-Strand Pearl Choker With Certificate,18950,57100
Rare Canterbury Magazine Rack,3350,6330
Chess Set Staunton Weighted,4700,12000
Pairpoint Puffy Boudoir Lamp Early 20th Century,1730,5590
Korean War Dog Tags Federal Period Estate Fresh,9820,20000
Certified Whitefriars Tangerine Vase c.1960 With Provenance,5540,17610
Regulator Dial Wristwatch Edwardian Era,2140,7230
Historic Art Nouveau Opal Pendant Georgian Period,20630,57990
Period Morganite Engagement Ring Art Deco Period Unrestored,31480,75000
Historic Concertina Wheatstone English,29570,60000
Peace Dollar Uncirculated,11020,29020
Period Cassandre Normandie Poster c.1920,1060,2000
Grand Copper Patina Sculpture,37330,80000
Antique Atmos Clock Jaeger-LeCoultre Art Deco Period,480,890
Documented Spain Classic Period Collection c.1860,19780,50000
Late Conn 8D French Horn Modernist Period With Provenance,6740,22610
Fine Postal History Cover Collection c.1800,15920,44050
Stephen Shore Uncommon Places 18th Century,2290,4260
Estate Art Deco Diamond Ring 18th Century Estate Fresh,30930,75000
Victorian Gas Wall Sconce Pair Federal Period Excellent Condition,8450,20000
Unique Barbie #1 Original 1959 Modernist Period Good Condition,1130,2600
Superb Original Ferrari Owners Manual,1660,2220
Delicate Civil War Letters Collection c.1940 Estate Fresh,10060,15080
Superb Northwest Coast Totem Pole Model,3520,9390
Delicate Waterford Crystal Decanter Set Arts & Crafts Era As Found,5100,8940
Museum Quality JBL Paragon Speaker System c.1970 As Found,2760,8220
Provenance Circus Poster Barnum Bailey Mid-Century Estate Fresh,4960,12000
Monumental Balloon Clock Edwardian Post-War With Provenance,6520,12800
Provenance Atmos Clock Jaeger-LeCoultre,8010,18000
Matched Tiffany Sterling Flatware Set Edwardian Era As Found,4720,10420
Remarkable Stainless Steel Modern Piece,25880,80000
Outstanding Shell Oil Porcelain Sign As Found,1700,5000
Distinguished Vintage Armagnac 1893 Mid-Century Good Condition,5800,18840
Superb Chronometer Deck Watch Naval c.1940,52460,120000
Unmatched Virginia Woolf First Edition c.1950,13590,32790
Billiard Cue Antique Inlaid Georgian Period As Found,4600,7660
Colonial Chronometer Marine Deck c.1920,1110,2360
Exhibited Georgian Silver Candlestick Pair,5400,11680
Continental Signed Dickens Volume Regency Period Excellent Condition,12630,26850
Attributed George Ohr Puzzle Mug As Found,16540,40000
Exquisite Zulu War Assegai Spear Arts & Crafts Era,2830,7690
Authentic Ortelius Theatrum Orbis Page Art Deco Period,3130,9620
Signed Sand Cast Bronze Relief Recently Conserved,16310,55410
Ornate Compass Surveyor's Brass c.1800,4430,11960
Majolica Garden Seat 19th Century,9280,25600
Published Inuit Soapstone Carving,18310,40000
Ornate Globe Celestial Miniature,6670,15000
Notable Boxing Gloves Vintage Leather,2150,3050
Virginia Woolf First Edition,19190,50000
Published Newel Post Cap Bronze,3350,10460
Provincial Tolkien Hobbit 1st Ed c.1970,8970,31070
Bobby Orr Signed Stick Art Deco Period Good Condition,14280,26210
Telegraph Key Brass Antique,6800,13920
Pristine Muhammad Ali Fight Poster,2250,7480
Rare Valentino Couture Cape,4000,13900
Vintage Lanvin Art Deco Evening Bag c.1880,5810,19490
Unmatched Bach Stradivarius Trumpet Georgian Period,28360,47500
Daum Nancy Pate de Verre c.1900,5010,16240
Period Chinese Snuff Bottle Jade Unrestored,19990,60000
Authentic Theorem Painting on Velvet,5320,11730
Unmatched Haut-Brion 1989 Early 20th Century From Private Collection,440,1300
Wayne Gretzky Rookie Card,17830,37980
Remarkable Drafting Instrument Set Cased Empire Period,140,350
Notable Calculating Machine Brunsviga,1380,4530
Signed Imogen Cunningham Magnolia Print c.1860,11230,30000
Choice Teddy Ruxpin Working Empire Period Unrestored,5030,8540
Chinese Snuff Bottle Jade,14000,39470
Pristine Boxing Gloves Vintage Leather Post-War With Certificate,4120,5970
Delicate Tiffany Sterling Flatware Set c.1800,8760,15240
Certified Arts Crafts Pewter Vase Regency Period Excellent Condition,9700,20000
Choice 1913 Liberty Head Nickel With Certificate,6190,14070
Scarce Buffalo Nickel Proof Federal Period,1970,3420
Lafite Rothschild 1959 c.1840,830,1220
Ornate Robert Mapplethorpe Flower Print,14540,21730
Unique Fauvism Floral Study,9760,17490
Choice Standing Liberty Quarter Post-War,20700,30720
Martin D-28 Acoustic Guitar Good Condition,29270,60000
Notable Spain Classic Period Collection With Provenance,12920,18730
Corgi Batmobile Original Box As Found,2240,7220
Provincial Star Wars Vintage Figures Set Excellent Condition,6900,12930
Scarce Madame Gres Draped Gown c.1840 From Private Collection,5100,12680
Delicate Playmobil First Series Set With Certificate,3680,10270
Louis XV Bergere Chair,1350,3350
Fairy Lamp Clarke's Patent c.1840,5290,14400
Delicate McIntosh MC275 Amplifier From Private Collection,9770,16490
Faberge Style Egg c.1940,1120,3660
Continental Silhouette Portrait Collection,4160,13540
Regency Silver Sauce Boat,7320,20000
Remarkable Art Deco Figurative Painting Georgian Period With Provenance,7490,15920
Antique McIntosh MC275 Amplifier c.1950 With Provenance,14750,20450
Original Sheffield Plate Epergne Regency Period,9020,16820
Colonial Conn 8D French Horn Georgian Period,8210,27320
Superb Papier Mache Tray Victorian,5420,16980
Serena Williams Match Racket Federal Period,9860,33450
Steinway Model B Grand Piano 19th Century Unrestored,12710,24820
Superb Native American Kachina Doll,16880,24580
Unique Corgi Batmobile Original Box c.1920,3500,8120
Carved Stone Gargoyle,7000,15000
Attributed Falklands War Memorabilia Group c.1860 Good Condition,2180,3880
Provincial Level Spirit Brass Surveyor c.1820,5460,15000
Oversized Penfolds Grange 1971 19th Century,11540,25000
Wire Mesh Figure c.1920 Museum Deaccessioned,37010,80000
Exquisite Painted Fireboard Scene,7070,16760
Original Peace Dollar Uncirculated,25060,58260
Antique Standing Liberty Quarter,10800,18730
Antique Indian Head Gold Eagle,2280,7670
Premier Fauvism Floral Study c.1940,50290,96620
Provincial Haut-Brion 1989 c.1930 Estate Fresh,1200,3950
Oversized Circus Poster Barnum Bailey c.1880,5430,9940
Vintage Cinderella Stamp Album c.1970,15070,36760
Restored Emily Dickinson Manuscript,20460,50000
Dorothea Lange Migrant Mother Print c.1900,1820,5970
Architectural Salvage Column Pair Georgian Period Recently Conserved,4860,6890
Antique Breguet Classique,29320,62640
Provenance Nintendo Entertainment System Boxed Post-War,7420,25550
Soumak Flatweave Bag c.1970 From Private Collection,4590,12390
Illuminated Medieval Psalter,17130,40530
Crimean War Medal Art Deco Period,950,2850
Select Carriage Clock Brass Repeating From Private Collection,7060,13230
Nintendo Entertainment System Boxed c.1800,14040,25270
Period Theorem Painting on Velvet Art Nouveau Period,990,2070
Original Hans Coper Spade Form,16840,40000
Le Mans Poster Original 1955,240,400
Walker Evans FSA Print,7540,10980
Unmatched Vintage Tube Amplifier c.1910,750,1070
Concrete Brutalist Form Art Nouveau Period As Found,15200,39400
Unmatched Hammond B3 Organ Excellent Condition,22720,60000
Grand Cartier Silk Scarf c.1920,7570,15350
Vintage Compass Surveyor's Brass Mid-Century Excellent Condition,6940,14450
Restored Indian Head Gold Eagle Early 20th Century,36980,92160
Estate Playmobil First Series Set Georgian Period,830,2840
Globe Celestial Miniature c.1820 Estate Fresh,3430,7380
Period Oscar Wilde Signed Letter,23210,50000
Published Leather Gun Case Victorian Mid-Century,3350,7860
Provincial Antique Wrought Iron Chandelier c.1910,4040,12290
Seated Liberty Half Dollar Art Nouveau Period Good Condition,40140,88160
Tom Brady Signed Football Art Deco Period As Found,8670,12220
Playmobil First Series Set c.1920 Recently Conserved,7300,15000
Stone Lion Garden Statue Pair c.1960,1980,2720
Watercolor Mountain View Federal Period As Found,15060,44920
Limoges Enamel Box Collection Art Deco Period Excellent Condition,3880,8170
Documented WPA Federal Art Project Poster,3820,12000
Superb Zuni Fetish Carving Collection c.1880,19260,40000
Premier Hair Art Memorial Wreath c.1930,9290,25000
Colonial Hooked Rug Floral Design Arts & Crafts Era,2080,3480
Pristine Bouillotte Lamp Brass French,4310,13980
Monumental Grueby Faience Tile c.1900,5230,8200
Original GI Joe Prototype Good Condition,5090,15000
Decoy Shorebird Carved c.1900,4280,9360
Miniature Whitefriars Tangerine Vase Georgian Period,8770,20420
Atari Jaguar Console Sealed Modernist Period,4770,6360
Documented Kobe Bryant Rookie Card Recently Conserved,1320,3960
Art Nouveau Display Cabinet,5870,19000
Notable Panoramic City View Lithograph Empire Period,320,880
Important Sebastiao Salgado Workers Print With Provenance,10670,30000
Pristine Berlin Woolwork Needlepoint c.1910,9610,12510
Distinguished Jaguar Leaper Hood Ornament c.1960,1400,3470
Exceptional Maxfield Parrish Print Framed,1690,3300
Exquisite Carved Wood Totem,12320,19510
Retro Ruby Bracelet,10690,26570
Unmatched Theremin RCA Original Edwardian Era With Certificate,21330,33850
Papier Mache Tray Victorian Empire Period,3690,6240
Rare Jaguar Leaper Hood Ornament c.1840,1910,4760
Unmatched Limestone Garden Balustrade c.1840,870,1880
WWII German Binoculars,2270,4900
Estate Vintage Rolls Royce Hood Ornament Mid-Century,1760,4500
French Empire Crystal Chandelier c.1920,8450,20000
Byzantine Gold Solidus,42740,59340
Pristine Shaker Oval Box Nested Set Post-War,8170,18000
Choice Oris Aquis Date,41480,72150
Christian Dior Bar Suit c.1960 As Found,12110,35000
Restored Buffalo Nickel Proof c.1930,39280,73220
Continental Spanish Doubloon,11810,35570
Signed Burmese Lacquerware Box,23620,40180
Rare Alphonse Mucha Art Nouveau Print,1640,3690
Art Exhibition Poster Picasso Edwardian Era,4370,11090
Val Saint Lambert Vase c.1940,10230,25000
Cassandre Normandie Poster 18th Century,2440,3280
Exquisite Maxfield Parrish Print Framed Federal Period,1680,2210
Attributed Pan Am Airlines Poster 1960s Unrestored,2680,8070
Brass Telescope Victorian c.1920,3600,11410
Distinguished Tortoiseshell Tea Caddy Unrestored,4730,11900
Oversized Easter Island Moai Replica c.1860,13440,33340
Pristine Georg Jensen Silver Pitcher,6770,20000
Remarkable Regency Dining Table As Found,5110,17450
Scarce Hermes Birkin Bag c.1930,12300,34990
Signed Chess Set Staunton Weighted,4120,9590
Matched Vintage Armagnac 1893 Georgian Period,7600,13680
Important Napoleonic Era Cavalry Saber,4350,11340
Ornate Ansel Adams Yosemite Print As Found,4190,14340
Scarce Val Saint Lambert Vase,10790,25000
Scarce Argand Lamp Silver Plated,4760,11400
Roman Legionary Helmet Replica c.1970,9950,20000
Ornate Art Deco Wristwatch c.1930 With Provenance,17620,48710
Superb Oil on Canvas Landscape c.1940,41220,97270
Matched Andreas Gursky Rhine II Print c.1910,10090,25350
Grand Partner's Desk Leather Top,8830,17270
Georgian Silver Tea Set Good Condition,6820,12980
Outstanding Miniature Portrait on Ivory c.1920 Recently Conserved,3360,6760
Playmobil First Series Set,3980,13750
Vintage Michelin Man Figure c.1940 With Provenance,2410,5000
Unique Antique Fishing Reel Collection,2220,6060
Important Tiffany Favrile Glass Vase As Found,11320,20360
Vietnam War Flight Helmet,6070,15160
Restored 1804 Draped Bust Dollar,20480,61990
Published Chopard Diamond Earrings Modernist Period,37040,75000
Superb Alphonse Mucha Art Nouveau Print c.1860,4630,7480
Exquisite Decoy Shorebird Carved c.1820,8230,16160
Original Georg Jensen Silver Pitcher,820,2450
Secretariat Derby Photo c.1820,22050,50000
Outstanding Girandole Mirror Candelabra,8960,20000
Unmatched Kilim Flatweave Runner Art Deco Period,10670,21220
Continental Shooting Stick Silver Collar,730,1140
Purdey Side by Side Shotgun c.1920,5630,12000
Delicate Samurai Armor Partial Set As Found,4230,14810
Crimean War Medal From Private Collection,7770,20000
Luminist Harbor View c.1910 With Provenance,22870,52990
Victorian Gas Wall Sconce Pair c.1900 With Provenance,2960,4120
Outstanding Star Wars Vintage Figures Set,6280,15000
Cast Iron Garden Urn Pair c.1780,5640,15000
Scarce Cigar Store Indian Figure,3630,9550
Exceptional Daum Nancy Pate de Verre With Provenance,7960,24680
Antique Audubon Birds Print c.1970,22150,50000
Pairpoint Puffy Boudoir Lamp,2890,7590
Miniature Kosta Boda Art Glass Bowl c.1920,9930,17350
Choice Onyx Decorative Figure Estate Fresh,10120,19690
Grand Walt Whitman Leaves of Grass 1st Ed c.1950 From Private Collection,10550,20670
Early Incunabulum Leaf 1480s,4980,11620
Monumental Haida Argillite Carving c.1970,18740,40000
Ornate Sheffield Plate Epergne c.1840,1940,6620
Distinguished Shell Art Valentine Box Empire Period,5090,11030
Berlin Woolwork Needlepoint c.1780,12020,25000
